cohort_month,order_month,months_since_first_order,active_customers,cohort_size,retention_rate_pct
2024-01-01 00:00:00,2024-01-01 00:00:00,0,563,563,100.0
2024-01-01 00:00:00,2024-02-01 00:00:00,1,88,563,15.63
2024-01-01 00:00:00,2024-03-01 00:00:00,2,94,563,16.7
2024-01-01 00:00:00,2024-04-01 00:00:00,3,87,563,15.45
2024-01-01 00:00:00,2024-05-01 00:00:00,4,91,563,16.16
2024-01-01 00:00:00,2024-06-01 00:00:00,5,92,563,16.34
2024-01-01 00:00:00,2024-07-01 00:00:00,6,72,563,12.79
2024-01-01 00:00:00,2024-08-01 00:00:00,7,85,563,15.1
2024-01-01 00:00:00,2024-09-01 00:00:00,8,96,563,17.05
2024-01-01 00:00:00,2024-10-01 00:00:00,9,98,563,17.41
2024-01-01 00:00:00,2024-11-01 00:00:00,10,142,563,25.22
2024-01-01 00:00:00,2024-12-01 00:00:00,11,158,563,28.06
2024-01-01 00:00:00,2025-01-01 00:00:00,12,98,563,17.41
2024-01-01 00:00:00,2025-02-01 00:00:00,13,108,563,19.18
2024-01-01 00:00:00,2025-03-01 00:00:00,14,121,563,21.49
2024-01-01 00:00:00,2025-04-01 00:00:00,15,119,563,21.14
2024-01-01 00:00:00,2025-05-01 00:00:00,16,113,563,20.07
2024-01-01 00:00:00,2025-06-01 00:00:00,17,99,563,17.58
2024-01-01 00:00:00,2025-07-01 00:00:00,18,82,563,14.56
2024-01-01 00:00:00,2025-08-01 00:00:00,19,91,563,16.16
2024-01-01 00:00:00,2025-09-01 00:00:00,20,94,563,16.7
2024-01-01 00:00:00,2025-10-01 00:00:00,21,111,563,19.72
2024-01-01 00:00:00,2025-11-01 00:00:00,22,164,563,29.13
2024-01-01 00:00:00,2025-12-01 00:00:00,23,189,563,33.57
2024-02-01 00:00:00,2024-02-01 00:00:00,0,501,501,100.0
2024-02-01 00:00:00,2024-03-01 00:00:00,1,85,501,16.97
2024-02-01 00:00:00,2024-04-01 00:00:00,2,91,501,18.16
2024-02-01 00:00:00,2024-05-01 00:00:00,3,87,501,17.37
2024-02-01 00:00:00,2024-06-01 00:00:00,4,68,501,13.57
2024-02-01 00:00:00,2024-07-01 00:00:00,5,56,501,11.18
2024-02-01 00:00:00,2024-08-01 00:00:00,6,61,501,12.18
2024-02-01 00:00:00,2024-09-01 00:00:00,7,90,501,17.96
2024-02-01 00:00:00,2024-10-01 00:00:00,8,81,501,16.17
2024-02-01 00:00:00,2024-11-01 00:00:00,9,140,501,27.94
2024-02-01 00:00:00,2024-12-01 00:00:00,10,149,501,29.74
2024-02-01 00:00:00,2025-01-01 00:00:00,11,78,501,15.57
2024-02-01 00:00:00,2025-02-01 00:00:00,12,83,501,16.57
2024-02-01 00:00:00,2025-03-01 00:00:00,13,122,501,24.35
2024-02-01 00:00:00,2025-04-01 00:00:00,14,89,501,17.76
2024-02-01 00:00:00,2025-05-01 00:00:00,15,81,501,16.17
2024-02-01 00:00:00,2025-06-01 00:00:00,16,82,501,16.37
2024-02-01 00:00:00,2025-07-01 00:00:00,17,77,501,15.37
2024-02-01 00:00:00,2025-08-01 00:00:00,18,72,501,14.37
2024-02-01 00:00:00,2025-09-01 00:00:00,19,94,501,18.76
2024-02-01 00:00:00,2025-10-01 00:00:00,20,119,501,23.75
2024-02-01 00:00:00,2025-11-01 00:00:00,21,150,501,29.94
2024-02-01 00:00:00,2025-12-01 00:00:00,22,165,501,32.93
2024-03-01 00:00:00,2024-03-01 00:00:00,0,443,443,100.0
2024-03-01 00:00:00,2024-04-01 00:00:00,1,79,443,17.83
2024-03-01 00:00:00,2024-05-01 00:00:00,2,73,443,16.48
2024-03-01 00:00:00,2024-06-01 00:00:00,3,66,443,14.9
2024-03-01 00:00:00,2024-07-01 00:00:00,4,59,443,13.32
2024-03-01 00:00:00,2024-08-01 00:00:00,5,65,443,14.67
2024-03-01 00:00:00,2024-09-01 00:00:00,6,77,443,17.38
2024-03-01 00:00:00,2024-10-01 00:00:00,7,74,443,16.7
2024-03-01 00:00:00,2024-11-01 00:00:00,8,122,443,27.54
2024-03-01 00:00:00,2024-12-01 00:00:00,9,130,443,29.35
2024-03-01 00:00:00,2025-01-01 00:00:00,10,73,443,16.48
2024-03-01 00:00:00,2025-02-01 00:00:00,11,77,443,17.38
2024-03-01 00:00:00,2025-03-01 00:00:00,12,98,443,22.12
2024-03-01 00:00:00,2025-04-01 00:00:00,13,76,443,17.16
2024-03-01 00:00:00,2025-05-01 00:00:00,14,87,443,19.64
2024-03-01 00:00:00,2025-06-01 00:00:00,15,90,443,20.32
2024-03-01 00:00:00,2025-07-01 00:00:00,16,74,443,16.7
2024-03-01 00:00:00,2025-08-01 00:00:00,17,87,443,19.64
2024-03-01 00:00:00,2025-09-01 00:00:00,18,85,443,19.19
2024-03-01 00:00:00,2025-10-01 00:00:00,19,98,443,22.12
2024-03-01 00:00:00,2025-11-01 00:00:00,20,128,443,28.89
2024-03-01 00:00:00,2025-12-01 00:00:00,21,146,443,32.96
2024-04-01 00:00:00,2024-04-01 00:00:00,0,382,382,100.0
2024-04-01 00:00:00,2024-05-01 00:00:00,1,61,382,15.97
2024-04-01 00:00:00,2024-06-01 00:00:00,2,45,382,11.78
2024-04-01 00:00:00,2024-07-01 00:00:00,3,44,382,11.52
2024-04-01 00:00:00,2024-08-01 00:00:00,4,66,382,17.28
2024-04-01 00:00:00,2024-09-01 00:00:00,5,66,382,17.28
2024-04-01 00:00:00,2024-10-01 00:00:00,6,63,382,16.49
2024-04-01 00:00:00,2024-11-01 00:00:00,7,93,382,24.35
2024-04-01 00:00:00,2024-12-01 00:00:00,8,123,382,32.2
2024-04-01 00:00:00,2025-01-01 00:00:00,9,51,382,13.35
2024-04-01 00:00:00,2025-02-01 00:00:00,10,65,382,17.02
2024-04-01 00:00:00,2025-03-01 00:00:00,11,90,382,23.56
2024-04-01 00:00:00,2025-04-01 00:00:00,12,68,382,17.8
2024-04-01 00:00:00,2025-05-01 00:00:00,13,65,382,17.02
2024-04-01 00:00:00,2025-06-01 00:00:00,14,79,382,20.68
2024-04-01 00:00:00,2025-07-01 00:00:00,15,64,382,16.75
2024-04-01 00:00:00,2025-08-01 00:00:00,16,55,382,14.4
2024-04-01 00:00:00,2025-09-01 00:00:00,17,83,382,21.73
2024-04-01 00:00:00,2025-10-01 00:00:00,18,77,382,20.16
2024-04-01 00:00:00,2025-11-01 00:00:00,19,106,382,27.75
2024-04-01 00:00:00,2025-12-01 00:00:00,20,127,382,33.25
2024-05-01 00:00:00,2024-05-01 00:00:00,0,339,339,100.0
2024-05-01 00:00:00,2024-06-01 00:00:00,1,59,339,17.4
2024-05-01 00:00:00,2024-07-01 00:00:00,2,47,339,13.86
2024-05-01 00:00:00,2024-08-01 00:00:00,3,48,339,14.16
2024-05-01 00:00:00,2024-09-01 00:00:00,4,59,339,17.4
2024-05-01 00:00:00,2024-10-01 00:00:00,5,59,339,17.4
2024-05-01 00:00:00,2024-11-01 00:00:00,6,69,339,20.35
2024-05-01 00:00:00,2024-12-01 00:00:00,7,109,339,32.15
2024-05-01 00:00:00,2025-01-01 00:00:00,8,42,339,12.39
2024-05-01 00:00:00,2025-02-01 00:00:00,9,60,339,17.7
2024-05-01 00:00:00,2025-03-01 00:00:00,10,71,339,20.94
2024-05-01 00:00:00,2025-04-01 00:00:00,11,58,339,17.11
2024-05-01 00:00:00,2025-05-01 00:00:00,12,77,339,22.71
2024-05-01 00:00:00,2025-06-01 00:00:00,13,55,339,16.22
2024-05-01 00:00:00,2025-07-01 00:00:00,14,51,339,15.04
2024-05-01 00:00:00,2025-08-01 00:00:00,15,53,339,15.63
2024-05-01 00:00:00,2025-09-01 00:00:00,16,71,339,20.94
2024-05-01 00:00:00,2025-10-01 00:00:00,17,57,339,16.81
2024-05-01 00:00:00,2025-11-01 00:00:00,18,99,339,29.2
2024-05-01 00:00:00,2025-12-01 00:00:00,19,133,339,39.23
2024-06-01 00:00:00,2024-06-01 00:00:00,0,282,282,100.0
2024-06-01 00:00:00,2024-07-01 00:00:00,1,36,282,12.77
2024-06-01 00:00:00,2024-08-01 00:00:00,2,41,282,14.54
2024-06-01 00:00:00,2024-09-01 00:00:00,3,47,282,16.67
2024-06-01 00:00:00,2024-10-01 00:00:00,4,45,282,15.96
2024-06-01 00:00:00,2024-11-01 00:00:00,5,70,282,24.82
2024-06-01 00:00:00,2024-12-01 00:00:00,6,90,282,31.91
2024-06-01 00:00:00,2025-01-01 00:00:00,7,35,282,12.41
2024-06-01 00:00:00,2025-02-01 00:00:00,8,44,282,15.6
2024-06-01 00:00:00,2025-03-01 00:00:00,9,60,282,21.28
2024-06-01 00:00:00,2025-04-01 00:00:00,10,60,282,21.28
2024-06-01 00:00:00,2025-05-01 00:00:00,11,46,282,16.31
2024-06-01 00:00:00,2025-06-01 00:00:00,12,57,282,20.21
2024-06-01 00:00:00,2025-07-01 00:00:00,13,41,282,14.54
2024-06-01 00:00:00,2025-08-01 00:00:00,14,45,282,15.96
2024-06-01 00:00:00,2025-09-01 00:00:00,15,55,282,19.5
2024-06-01 00:00:00,2025-10-01 00:00:00,16,58,282,20.57
2024-06-01 00:00:00,2025-11-01 00:00:00,17,78,282,27.66
2024-06-01 00:00:00,2025-12-01 00:00:00,18,100,282,35.46
2024-07-01 00:00:00,2024-07-01 00:00:00,0,196,196,100.0
2024-07-01 00:00:00,2024-08-01 00:00:00,1,24,196,12.24
2024-07-01 00:00:00,2024-09-01 00:00:00,2,36,196,18.37
2024-07-01 00:00:00,2024-10-01 00:00:00,3,33,196,16.84
2024-07-01 00:00:00,2024-11-01 00:00:00,4,49,196,25.0
2024-07-01 00:00:00,2024-12-01 00:00:00,5,62,196,31.63
2024-07-01 00:00:00,2025-01-01 00:00:00,6,38,196,19.39
2024-07-01 00:00:00,2025-02-01 00:00:00,7,39,196,19.9
2024-07-01 00:00:00,2025-03-01 00:00:00,8,42,196,21.43
2024-07-01 00:00:00,2025-04-01 00:00:00,9,28,196,14.29
2024-07-01 00:00:00,2025-05-01 00:00:00,10,37,196,18.88
2024-07-01 00:00:00,2025-06-01 00:00:00,11,40,196,20.41
2024-07-01 00:00:00,2025-07-01 00:00:00,12,32,196,16.33
2024-07-01 00:00:00,2025-08-01 00:00:00,13,35,196,17.86
2024-07-01 00:00:00,2025-09-01 00:00:00,14,48,196,24.49
2024-07-01 00:00:00,2025-10-01 00:00:00,15,35,196,17.86
2024-07-01 00:00:00,2025-11-01 00:00:00,16,62,196,31.63
2024-07-01 00:00:00,2025-12-01 00:00:00,17,68,196,34.69
2024-08-01 00:00:00,2024-08-01 00:00:00,0,193,193,100.0
2024-08-01 00:00:00,2024-09-01 00:00:00,1,29,193,15.03
2024-08-01 00:00:00,2024-10-01 00:00:00,2,33,193,17.1
2024-08-01 00:00:00,2024-11-01 00:00:00,3,45,193,23.32
2024-08-01 00:00:00,2024-12-01 00:00:00,4,47,193,24.35
2024-08-01 00:00:00,2025-01-01 00:00:00,5,27,193,13.99
2024-08-01 00:00:00,2025-02-01 00:00:00,6,37,193,19.17
2024-08-01 00:00:00,2025-03-01 00:00:00,7,38,193,19.69
2024-08-01 00:00:00,2025-04-01 00:00:00,8,37,193,19.17
2024-08-01 00:00:00,2025-05-01 00:00:00,9,39,193,20.21
2024-08-01 00:00:00,2025-06-01 00:00:00,10,34,193,17.62
2024-08-01 00:00:00,2025-07-01 00:00:00,11,36,193,18.65
2024-08-01 00:00:00,2025-08-01 00:00:00,12,42,193,21.76
2024-08-01 00:00:00,2025-09-01 00:00:00,13,33,193,17.1
2024-08-01 00:00:00,2025-10-01 00:00:00,14,40,193,20.73
2024-08-01 00:00:00,2025-11-01 00:00:00,15,65,193,33.68
2024-08-01 00:00:00,2025-12-01 00:00:00,16,72,193,37.31
2024-09-01 00:00:00,2024-09-01 00:00:00,0,185,185,100.0
2024-09-01 00:00:00,2024-10-01 00:00:00,1,28,185,15.14
2024-09-01 00:00:00,2024-11-01 00:00:00,2,42,185,22.7
2024-09-01 00:00:00,2024-12-01 00:00:00,3,57,185,30.81
2024-09-01 00:00:00,2025-01-01 00:00:00,4,28,185,15.14
2024-09-01 00:00:00,2025-02-01 00:00:00,5,29,185,15.68
2024-09-01 00:00:00,2025-03-01 00:00:00,6,33,185,17.84
2024-09-01 00:00:00,2025-04-01 00:00:00,7,30,185,16.22
2024-09-01 00:00:00,2025-05-01 00:00:00,8,40,185,21.62
2024-09-01 00:00:00,2025-06-01 00:00:00,9,34,185,18.38
2024-09-01 00:00:00,2025-07-01 00:00:00,10,21,185,11.35
2024-09-01 00:00:00,2025-08-01 00:00:00,11,30,185,16.22
2024-09-01 00:00:00,2025-09-01 00:00:00,12,33,185,17.84
2024-09-01 00:00:00,2025-10-01 00:00:00,13,45,185,24.32
2024-09-01 00:00:00,2025-11-01 00:00:00,14,53,185,28.65
2024-09-01 00:00:00,2025-12-01 00:00:00,15,59,185,31.89
2024-10-01 00:00:00,2024-10-01 00:00:00,0,166,166,100.0
2024-10-01 00:00:00,2024-11-01 00:00:00,1,46,166,27.71
2024-10-01 00:00:00,2024-12-01 00:00:00,2,40,166,24.1
2024-10-01 00:00:00,2025-01-01 00:00:00,3,32,166,19.28
2024-10-01 00:00:00,2025-02-01 00:00:00,4,32,166,19.28
2024-10-01 00:00:00,2025-03-01 00:00:00,5,28,166,16.87
2024-10-01 00:00:00,2025-04-01 00:00:00,6,30,166,18.07
2024-10-01 00:00:00,2025-05-01 00:00:00,7,38,166,22.89
2024-10-01 00:00:00,2025-06-01 00:00:00,8,21,166,12.65
2024-10-01 00:00:00,2025-07-01 00:00:00,9,29,166,17.47
2024-10-01 00:00:00,2025-08-01 00:00:00,10,29,166,17.47
2024-10-01 00:00:00,2025-09-01 00:00:00,11,23,166,13.86
2024-10-01 00:00:00,2025-10-01 00:00:00,12,33,166,19.88
2024-10-01 00:00:00,2025-11-01 00:00:00,13,56,166,33.73
2024-10-01 00:00:00,2025-12-01 00:00:00,14,53,166,31.93
2024-11-01 00:00:00,2024-11-01 00:00:00,0,200,200,100.0
2024-11-01 00:00:00,2024-12-01 00:00:00,1,56,200,28.0
2024-11-01 00:00:00,2025-01-01 00:00:00,2,39,200,19.5
2024-11-01 00:00:00,2025-02-01 00:00:00,3,30,200,15.0
2024-11-01 00:00:00,2025-03-01 00:00:00,4,38,200,19.0
2024-11-01 00:00:00,2025-04-01 00:00:00,5,41,200,20.5
2024-11-01 00:00:00,2025-05-01 00:00:00,6,40,200,20.0
2024-11-01 00:00:00,2025-06-01 00:00:00,7,23,200,11.5
2024-11-01 00:00:00,2025-07-01 00:00:00,8,31,200,15.5
2024-11-01 00:00:00,2025-08-01 00:00:00,9,31,200,15.5
2024-11-01 00:00:00,2025-09-01 00:00:00,10,39,200,19.5
2024-11-01 00:00:00,2025-10-01 00:00:00,11,44,200,22.0
2024-11-01 00:00:00,2025-11-01 00:00:00,12,44,200,22.0
2024-11-01 00:00:00,2025-12-01 00:00:00,13,64,200,32.0
2024-12-01 00:00:00,2024-12-01 00:00:00,0,159,159,100.0
2024-12-01 00:00:00,2025-01-01 00:00:00,1,20,159,12.58
2024-12-01 00:00:00,2025-02-01 00:00:00,2,24,159,15.09
2024-12-01 00:00:00,2025-03-01 00:00:00,3,34,159,21.38
2024-12-01 00:00:00,2025-04-01 00:00:00,4,27,159,16.98
2024-12-01 00:00:00,2025-05-01 00:00:00,5,32,159,20.13
2024-12-01 00:00:00,2025-06-01 00:00:00,6,34,159,21.38
2024-12-01 00:00:00,2025-07-01 00:00:00,7,22,159,13.84
2024-12-01 00:00:00,2025-08-01 00:00:00,8,28,159,17.61
2024-12-01 00:00:00,2025-09-01 00:00:00,9,31,159,19.5
2024-12-01 00:00:00,2025-10-01 00:00:00,10,35,159,22.01
2024-12-01 00:00:00,2025-11-01 00:00:00,11,48,159,30.19
2024-12-01 00:00:00,2025-12-01 00:00:00,12,41,159,25.79
2025-01-01 00:00:00,2025-01-01 00:00:00,0,67,67,100.0
2025-01-01 00:00:00,2025-02-01 00:00:00,1,11,67,16.42
2025-01-01 00:00:00,2025-03-01 00:00:00,2,14,67,20.9
2025-01-01 00:00:00,2025-04-01 00:00:00,3,16,67,23.88
2025-01-01 00:00:00,2025-05-01 00:00:00,4,16,67,23.88
2025-01-01 00:00:00,2025-06-01 00:00:00,5,13,67,19.4
2025-01-01 00:00:00,2025-07-01 00:00:00,6,7,67,10.45
2025-01-01 00:00:00,2025-08-01 00:00:00,7,10,67,14.93
2025-01-01 00:00:00,2025-09-01 00:00:00,8,10,67,14.93
2025-01-01 00:00:00,2025-10-01 00:00:00,9,10,67,14.93
2025-01-01 00:00:00,2025-11-01 00:00:00,10,17,67,25.37
2025-01-01 00:00:00,2025-12-01 00:00:00,11,14,67,20.9
2025-02-01 00:00:00,2025-02-01 00:00:00,0,64,64,100.0
2025-02-01 00:00:00,2025-03-01 00:00:00,1,14,64,21.88
2025-02-01 00:00:00,2025-04-01 00:00:00,2,10,64,15.63
2025-02-01 00:00:00,2025-05-01 00:00:00,3,14,64,21.88
2025-02-01 00:00:00,2025-06-01 00:00:00,4,7,64,10.94
2025-02-01 00:00:00,2025-07-01 00:00:00,5,6,64,9.38
2025-02-01 00:00:00,2025-08-01 00:00:00,6,8,64,12.5
2025-02-01 00:00:00,2025-09-01 00:00:00,7,15,64,23.44
2025-02-01 00:00:00,2025-10-01 00:00:00,8,11,64,17.19
2025-02-01 00:00:00,2025-11-01 00:00:00,9,24,64,37.5
2025-02-01 00:00:00,2025-12-01 00:00:00,10,22,64,34.38
2025-03-01 00:00:00,2025-03-01 00:00:00,0,54,54,100.0
2025-03-01 00:00:00,2025-04-01 00:00:00,1,6,54,11.11
2025-03-01 00:00:00,2025-05-01 00:00:00,2,8,54,14.81
2025-03-01 00:00:00,2025-06-01 00:00:00,3,13,54,24.07
2025-03-01 00:00:00,2025-07-01 00:00:00,4,10,54,18.52
2025-03-01 00:00:00,2025-08-01 00:00:00,5,7,54,12.96
2025-03-01 00:00:00,2025-09-01 00:00:00,6,8,54,14.81
2025-03-01 00:00:00,2025-10-01 00:00:00,7,15,54,27.78
2025-03-01 00:00:00,2025-11-01 00:00:00,8,14,54,25.93
2025-03-01 00:00:00,2025-12-01 00:00:00,9,20,54,37.04
2025-04-01 00:00:00,2025-04-01 00:00:00,0,39,39,100.0
2025-04-01 00:00:00,2025-05-01 00:00:00,1,4,39,10.26
2025-04-01 00:00:00,2025-06-01 00:00:00,2,7,39,17.95
2025-04-01 00:00:00,2025-07-01 00:00:00,3,12,39,30.77
2025-04-01 00:00:00,2025-08-01 00:00:00,4,6,39,15.38
2025-04-01 00:00:00,2025-09-01 00:00:00,5,3,39,7.69
2025-04-01 00:00:00,2025-10-01 00:00:00,6,3,39,7.69
2025-04-01 00:00:00,2025-11-01 00:00:00,7,11,39,28.21
2025-04-01 00:00:00,2025-12-01 00:00:00,8,14,39,35.9
2025-05-01 00:00:00,2025-05-01 00:00:00,0,36,36,100.0
2025-05-01 00:00:00,2025-06-01 00:00:00,1,6,36,16.67
2025-05-01 00:00:00,2025-07-01 00:00:00,2,4,36,11.11
2025-05-01 00:00:00,2025-08-01 00:00:00,3,4,36,11.11
2025-05-01 00:00:00,2025-09-01 00:00:00,4,8,36,22.22
2025-05-01 00:00:00,2025-10-01 00:00:00,5,5,36,13.89
2025-05-01 00:00:00,2025-11-01 00:00:00,6,7,36,19.44
2025-05-01 00:00:00,2025-12-01 00:00:00,7,13,36,36.11
2025-06-01 00:00:00,2025-06-01 00:00:00,0,29,29,100.0
2025-06-01 00:00:00,2025-07-01 00:00:00,1,6,29,20.69
2025-06-01 00:00:00,2025-08-01 00:00:00,2,8,29,27.59
2025-06-01 00:00:00,2025-09-01 00:00:00,3,2,29,6.9
2025-06-01 00:00:00,2025-10-01 00:00:00,4,8,29,27.59
2025-06-01 00:00:00,2025-11-01 00:00:00,5,10,29,34.48
2025-06-01 00:00:00,2025-12-01 00:00:00,6,10,29,34.48
2025-07-01 00:00:00,2025-07-01 00:00:00,0,15,15,100.0
2025-07-01 00:00:00,2025-08-01 00:00:00,1,4,15,26.67
2025-07-01 00:00:00,2025-09-01 00:00:00,2,3,15,20.0
2025-07-01 00:00:00,2025-10-01 00:00:00,3,1,15,6.67
2025-07-01 00:00:00,2025-11-01 00:00:00,4,2,15,13.33
2025-07-01 00:00:00,2025-12-01 00:00:00,5,6,15,40.0
2025-08-01 00:00:00,2025-08-01 00:00:00,0,16,16,100.0
2025-08-01 00:00:00,2025-09-01 00:00:00,1,1,16,6.25
2025-08-01 00:00:00,2025-10-01 00:00:00,2,5,16,31.25
2025-08-01 00:00:00,2025-11-01 00:00:00,3,4,16,25.0
2025-08-01 00:00:00,2025-12-01 00:00:00,4,4,16,25.0
2025-09-01 00:00:00,2025-09-01 00:00:00,0,14,14,100.0
2025-09-01 00:00:00,2025-10-01 00:00:00,1,3,14,21.43
2025-09-01 00:00:00,2025-11-01 00:00:00,2,7,14,50.0
2025-09-01 00:00:00,2025-12-01 00:00:00,3,4,14,28.57
2025-10-01 00:00:00,2025-10-01 00:00:00,0,11,11,100.0
2025-10-01 00:00:00,2025-12-01 00:00:00,2,3,11,27.27
2025-11-01 00:00:00,2025-11-01 00:00:00,0,14,14,100.0
2025-11-01 00:00:00,2025-12-01 00:00:00,1,8,14,57.14
2025-12-01 00:00:00,2025-12-01 00:00:00,0,13,13,100.0
