product_id,product_name,category,brand,unit_cost_eur,unit_price_eur,unit_margin_eur,unit_margin_pct,launch_date
PROD00001,Beauty Item 1,Beauty & Health,Solari,31.72,53.62,21.90,40.84,2023-05-26
PROD00002,Grocery Item 2,Grocery,Kavea,10.73,27.09,16.36,60.39,2023-01-13
PROD00003,Sports Item 3,Sports & Outdoors,Terravue,26.88,62.45,35.57,56.96,2022-06-03
PROD00004,Books Item 4,Books & Media,Solari,8.88,18.80,9.92,52.77,2023-10-07
PROD00005,Toys Item 5,Toys & Kids,Nordwell,30.64,83.49,52.85,63.3,2022-11-12
PROD00006,Electronics Item 6,Electronics,Kavea,25.88,55.34,29.46,53.23,2023-03-28
PROD00007,Beauty Item 7,Beauty & Health,Nordwell,26.22,64.26,38.04,59.2,2021-11-12
PROD00008,Toys Item 8,Toys & Kids,Rovelle,33.86,79.13,45.27,57.21,2023-01-27
PROD00009,Home Item 9,Home & Garden,Kavea,219.86,355.35,135.49,38.13,2023-02-17
PROD00010,Fashion Item 10,Fashion,Terravue,30.35,72.43,42.08,58.1,2023-06-15
PROD00011,Beauty Item 11,Beauty & Health,Rovelle,16.87,39.96,23.09,57.78,2021-07-27
PROD00012,Toys Item 12,Toys & Kids,Lindmark,49.41,82.65,33.24,40.22,2022-01-03
PROD00013,Books Item 13,Books & Media,Rovelle,18.87,31.60,12.73,40.28,2023-08-27
PROD00014,Beauty Item 14,Beauty & Health,Solari,15.38,38.74,23.36,60.3,2023-09-15
PROD00015,Beauty Item 15,Beauty & Health,Kavea,31.03,67.73,36.70,54.19,2023-05-16
PROD00016,Sports Item 16,Sports & Outdoors,Rovelle,103.01,238.89,135.88,56.88,2022-06-03
PROD00017,Fashion Item 17,Fashion,Lindmark,17.53,27.06,9.53,35.22,2021-09-29
PROD00018,Toys Item 18,Toys & Kids,Terravue,15.39,23.81,8.42,35.36,2022-05-18
PROD00019,Toys Item 19,Toys & Kids,Lindmark,69.05,117.41,48.36,41.19,2023-10-04
PROD00020,Sports Item 20,Sports & Outdoors,Terravue,122.92,234.88,111.96,47.67,2023-09-16
PROD00021,Home Item 21,Home & Garden,Lindmark,151.80,347.51,195.71,56.32,2022-12-29
PROD00022,Toys Item 22,Toys & Kids,Nordwell,31.78,59.32,27.54,46.43,2022-12-14
PROD00023,Home Item 23,Home & Garden,Solari,80.91,169.19,88.28,52.18,2023-08-25
PROD00024,Beauty Item 24,Beauty & Health,Lindmark,17.17,33.07,15.90,48.08,2021-11-29
PROD00025,Electronics Item 25,Electronics,Solari,315.75,769.25,453.50,58.95,2023-09-27
PROD00026,Sports Item 26,Sports & Outdoors,Solari,182.52,327.84,145.32,44.33,2021-12-12
PROD00027,Home Item 27,Home & Garden,Solari,170.94,330.72,159.78,48.31,2022-03-20
PROD00028,Toys Item 28,Toys & Kids,Terravue,33.66,94.86,61.20,64.52,2021-10-12
PROD00029,Electronics Item 29,Electronics,Terravue,268.30,741.08,472.78,63.8,2023-06-08
PROD00030,Fashion Item 30,Fashion,Solari,127.50,196.88,69.38,35.24,2023-05-19
PROD00031,Sports Item 31,Sports & Outdoors,Nordwell,46.01,111.39,65.38,58.69,2022-10-17
PROD00032,Fashion Item 32,Fashion,Nordwell,72.72,170.73,98.01,57.41,2022-02-14
PROD00033,Toys Item 33,Toys & Kids,Nordwell,39.86,104.67,64.81,61.92,2023-01-08
PROD00034,Beauty Item 34,Beauty & Health,Nordwell,10.11,15.71,5.60,35.65,2023-02-02
PROD00035,Electronics Item 35,Electronics,Lindmark,371.27,614.61,243.34,39.59,2021-12-03
PROD00036,Fashion Item 36,Fashion,Lindmark,43.19,78.11,34.92,44.71,2021-11-04
PROD00037,Books Item 37,Books & Media,Lindmark,15.06,28.36,13.30,46.9,2021-10-07
PROD00038,Toys Item 38,Toys & Kids,Rovelle,43.80,83.81,40.01,47.74,2021-12-08
PROD00039,Books Item 39,Books & Media,Kavea,9.34,21.59,12.25,56.74,2023-01-26
PROD00040,Fashion Item 40,Fashion,Terravue,71.62,171.40,99.78,58.21,2022-03-31
PROD00041,Fashion Item 41,Fashion,Lindmark,65.26,155.39,90.13,58.0,2022-03-30
PROD00042,Sports Item 42,Sports & Outdoors,Nordwell,128.24,223.36,95.12,42.59,2022-01-01
PROD00043,Fashion Item 43,Fashion,Terravue,20.58,55.93,35.35,63.2,2023-11-09
PROD00044,Books Item 44,Books & Media,Terravue,4.98,9.37,4.39,46.85,2022-02-14
PROD00045,Books Item 45,Books & Media,Nordwell,18.27,38.83,20.56,52.95,2021-10-22
PROD00046,Home Item 46,Home & Garden,Kavea,133.81,295.79,161.98,54.76,2021-11-05
PROD00047,Fashion Item 47,Fashion,Solari,69.46,110.49,41.03,37.13,2022-07-05
PROD00048,Home Item 48,Home & Garden,Nordwell,67.63,138.13,70.50,51.04,2022-07-09
PROD00049,Toys Item 49,Toys & Kids,Rovelle,2.83,7.56,4.73,62.57,2021-09-23
PROD00050,Books Item 50,Books & Media,Lindmark,5.23,14.60,9.37,64.18,2023-07-06
PROD00051,Electronics Item 51,Electronics,Terravue,275.97,577.45,301.48,52.21,2022-04-25
PROD00052,Fashion Item 52,Fashion,Nordwell,50.34,125.11,74.77,59.76,2023-04-11
PROD00053,Home Item 53,Home & Garden,Terravue,68.10,124.01,55.91,45.09,2022-02-22
PROD00054,Toys Item 54,Toys & Kids,Solari,42.37,116.04,73.67,63.49,2022-08-23
PROD00055,Electronics Item 55,Electronics,Solari,420.59,804.09,383.50,47.69,2023-10-16
PROD00056,Grocery Item 56,Grocery,Kavea,10.31,20.61,10.30,49.98,2022-03-12
PROD00057,Grocery Item 57,Grocery,Kavea,1.62,4.29,2.67,62.24,2022-05-12
PROD00058,Grocery Item 58,Grocery,Solari,9.87,21.83,11.96,54.79,2023-09-03
PROD00059,Sports Item 59,Sports & Outdoors,Terravue,152.00,322.04,170.04,52.8,2022-12-28
PROD00060,Electronics Item 60,Electronics,Solari,84.87,150.37,65.50,43.56,2022-06-22
PROD00061,Books Item 61,Books & Media,Rovelle,8.14,16.03,7.89,49.22,2022-05-16
PROD00062,Electronics Item 62,Electronics,Solari,394.12,635.60,241.48,37.99,2022-09-30
PROD00063,Toys Item 63,Toys & Kids,Rovelle,53.25,96.31,43.06,44.71,2021-08-31
PROD00064,Books Item 64,Books & Media,Lindmark,20.19,31.86,11.67,36.63,2023-10-21
PROD00065,Electronics Item 65,Electronics,Nordwell,99.44,283.85,184.41,64.97,2021-11-16
PROD00066,Toys Item 66,Toys & Kids,Terravue,15.37,37.00,21.63,58.46,2023-10-27
PROD00067,Fashion Item 67,Fashion,Kavea,80.47,148.99,68.52,45.99,2022-12-05
PROD00068,Books Item 68,Books & Media,Solari,10.05,28.33,18.28,64.53,2022-07-17
PROD00069,Grocery Item 69,Grocery,Rovelle,11.65,26.05,14.40,55.28,2021-12-19
PROD00070,Beauty Item 70,Beauty & Health,Rovelle,31.81,61.53,29.72,48.3,2023-10-10
PROD00071,Books Item 71,Books & Media,Solari,7.05,18.05,11.00,60.94,2023-11-09
PROD00072,Fashion Item 72,Fashion,Terravue,17.88,29.83,11.95,40.06,2022-05-12
PROD00073,Books Item 73,Books & Media,Kavea,22.70,41.65,18.95,45.5,2022-04-08
PROD00074,Sports Item 74,Sports & Outdoors,Rovelle,22.10,46.96,24.86,52.94,2023-09-12
PROD00075,Electronics Item 75,Electronics,Nordwell,387.05,662.82,275.77,41.61,2023-07-31
PROD00076,Sports Item 76,Sports & Outdoors,Lindmark,18.19,51.96,33.77,64.99,2021-10-10
PROD00077,Toys Item 77,Toys & Kids,Lindmark,39.84,87.18,47.34,54.3,2021-11-27
PROD00078,Sports Item 78,Sports & Outdoors,Lindmark,34.68,98.01,63.33,64.62,2023-07-31
PROD00079,Sports Item 79,Sports & Outdoors,Lindmark,117.81,194.62,76.81,39.47,2022-11-27
PROD00080,Beauty Item 80,Beauty & Health,Solari,44.90,86.40,41.50,48.03,2022-04-09
PROD00081,Toys Item 81,Toys & Kids,Terravue,24.28,64.65,40.37,62.44,2023-04-26
PROD00082,Electronics Item 82,Electronics,Kavea,234.44,505.26,270.82,53.6,2023-07-26
PROD00083,Books Item 83,Books & Media,Lindmark,13.48,28.89,15.41,53.34,2022-06-28
PROD00084,Books Item 84,Books & Media,Lindmark,5.24,13.85,8.61,62.17,2022-10-05
PROD00085,Toys Item 85,Toys & Kids,Terravue,15.88,41.90,26.02,62.1,2023-06-15
PROD00086,Toys Item 86,Toys & Kids,Terravue,16.91,26.17,9.26,35.38,2023-05-26
PROD00087,Home Item 87,Home & Garden,Solari,92.79,182.09,89.30,49.04,2023-12-01
PROD00088,Fashion Item 88,Fashion,Solari,125.49,193.46,67.97,35.13,2023-05-02
PROD00089,Electronics Item 89,Electronics,Lindmark,317.58,534.88,217.30,40.63,2022-09-21
PROD00090,Sports Item 90,Sports & Outdoors,Rovelle,54.12,122.51,68.39,55.82,2022-10-09
PROD00091,Grocery Item 91,Grocery,Lindmark,8.44,15.29,6.85,44.8,2023-02-20
PROD00092,Toys Item 92,Toys & Kids,Solari,37.24,83.77,46.53,55.54,2023-03-02
PROD00093,Sports Item 93,Sports & Outdoors,Lindmark,30.77,57.02,26.25,46.04,2023-07-05
PROD00094,Fashion Item 94,Fashion,Terravue,19.35,36.95,17.60,47.63,2022-07-31
PROD00095,Toys Item 95,Toys & Kids,Terravue,47.64,85.05,37.41,43.99,2022-12-30
PROD00096,Home Item 96,Home & Garden,Terravue,185.61,303.36,117.75,38.82,2023-02-24
PROD00097,Grocery Item 97,Grocery,Nordwell,10.53,18.50,7.97,43.08,2023-09-28
PROD00098,Sports Item 98,Sports & Outdoors,Rovelle,89.84,221.28,131.44,59.4,2023-06-25
PROD00099,Books Item 99,Books & Media,Nordwell,2.20,5.05,2.85,56.44,2022-02-03
PROD00100,Fashion Item 100,Fashion,Lindmark,55.14,103.04,47.90,46.49,2023-03-14
PROD00101,Toys Item 101,Toys & Kids,Lindmark,42.07,102.90,60.83,59.12,2021-09-17
PROD00102,Toys Item 102,Toys & Kids,Kavea,12.98,20.31,7.33,36.09,2022-09-12
PROD00103,Sports Item 103,Sports & Outdoors,Lindmark,23.95,48.52,24.57,50.64,2022-06-08
PROD00104,Books Item 104,Books & Media,Terravue,13.18,28.01,14.83,52.95,2021-08-26
PROD00105,Electronics Item 105,Electronics,Solari,36.81,100.28,63.47,63.29,2022-07-04
PROD00106,Home Item 106,Home & Garden,Nordwell,25.94,49.35,23.41,47.44,2023-05-20
PROD00107,Electronics Item 107,Electronics,Terravue,210.61,501.30,290.69,57.99,2022-08-03
PROD00108,Home Item 108,Home & Garden,Kavea,153.78,258.01,104.23,40.4,2022-06-14
PROD00109,Sports Item 109,Sports & Outdoors,Terravue,13.01,26.05,13.04,50.06,2021-10-03
PROD00110,Home Item 110,Home & Garden,Rovelle,118.43,278.21,159.78,57.43,2022-04-30
PROD00111,Sports Item 111,Sports & Outdoors,Terravue,61.97,116.03,54.06,46.59,2023-09-09
PROD00112,Electronics Item 112,Electronics,Solari,480.72,810.69,329.97,40.7,2023-01-29
PROD00113,Electronics Item 113,Electronics,Kavea,304.59,535.24,230.65,43.09,2022-09-09
PROD00114,Beauty Item 114,Beauty & Health,Lindmark,19.53,36.01,16.48,45.77,2021-10-29
PROD00115,Grocery Item 115,Grocery,Kavea,7.07,17.38,10.31,59.32,2023-02-26
PROD00116,Books Item 116,Books & Media,Kavea,16.94,32.77,15.83,48.31,2023-06-28
PROD00117,Books Item 117,Books & Media,Rovelle,11.66,18.70,7.04,37.65,2023-03-04
PROD00118,Books Item 118,Books & Media,Solari,2.16,4.86,2.70,55.56,2023-10-14
PROD00119,Toys Item 119,Toys & Kids,Rovelle,7.24,12.48,5.24,41.99,2021-09-11
PROD00120,Sports Item 120,Sports & Outdoors,Nordwell,112.04,249.31,137.27,55.06,2021-12-25
PROD00121,Home Item 121,Home & Garden,Kavea,127.91,272.86,144.95,53.12,2021-11-06
PROD00122,Home Item 122,Home & Garden,Kavea,148.04,304.45,156.41,51.37,2023-06-11
PROD00123,Fashion Item 123,Fashion,Kavea,60.89,96.58,35.69,36.95,2021-11-23
PROD00124,Beauty Item 124,Beauty & Health,Nordwell,10.16,26.32,16.16,61.4,2022-08-25
PROD00125,Toys Item 125,Toys & Kids,Lindmark,46.55,72.64,26.09,35.92,2023-06-23
PROD00126,Books Item 126,Books & Media,Kavea,7.18,19.49,12.31,63.16,2022-03-21
PROD00127,Toys Item 127,Toys & Kids,Terravue,22.42,44.68,22.26,49.82,2023-02-10
PROD00128,Books Item 128,Books & Media,Lindmark,5.82,10.64,4.82,45.3,2021-08-02
PROD00129,Electronics Item 129,Electronics,Kavea,436.01,898.03,462.02,51.45,2021-09-23
PROD00130,Fashion Item 130,Fashion,Nordwell,39.73,84.49,44.76,52.98,2022-11-14
PROD00131,Toys Item 131,Toys & Kids,Lindmark,11.76,19.13,7.37,38.53,2023-02-22
PROD00132,Sports Item 132,Sports & Outdoors,Kavea,70.96,152.21,81.25,53.38,2023-06-16
PROD00133,Toys Item 133,Toys & Kids,Nordwell,39.19,81.20,42.01,51.74,2023-02-23
PROD00134,Home Item 134,Home & Garden,Terravue,96.57,262.11,165.54,63.16,2022-06-21
PROD00135,Toys Item 135,Toys & Kids,Rovelle,62.43,98.76,36.33,36.79,2022-09-03
PROD00136,Books Item 136,Books & Media,Kavea,19.47,30.60,11.13,36.37,2023-10-26
PROD00137,Grocery Item 137,Grocery,Kavea,3.45,7.00,3.55,50.71,2022-03-15
PROD00138,Sports Item 138,Sports & Outdoors,Terravue,112.99,215.41,102.42,47.55,2021-07-30
PROD00139,Sports Item 139,Sports & Outdoors,Rovelle,66.67,147.69,81.02,54.86,2022-01-28
PROD00140,Grocery Item 140,Grocery,Rovelle,2.89,6.19,3.30,53.31,2023-06-07
PROD00141,Home Item 141,Home & Garden,Lindmark,40.93,71.76,30.83,42.96,2022-03-15
PROD00142,Electronics Item 142,Electronics,Terravue,76.36,207.73,131.37,63.24,2023-08-09
PROD00143,Toys Item 143,Toys & Kids,Lindmark,36.46,68.97,32.51,47.14,2023-07-28
PROD00144,Electronics Item 144,Electronics,Nordwell,412.16,787.92,375.76,47.69,2022-12-26
PROD00145,Sports Item 145,Sports & Outdoors,Solari,76.09,128.77,52.68,40.91,2022-03-13
PROD00146,Sports Item 146,Sports & Outdoors,Nordwell,72.74,194.61,121.87,62.62,2022-01-26
PROD00147,Sports Item 147,Sports & Outdoors,Rovelle,126.51,203.26,76.75,37.76,2022-12-07
PROD00148,Toys Item 148,Toys & Kids,Lindmark,22.46,51.18,28.72,56.12,2023-03-17
PROD00149,Fashion Item 149,Fashion,Kavea,15.87,40.13,24.26,60.45,2021-11-14
PROD00150,Grocery Item 150,Grocery,Rovelle,8.61,16.28,7.67,47.11,2022-02-06
PROD00151,Toys Item 151,Toys & Kids,Lindmark,9.60,15.19,5.59,36.8,2023-06-30
PROD00152,Beauty Item 152,Beauty & Health,Lindmark,36.39,69.19,32.80,47.41,2022-11-16
PROD00153,Toys Item 153,Toys & Kids,Terravue,37.57,100.44,62.87,62.59,2021-09-19
PROD00154,Toys Item 154,Toys & Kids,Lindmark,32.54,60.36,27.82,46.09,2022-07-21
PROD00155,Toys Item 155,Toys & Kids,Nordwell,58.78,100.47,41.69,41.49,2022-10-16
PROD00156,Electronics Item 156,Electronics,Lindmark,169.09,267.44,98.35,36.77,2023-03-09
PROD00157,Fashion Item 157,Fashion,Rovelle,22.12,36.11,13.99,38.74,2023-04-28
PROD00158,Sports Item 158,Sports & Outdoors,Kavea,160.33,340.18,179.85,52.87,2023-08-20
PROD00159,Sports Item 159,Sports & Outdoors,Lindmark,92.72,256.06,163.34,63.79,2022-09-03
PROD00160,Fashion Item 160,Fashion,Rovelle,48.03,95.14,47.11,49.52,2022-07-20
PROD00161,Beauty Item 161,Beauty & Health,Nordwell,34.28,54.35,20.07,36.93,2021-12-02
PROD00162,Toys Item 162,Toys & Kids,Nordwell,40.86,82.64,41.78,50.56,2023-04-25
PROD00163,Grocery Item 163,Grocery,Kavea,18.24,28.72,10.48,36.49,2022-10-16
PROD00164,Electronics Item 164,Electronics,Nordwell,28.57,44.31,15.74,35.52,2021-08-10
PROD00165,Books Item 165,Books & Media,Nordwell,4.48,7.53,3.05,40.5,2022-03-12
PROD00166,Electronics Item 166,Electronics,Nordwell,105.32,270.29,164.97,61.03,2022-09-10
PROD00167,Electronics Item 167,Electronics,Rovelle,222.64,409.87,187.23,45.68,2022-02-09
PROD00168,Sports Item 168,Sports & Outdoors,Rovelle,51.57,140.76,89.19,63.36,2021-12-15
PROD00169,Home Item 169,Home & Garden,Kavea,150.83,242.99,92.16,37.93,2023-08-24
PROD00170,Books Item 170,Books & Media,Solari,8.18,19.71,11.53,58.5,2021-09-06
PROD00171,Toys Item 171,Toys & Kids,Solari,20.58,56.45,35.87,63.54,2021-10-04
PROD00172,Books Item 172,Books & Media,Terravue,22.51,37.64,15.13,40.2,2023-05-14
PROD00173,Books Item 173,Books & Media,Solari,12.82,28.11,15.29,54.39,2022-01-12
PROD00174,Toys Item 174,Toys & Kids,Lindmark,50.18,97.18,47.00,48.36,2022-07-20
PROD00175,Electronics Item 175,Electronics,Solari,403.33,747.69,344.36,46.06,2023-04-27
PROD00176,Sports Item 176,Sports & Outdoors,Solari,146.76,277.13,130.37,47.04,2022-12-14
PROD00177,Fashion Item 177,Fashion,Lindmark,49.06,96.97,47.91,49.41,2023-02-27
PROD00178,Beauty Item 178,Beauty & Health,Rovelle,27.10,50.99,23.89,46.85,2023-01-19
PROD00179,Home Item 179,Home & Garden,Kavea,50.77,94.43,43.66,46.24,2023-04-14
PROD00180,Books Item 180,Books & Media,Terravue,11.13,27.44,16.31,59.44,2023-01-15
PROD00181,Grocery Item 181,Grocery,Terravue,2.11,3.97,1.86,46.85,2022-09-06
PROD00182,Fashion Item 182,Fashion,Kavea,86.39,170.38,83.99,49.3,2023-11-10
PROD00183,Beauty Item 183,Beauty & Health,Terravue,12.69,24.28,11.59,47.73,2023-10-11
PROD00184,Grocery Item 184,Grocery,Solari,2.24,4.64,2.40,51.72,2021-10-01
PROD00185,Books Item 185,Books & Media,Lindmark,4.34,10.70,6.36,59.44,2022-10-29
PROD00186,Electronics Item 186,Electronics,Kavea,94.14,202.01,107.87,53.4,2022-01-16
PROD00187,Books Item 187,Books & Media,Terravue,2.86,6.10,3.24,53.11,2022-04-06
PROD00188,Sports Item 188,Sports & Outdoors,Nordwell,91.55,184.96,93.41,50.5,2022-07-02
PROD00189,Books Item 189,Books & Media,Lindmark,11.85,19.69,7.84,39.82,2021-08-25
PROD00190,Home Item 190,Home & Garden,Solari,32.60,64.97,32.37,49.82,2023-06-15
PROD00191,Fashion Item 191,Fashion,Terravue,8.55,23.03,14.48,62.87,2023-06-23
PROD00192,Books Item 192,Books & Media,Nordwell,14.31,27.53,13.22,48.02,2021-09-15
PROD00193,Home Item 193,Home & Garden,Lindmark,182.21,352.19,169.98,48.26,2022-10-25
PROD00194,Toys Item 194,Toys & Kids,Kavea,42.08,115.42,73.34,63.54,2023-02-26
PROD00195,Books Item 195,Books & Media,Terravue,2.91,8.02,5.11,63.72,2022-11-14
PROD00196,Toys Item 196,Toys & Kids,Nordwell,13.90,27.12,13.22,48.75,2023-08-25
PROD00197,Toys Item 197,Toys & Kids,Rovelle,28.95,79.60,50.65,63.63,2023-05-24
PROD00198,Electronics Item 198,Electronics,Solari,513.89,852.72,338.83,39.74,2022-05-16
PROD00199,Fashion Item 199,Fashion,Solari,26.98,72.29,45.31,62.68,2021-11-23
PROD00200,Books Item 200,Books & Media,Nordwell,4.26,10.97,6.71,61.17,2023-02-19
PROD00201,Grocery Item 201,Grocery,Kavea,3.07,6.07,3.00,49.42,2023-07-18
PROD00202,Home Item 202,Home & Garden,Nordwell,47.74,104.37,56.63,54.26,2022-06-16
PROD00203,Beauty Item 203,Beauty & Health,Kavea,49.48,89.11,39.63,44.47,2023-10-02
PROD00204,Fashion Item 204,Fashion,Rovelle,82.20,209.29,127.09,60.72,2023-05-04
PROD00205,Books Item 205,Books & Media,Nordwell,10.16,19.67,9.51,48.35,2021-09-27
PROD00206,Books Item 206,Books & Media,Rovelle,2.51,7.15,4.64,64.9,2023-10-16
PROD00207,Electronics Item 207,Electronics,Terravue,331.84,611.63,279.79,45.74,2022-09-13
PROD00208,Fashion Item 208,Fashion,Solari,47.84,96.27,48.43,50.31,2022-11-11
PROD00209,Home Item 209,Home & Garden,Kavea,86.39,170.85,84.46,49.44,2022-09-27
PROD00210,Grocery Item 210,Grocery,Nordwell,5.27,13.07,7.80,59.68,2023-05-27
PROD00211,Fashion Item 211,Fashion,Nordwell,19.54,30.67,11.13,36.29,2022-06-14
PROD00212,Books Item 212,Books & Media,Terravue,16.24,28.57,12.33,43.16,2022-07-07
PROD00213,Books Item 213,Books & Media,Solari,7.92,16.93,9.01,53.22,2021-08-08
PROD00214,Home Item 214,Home & Garden,Kavea,38.24,100.87,62.63,62.09,2021-09-09
PROD00215,Books Item 215,Books & Media,Rovelle,6.68,11.34,4.66,41.09,2023-08-13
PROD00216,Fashion Item 216,Fashion,Kavea,78.28,152.28,74.00,48.59,2021-12-31
PROD00217,Beauty Item 217,Beauty & Health,Nordwell,28.44,45.38,16.94,37.33,2023-03-21
PROD00218,Electronics Item 218,Electronics,Terravue,38.49,88.64,50.15,56.58,2022-07-22
PROD00219,Electronics Item 219,Electronics,Solari,193.66,331.20,137.54,41.53,2022-01-24
PROD00220,Fashion Item 220,Fashion,Lindmark,92.22,218.43,126.21,57.78,2023-10-09
