return_id,order_id,return_date,return_reason,refund_amount_eur,order_date,days_to_return
RET000071,ORD0000039,2024-01-14,not_as_described,343.26,2024-01-03,11
RET001325,ORD0000063,2024-01-07,wrong_size,194.59,2024-01-04,3
RET001075,ORD0000065,2024-01-13,not_as_described,12.36,2024-01-04,9
RET001002,ORD0000094,2024-01-25,quality_issue,139.14,2024-01-05,20
RET001295,ORD0000110,2024-01-18,wrong_size,77.78,2024-01-06,12
RET000688,ORD0000122,2024-01-11,late_delivery,63.46,2024-01-06,5
RET000005,ORD0000127,2024-01-20,changed_mind,701.39,2024-01-06,14
RET000632,ORD0000135,2024-01-15,quality_issue,442.45,2024-01-07,8
RET000861,ORD0000147,2024-01-26,damaged,21.77,2024-01-07,19
RET000416,ORD0000192,2024-01-28,wrong_size,447.78,2024-01-10,18
RET001105,ORD0000213,2024-01-31,changed_mind,96.05,2024-01-11,20
RET000957,ORD0000225,2024-01-26,late_delivery,20.97,2024-01-11,15
RET000130,ORD0000234,2024-02-01,unspecified,41.43,2024-01-11,21
RET001054,ORD0000237,2024-01-23,late_delivery,39.70,2024-01-12,11
RET000644,ORD0000264,2024-01-20,quality_issue,367.52,2024-01-13,7
RET000777,ORD0000268,2024-01-27,damaged,254.95,2024-01-13,14
RET001250,ORD0000275,2024-01-27,quality_issue,256.46,2024-01-13,14
RET001202,ORD0000294,2024-01-26,damaged,16.99,2024-01-14,12
RET000715,ORD0000336,2024-01-23,not_as_described,497.80,2024-01-16,7
RET000536,ORD0000345,2024-01-27,wrong_size,323.52,2024-01-16,11
RET000789,ORD0000349,2024-01-28,quality_issue,55.89,2024-01-16,12
RET000989,ORD0000350,2024-02-04,wrong_size,183.56,2024-01-16,19
RET000710,ORD0000367,2024-02-05,changed_mind,114.74,2024-01-18,18
RET001267,ORD0000372,2024-02-05,late_delivery,1191.96,2024-01-18,18
RET000492,ORD0000377,2024-01-22,wrong_size,67.39,2024-01-18,4
RET001354,ORD0000405,2024-01-26,wrong_size,73.72,2024-01-20,6
RET000539,ORD0000409,2024-01-24,wrong_size,897.67,2024-01-20,4
RET000310,ORD0000411,2024-01-23,not_as_described,91.55,2024-01-20,3
RET000721,ORD0000437,2024-01-25,wrong_size,488.34,2024-01-21,4
RET000971,ORD0000454,2024-02-04,quality_issue,71.88,2024-01-22,13
RET000150,ORD0000468,2024-01-30,changed_mind,436.31,2024-01-23,7
RET000490,ORD0000479,2024-01-29,not_as_described,36.91,2024-01-23,6
RET000047,ORD0000483,2024-02-03,not_as_described,826.82,2024-01-24,10
RET001332,ORD0000492,2024-02-07,changed_mind,110.19,2024-01-24,14
RET001074,ORD0000499,2024-02-13,wrong_size,154.58,2024-01-24,20
RET000202,ORD0000507,2024-02-05,damaged,21.47,2024-01-25,11
RET000698,ORD0000518,2024-02-02,changed_mind,22.26,2024-01-26,7
RET001061,ORD0000534,2024-02-13,late_delivery,852.39,2024-01-26,18
RET000237,ORD0000538,2024-02-12,not_as_described,278.20,2024-01-26,17
RET000435,ORD0000645,2024-02-12,wrong_size,251.89,2024-01-31,12
RET000834,ORD0000741,2024-02-18,not_as_described,1485.39,2024-02-04,14
RET000352,ORD0000766,2024-02-08,changed_mind,535.18,2024-02-06,2
RET000995,ORD0000768,2024-02-18,wrong_size,642.69,2024-02-06,12
RET000373,ORD0000787,2024-02-18,damaged,215.11,2024-02-07,11
RET000122,ORD0000861,2024-02-19,late_delivery,44.56,2024-02-10,9
RET000283,ORD0000871,2024-02-14,changed_mind,210.68,2024-02-10,4
RET000080,ORD0000889,2024-02-21,damaged,10.97,2024-02-10,11
RET000424,ORD0000920,2024-02-22,wrong_size,125.88,2024-02-12,10
RET001090,ORD0000942,2024-03-04,not_as_described,75.93,2024-02-13,20
RET001375,ORD0000975,2024-02-29,wrong_size,38.46,2024-02-14,15
RET000542,ORD0000992,2024-02-21,quality_issue,67.74,2024-02-15,6
RET000453,ORD0001001,2024-02-22,wrong_size,77.28,2024-02-15,7
RET000479,ORD0001027,2024-02-19,not_as_described,18.96,2024-02-16,3
RET000622,ORD0001038,2024-02-25,late_delivery,12.77,2024-02-17,8
RET000571,ORD0001047,2024-02-19,unspecified,156.68,2024-02-17,2
RET000859,ORD0001060,2024-02-27,changed_mind,20.24,2024-02-18,9
RET000484,ORD0001073,2024-03-10,quality_issue,316.74,2024-02-18,21
RET000377,ORD0001095,2024-03-09,changed_mind,55.26,2024-02-19,19
RET000363,ORD0001103,2024-02-22,late_delivery,302.77,2024-02-20,2
RET000406,ORD0001121,2024-03-01,changed_mind,299.06,2024-02-21,9
RET000439,ORD0001125,2024-03-05,damaged,72.71,2024-02-21,13
RET000353,ORD0001148,2024-02-24,wrong_size,47.88,2024-02-22,2
RET000611,ORD0001155,2024-03-14,quality_issue,113.36,2024-02-22,21
RET001016,ORD0001159,2024-03-04,wrong_size,19.45,2024-02-23,10
RET001122,ORD0001166,2024-03-05,wrong_size,25.79,2024-02-23,11
RET001175,ORD0001189,2024-02-29,changed_mind,63.49,2024-02-24,5
RET000039,ORD0001227,2024-03-12,changed_mind,52.26,2024-02-25,16
RET000277,ORD0001244,2024-03-03,changed_mind,14.63,2024-02-25,7
RET001088,ORD0001264,2024-03-08,late_delivery,312.25,2024-02-26,11
RET000343,ORD0001283,2024-03-01,damaged,184.23,2024-02-27,3
RET000568,ORD0001284,2024-03-19,late_delivery,48.38,2024-02-27,21
RET000456,ORD0001288,2024-03-05,damaged,49.21,2024-02-28,6
RET000780,ORD0001346,2024-03-22,late_delivery,13.78,2024-03-01,21
RET000381,ORD0001361,2024-03-10,unspecified,25.69,2024-03-02,8
RET000667,ORD0001372,2024-03-09,unspecified,820.26,2024-03-02,7
RET000749,ORD0001378,2024-03-11,wrong_size,59.65,2024-03-03,8
RET000315,ORD0001380,2024-03-12,damaged,58.27,2024-03-03,9
RET000450,ORD0001387,2024-03-05,damaged,30.31,2024-03-03,2
RET000050,ORD0001420,2024-03-06,late_delivery,423.05,2024-03-04,2
RET000120,ORD0001429,2024-03-22,wrong_size,245.31,2024-03-04,18
RET000143,ORD0001439,2024-03-08,late_delivery,1334.43,2024-03-05,3
RET001331,ORD0001443,2024-03-21,changed_mind,25.81,2024-03-05,16
RET001103,ORD0001500,2024-03-19,quality_issue,197.69,2024-03-07,12
RET000501,ORD0001527,2024-03-20,wrong_size,118.59,2024-03-09,11
RET000519,ORD0001544,2024-03-18,late_delivery,347.27,2024-03-10,8
RET000520,ORD0001554,2024-03-24,damaged,194.27,2024-03-10,14
RET000884,ORD0001558,2024-03-17,wrong_size,113.67,2024-03-10,7
RET000118,ORD0001578,2024-03-19,changed_mind,119.04,2024-03-11,8
RET000171,ORD0001592,2024-03-19,quality_issue,44.41,2024-03-12,7
RET000870,ORD0001597,2024-03-27,unspecified,414.57,2024-03-12,15
RET000213,ORD0001614,2024-03-28,late_delivery,505.57,2024-03-13,15
RET000223,ORD0001616,2024-04-01,wrong_size,76.64,2024-03-13,19
RET000708,ORD0001626,2024-03-15,not_as_described,21.15,2024-03-13,2
RET000107,ORD0001633,2024-04-04,quality_issue,69.05,2024-03-14,21
RET000448,ORD0001636,2024-03-16,changed_mind,97.64,2024-03-14,2
RET001100,ORD0001640,2024-03-30,changed_mind,67.29,2024-03-14,16
RET001235,ORD0001641,2024-03-23,changed_mind,317.47,2024-03-14,9
RET001093,ORD0001662,2024-03-23,late_delivery,35.91,2024-03-15,8
RET000375,ORD0001689,2024-04-01,quality_issue,34.52,2024-03-16,16
RET000177,ORD0001715,2024-03-26,quality_issue,90.25,2024-03-17,9
RET000875,ORD0001717,2024-03-31,changed_mind,13.32,2024-03-17,14
RET001273,ORD0001722,2024-03-20,changed_mind,153.79,2024-03-17,3
RET001018,ORD0001811,2024-03-26,not_as_described,1303.51,2024-03-21,5
RET001251,ORD0001831,2024-03-25,not_as_described,111.55,2024-03-21,4
RET001214,ORD0001833,2024-03-25,quality_issue,35.38,2024-03-21,4
RET001007,ORD0001834,2024-04-05,wrong_size,62.07,2024-03-22,14
RET001106,ORD0001850,2024-04-10,wrong_size,355.72,2024-03-23,18
RET000797,ORD0001851,2024-04-08,late_delivery,111.61,2024-03-23,16
RET000221,ORD0001913,2024-04-06,quality_issue,83.99,2024-03-25,12
RET000438,ORD0001930,2024-04-01,late_delivery,5.69,2024-03-26,6
RET000712,ORD0001932,2024-04-14,not_as_described,160.73,2024-03-26,19
RET000225,ORD0001940,2024-04-06,changed_mind,20.89,2024-03-26,11
RET000535,ORD0001987,2024-04-18,damaged,697.77,2024-03-29,20
RET000464,ORD0001995,2024-04-19,not_as_described,87.20,2024-03-29,21
RET000401,ORD0002036,2024-04-10,not_as_described,215.59,2024-03-30,11
RET001371,ORD0002093,2024-04-11,not_as_described,71.70,2024-04-02,9
RET001268,ORD0002100,2024-04-17,wrong_size,89.53,2024-04-02,15
RET000247,ORD0002110,2024-04-08,unspecified,87.90,2024-04-03,5
RET000058,ORD0002113,2024-04-14,late_delivery,48.63,2024-04-03,11
RET001068,ORD0002128,2024-04-09,wrong_size,30.39,2024-04-03,6
RET000597,ORD0002138,2024-04-12,damaged,531.29,2024-04-04,8
RET000641,ORD0002156,2024-04-22,damaged,776.77,2024-04-05,17
RET001222,ORD0002163,2024-04-25,damaged,252.93,2024-04-05,20
RET001301,ORD0002171,2024-04-25,late_delivery,136.32,2024-04-05,20
RET000067,ORD0002178,2024-04-22,wrong_size,160.88,2024-04-06,16
RET000366,ORD0002180,2024-04-08,not_as_described,80.84,2024-04-06,2
RET000960,ORD0002222,2024-04-22,not_as_described,26.73,2024-04-07,15
RET001057,ORD0002229,2024-04-22,not_as_described,59.72,2024-04-08,14
RET000105,ORD0002252,2024-04-20,quality_issue,306.04,2024-04-09,11
RET001326,ORD0002255,2024-04-15,changed_mind,22.07,2024-04-09,6
RET000954,ORD0002259,2024-04-22,late_delivery,131.86,2024-04-09,13
RET000955,ORD0002274,2024-04-28,not_as_described,41.16,2024-04-10,18
RET000510,ORD0002281,2024-04-24,wrong_size,37.47,2024-04-10,14
RET000553,ORD0002282,2024-04-16,wrong_size,189.94,2024-04-10,6
RET001324,ORD0002286,2024-05-01,not_as_described,211.46,2024-04-10,21
RET000199,ORD0002291,2024-04-17,late_delivery,868.30,2024-04-11,6
RET000505,ORD0002314,2024-05-01,not_as_described,54.31,2024-04-12,19
RET000984,ORD0002317,2024-04-29,not_as_described,67.33,2024-04-12,17
RET000819,ORD0002339,2024-04-24,not_as_described,295.24,2024-04-13,11
RET000522,ORD0002343,2024-04-19,late_delivery,259.38,2024-04-13,6
RET000160,ORD0002358,2024-05-03,changed_mind,107.47,2024-04-14,19
RET000273,ORD0002365,2024-04-21,quality_issue,1112.75,2024-04-15,6
RET000070,ORD0002383,2024-04-23,quality_issue,74.83,2024-04-16,7
RET000673,ORD0002392,2024-04-18,changed_mind,356.86,2024-04-16,2
RET001290,ORD0002412,2024-04-30,quality_issue,542.01,2024-04-17,13
RET000096,ORD0002414,2024-05-01,changed_mind,97.58,2024-04-17,14
RET000468,ORD0002425,2024-05-07,not_as_described,828.06,2024-04-17,20
RET000974,ORD0002457,2024-04-25,wrong_size,1352.43,2024-04-19,6
RET001081,ORD0002469,2024-04-22,late_delivery,65.99,2024-04-19,3
RET000866,ORD0002473,2024-04-28,not_as_described,28.99,2024-04-19,9
RET000426,ORD0002541,2024-05-13,changed_mind,131.48,2024-04-22,21
RET001080,ORD0002546,2024-05-05,damaged,414.08,2024-04-22,13
RET000690,ORD0002547,2024-05-05,wrong_size,19.29,2024-04-22,13
RET001176,ORD0002563,2024-04-29,wrong_size,31.49,2024-04-22,7
RET000745,ORD0002568,2024-05-01,unspecified,47.98,2024-04-23,8
RET001403,ORD0002570,2024-04-25,changed_mind,182.82,2024-04-23,2
RET000267,ORD0002607,2024-04-26,quality_issue,136.35,2024-04-24,2
RET000119,ORD0002616,2024-05-05,damaged,8.98,2024-04-24,11
RET001020,ORD0002641,2024-04-29,quality_issue,577.83,2024-04-25,4
RET000904,ORD0002657,2024-05-16,wrong_size,105.99,2024-04-25,21
RET001183,ORD0002678,2024-05-10,quality_issue,345.68,2024-04-26,14
RET001055,ORD0002697,2024-05-11,damaged,110.94,2024-04-27,14
RET000341,ORD0002723,2024-05-04,wrong_size,18.65,2024-04-28,6
RET000369,ORD0002735,2024-05-16,wrong_size,231.59,2024-04-28,18
RET001225,ORD0002743,2024-05-17,late_delivery,48.50,2024-04-29,18
RET000257,ORD0002750,2024-05-12,not_as_described,88.20,2024-04-29,13
RET000855,ORD0002768,2024-05-02,late_delivery,493.87,2024-04-30,2
RET000228,ORD0002771,2024-05-02,quality_issue,85.03,2024-04-30,2
RET001311,ORD0002775,2024-05-20,quality_issue,300.87,2024-04-30,20
RET001053,ORD0002783,2024-05-22,quality_issue,11.55,2024-05-01,21
RET000086,ORD0002788,2024-05-22,not_as_described,21.92,2024-05-01,21
RET000665,ORD0002789,2024-05-10,changed_mind,461.42,2024-05-01,9
RET001135,ORD0002793,2024-05-20,quality_issue,21.06,2024-05-01,19
RET000145,ORD0002802,2024-05-07,wrong_size,576.06,2024-05-01,6
RET001319,ORD0002816,2024-05-09,damaged,606.25,2024-05-02,7
RET000451,ORD0002846,2024-05-11,damaged,90.09,2024-05-03,8
RET000589,ORD0002885,2024-05-13,damaged,30.09,2024-05-05,8
RET000640,ORD0002895,2024-05-12,not_as_described,489.64,2024-05-06,6
RET001109,ORD0002896,2024-05-21,not_as_described,67.92,2024-05-06,15
RET000901,ORD0002926,2024-05-21,damaged,474.84,2024-05-07,14
RET000156,ORD0002934,2024-05-19,quality_issue,243.57,2024-05-08,11
RET000917,ORD0002945,2024-05-24,wrong_size,40.26,2024-05-08,16
RET000782,ORD0002963,2024-05-24,quality_issue,117.65,2024-05-09,15
RET000117,ORD0002971,2024-05-13,damaged,109.73,2024-05-09,4
RET000610,ORD0002987,2024-05-25,quality_issue,190.86,2024-05-09,16
RET000170,ORD0003002,2024-05-20,late_delivery,219.32,2024-05-10,10
RET000445,ORD0003006,2024-05-13,changed_mind,22.06,2024-05-10,3
RET001397,ORD0003033,2024-05-21,late_delivery,164.11,2024-05-11,10
RET001407,ORD0003036,2024-05-31,changed_mind,298.92,2024-05-11,20
RET000921,ORD0003053,2024-05-28,wrong_size,68.98,2024-05-12,16
RET000918,ORD0003056,2024-05-23,changed_mind,351.66,2024-05-12,11
RET000637,ORD0003089,2024-05-27,damaged,1172.84,2024-05-13,14
RET000978,ORD0003095,2024-06-03,damaged,34.72,2024-05-13,21
RET000792,ORD0003116,2024-05-19,not_as_described,62.81,2024-05-14,5
RET000282,ORD0003164,2024-05-22,wrong_size,119.66,2024-05-16,6
RET000365,ORD0003171,2024-05-21,damaged,290.42,2024-05-16,5
RET000325,ORD0003185,2024-05-26,late_delivery,219.14,2024-05-17,9
RET000757,ORD0003206,2024-05-28,quality_issue,95.75,2024-05-18,10
RET000147,ORD0003220,2024-06-02,changed_mind,80.42,2024-05-18,15
RET000136,ORD0003229,2024-05-31,not_as_described,59.39,2024-05-19,12
RET000598,ORD0003267,2024-06-07,wrong_size,121.46,2024-05-20,18
RET000083,ORD0003291,2024-05-26,late_delivery,77.07,2024-05-21,5
RET000140,ORD0003319,2024-06-02,late_delivery,40.71,2024-05-22,11
RET000654,ORD0003337,2024-06-10,changed_mind,142.79,2024-05-23,18
RET000026,ORD0003338,2024-06-13,unspecified,57.00,2024-05-23,21
RET000312,ORD0003352,2024-06-10,not_as_described,360.19,2024-05-23,18
RET000719,ORD0003361,2024-06-01,not_as_described,166.28,2024-05-24,8
RET000550,ORD0003385,2024-05-31,late_delivery,113.31,2024-05-25,6
RET000691,ORD0003407,2024-06-10,wrong_size,174.08,2024-05-26,15
RET001159,ORD0003411,2024-06-12,not_as_described,33.47,2024-05-26,17
RET000902,ORD0003424,2024-06-10,wrong_size,32.77,2024-05-27,14
RET000174,ORD0003441,2024-06-02,not_as_described,141.28,2024-05-28,5
RET001341,ORD0003447,2024-06-06,wrong_size,251.78,2024-05-28,9
RET000810,ORD0003455,2024-06-01,damaged,343.07,2024-05-28,4
RET001306,ORD0003468,2024-06-13,damaged,476.54,2024-05-29,15
RET000965,ORD0003476,2024-06-14,changed_mind,30.25,2024-05-29,16
RET001276,ORD0003482,2024-06-03,wrong_size,190.12,2024-05-29,5
RET000187,ORD0003487,2024-06-04,changed_mind,597.48,2024-05-29,6
RET000891,ORD0003514,2024-06-16,late_delivery,41.59,2024-05-30,17
RET001237,ORD0003515,2024-06-04,late_delivery,18.88,2024-05-30,5
RET000386,ORD0003537,2024-06-10,late_delivery,113.72,2024-06-01,9
RET000953,ORD0003571,2024-06-21,damaged,752.42,2024-06-02,19
RET000927,ORD0003580,2024-06-12,damaged,76.52,2024-06-02,10
RET000110,ORD0003581,2024-06-22,quality_issue,10.62,2024-06-02,20
RET001197,ORD0003602,2024-06-07,changed_mind,20.25,2024-06-03,4
RET000467,ORD0003615,2024-06-09,late_delivery,5.25,2024-06-04,5
RET000227,ORD0003638,2024-06-07,unspecified,58.21,2024-06-05,2
RET000544,ORD0003642,2024-06-24,changed_mind,913.79,2024-06-05,19
RET000737,ORD0003672,2024-06-22,damaged,69.51,2024-06-06,16
RET000299,ORD0003693,2024-06-22,changed_mind,12.82,2024-06-07,15
RET000659,ORD0003695,2024-06-23,wrong_size,285.66,2024-06-07,16
RET000498,ORD0003696,2024-06-14,not_as_described,32.35,2024-06-07,7
RET000167,ORD0003699,2024-06-20,wrong_size,82.09,2024-06-07,13
RET000647,ORD0003703,2024-06-24,damaged,670.00,2024-06-07,17
RET000580,ORD0003712,2024-06-15,late_delivery,196.86,2024-06-08,7
RET000144,ORD0003716,2024-06-22,changed_mind,156.55,2024-06-08,14
RET001188,ORD0003734,2024-06-26,late_delivery,572.73,2024-06-08,18
RET000695,ORD0003741,2024-06-13,not_as_described,146.54,2024-06-09,4
RET001342,ORD0003788,2024-06-22,unspecified,332.38,2024-06-13,9
RET000755,ORD0003795,2024-06-15,quality_issue,34.28,2024-06-13,2
RET000938,ORD0003805,2024-06-30,not_as_described,72.89,2024-06-14,16
RET000320,ORD0003806,2024-07-01,changed_mind,525.12,2024-06-14,17
RET001314,ORD0003826,2024-06-22,late_delivery,106.70,2024-06-15,7
RET000991,ORD0003833,2024-06-18,wrong_size,204.41,2024-06-15,3
RET000846,ORD0003834,2024-06-24,not_as_described,5.18,2024-06-15,9
RET000842,ORD0003851,2024-07-04,wrong_size,44.55,2024-06-16,18
RET000541,ORD0003853,2024-06-30,late_delivery,128.24,2024-06-16,14
RET001008,ORD0003904,2024-06-26,not_as_described,92.17,2024-06-18,8
RET000783,ORD0003922,2024-06-30,quality_issue,334.55,2024-06-19,11
RET000549,ORD0003931,2024-06-29,late_delivery,201.06,2024-06-19,10
RET000287,ORD0003945,2024-06-27,quality_issue,182.77,2024-06-20,7
RET000564,ORD0003976,2024-07-12,quality_issue,35.42,2024-06-21,21
RET001228,ORD0004003,2024-07-03,wrong_size,94.57,2024-06-22,11
RET001071,ORD0004011,2024-06-27,quality_issue,475.41,2024-06-22,5
RET001123,ORD0004026,2024-07-14,late_delivery,30.21,2024-06-23,21
RET000664,ORD0004048,2024-07-03,late_delivery,17.49,2024-06-23,10
RET000091,ORD0004112,2024-07-08,changed_mind,100.36,2024-06-26,12
RET000446,ORD0004118,2024-06-28,late_delivery,30.05,2024-06-26,2
RET000736,ORD0004126,2024-07-11,quality_issue,252.92,2024-06-26,15
RET000092,ORD0004134,2024-07-03,wrong_size,155.61,2024-06-27,6
RET000458,ORD0004143,2024-07-11,changed_mind,544.20,2024-06-27,14
RET000931,ORD0004145,2024-06-29,wrong_size,29.05,2024-06-27,2
RET001049,ORD0004154,2024-07-05,wrong_size,658.23,2024-06-27,8
RET001211,ORD0004167,2024-07-18,late_delivery,38.55,2024-06-28,20
RET000209,ORD0004174,2024-07-14,damaged,87.49,2024-06-28,16
RET000262,ORD0004194,2024-07-13,changed_mind,76.16,2024-06-29,14
RET000412,ORD0004208,2024-07-14,damaged,16.10,2024-06-29,15
RET001128,ORD0004237,2024-07-06,damaged,408.43,2024-06-30,6
RET000068,ORD0004246,2024-07-18,not_as_described,146.30,2024-07-01,17
RET001262,ORD0004249,2024-07-07,wrong_size,86.90,2024-07-01,6
RET000413,ORD0004261,2024-07-22,damaged,252.92,2024-07-02,20
RET000760,ORD0004265,2024-07-22,wrong_size,118.80,2024-07-02,20
RET001391,ORD0004269,2024-07-08,changed_mind,125.00,2024-07-02,6
RET000319,ORD0004272,2024-07-10,wrong_size,6.31,2024-07-03,7
RET000131,ORD0004284,2024-07-17,late_delivery,76.74,2024-07-04,13
RET000012,ORD0004299,2024-07-17,quality_issue,10.37,2024-07-05,12
RET000248,ORD0004341,2024-07-09,not_as_described,50.06,2024-07-07,2
RET000298,ORD0004354,2024-07-16,quality_issue,100.47,2024-07-07,9
RET000031,ORD0004363,2024-07-28,changed_mind,141.26,2024-07-08,20
RET001043,ORD0004395,2024-07-14,late_delivery,146.30,2024-07-10,4
RET001046,ORD0004400,2024-07-26,changed_mind,284.29,2024-07-10,16
RET000346,ORD0004403,2024-07-31,changed_mind,105.19,2024-07-10,21
RET001101,ORD0004415,2024-07-20,late_delivery,155.52,2024-07-11,9
RET000950,ORD0004417,2024-07-19,quality_issue,202.81,2024-07-11,8
RET001203,ORD0004425,2024-07-21,late_delivery,16.79,2024-07-12,9
RET000966,ORD0004444,2024-07-26,late_delivery,428.19,2024-07-13,13
RET000751,ORD0004475,2024-08-03,not_as_described,698.19,2024-07-14,20
RET000125,ORD0004478,2024-08-02,late_delivery,26.45,2024-07-14,19
RET000411,ORD0004495,2024-08-02,late_delivery,29.67,2024-07-15,18
RET001108,ORD0004503,2024-08-05,not_as_described,707.68,2024-07-16,20
RET000322,ORD0004505,2024-07-28,late_delivery,196.50,2024-07-16,12
RET001395,ORD0004509,2024-07-29,not_as_described,264.27,2024-07-16,13
RET000040,ORD0004521,2024-08-04,quality_issue,740.86,2024-07-16,19
RET001386,ORD0004531,2024-07-31,quality_issue,56.14,2024-07-17,14
RET001148,ORD0004547,2024-08-08,quality_issue,312.30,2024-07-18,21
RET000791,ORD0004561,2024-08-07,not_as_described,269.07,2024-07-19,19
RET000685,ORD0004581,2024-07-26,changed_mind,123.62,2024-07-20,6
RET000796,ORD0004593,2024-08-04,quality_issue,13.33,2024-07-20,15
RET000109,ORD0004608,2024-08-10,wrong_size,161.09,2024-07-21,20
RET001182,ORD0004630,2024-08-07,quality_issue,37.51,2024-07-22,16
RET000831,ORD0004645,2024-08-01,unspecified,29.09,2024-07-23,9
RET000141,ORD0004668,2024-08-13,damaged,319.87,2024-07-24,20
RET000103,ORD0004676,2024-08-14,wrong_size,135.58,2024-07-25,20
RET000766,ORD0004698,2024-08-15,damaged,64.77,2024-07-26,20
RET000756,ORD0004705,2024-07-29,damaged,621.36,2024-07-26,3
RET000880,ORD0004707,2024-08-01,not_as_described,263.14,2024-07-26,6
RET001338,ORD0004708,2024-07-29,unspecified,60.98,2024-07-27,2
RET001381,ORD0004752,2024-07-30,damaged,68.94,2024-07-28,2
RET000402,ORD0004762,2024-08-06,wrong_size,635.96,2024-07-29,8
RET001181,ORD0004785,2024-08-12,not_as_described,107.81,2024-07-30,13
RET000825,ORD0004796,2024-08-18,late_delivery,42.69,2024-07-30,19
RET000547,ORD0004817,2024-08-15,quality_issue,351.76,2024-08-01,14
RET000124,ORD0004826,2024-08-21,late_delivery,205.80,2024-08-01,20
RET000231,ORD0004843,2024-08-12,changed_mind,139.42,2024-08-02,10
RET001179,ORD0004851,2024-08-19,quality_issue,19.04,2024-08-03,16
RET000407,ORD0004867,2024-08-20,changed_mind,67.32,2024-08-04,16
RET001239,ORD0004880,2024-08-13,changed_mind,528.58,2024-08-04,9
RET000211,ORD0004901,2024-08-22,wrong_size,17.84,2024-08-05,17
RET000709,ORD0004902,2024-08-19,damaged,44.78,2024-08-05,14
RET000582,ORD0004906,2024-08-16,quality_issue,22.10,2024-08-05,11
RET000764,ORD0004942,2024-08-14,quality_issue,239.44,2024-08-07,7
RET001294,ORD0004946,2024-08-18,quality_issue,26.43,2024-08-07,11
RET000334,ORD0004969,2024-08-16,damaged,40.63,2024-08-09,7
RET000029,ORD0004996,2024-08-22,wrong_size,168.76,2024-08-10,12
RET000447,ORD0005017,2024-09-01,wrong_size,107.61,2024-08-11,21
RET001131,ORD0005022,2024-08-14,quality_issue,15.24,2024-08-11,3
RET001388,ORD0005029,2024-08-28,damaged,71.72,2024-08-11,17
RET001380,ORD0005034,2024-08-14,late_delivery,376.31,2024-08-11,3
RET000874,ORD0005047,2024-08-25,changed_mind,9.72,2024-08-12,13
RET000601,ORD0005060,2024-08-31,late_delivery,72.45,2024-08-13,18
RET000189,ORD0005064,2024-08-20,damaged,47.04,2024-08-13,7
RET000212,ORD0005105,2024-08-30,damaged,19.38,2024-08-15,15
RET000869,ORD0005123,2024-08-22,not_as_described,192.48,2024-08-16,6
RET000730,ORD0005129,2024-09-04,wrong_size,80.38,2024-08-17,18
RET001309,ORD0005133,2024-08-25,wrong_size,821.57,2024-08-17,8
RET000863,ORD0005153,2024-08-23,wrong_size,190.11,2024-08-17,6
RET001059,ORD0005163,2024-08-30,not_as_described,140.90,2024-08-18,12
RET000272,ORD0005188,2024-09-08,quality_issue,154.35,2024-08-19,20
RET001280,ORD0005204,2024-09-01,late_delivery,268.94,2024-08-20,12
RET001410,ORD0005238,2024-08-29,wrong_size,35.63,2024-08-21,8
RET001213,ORD0005263,2024-08-27,damaged,127.30,2024-08-22,5
RET001077,ORD0005271,2024-09-09,not_as_described,119.10,2024-08-23,17
RET000943,ORD0005272,2024-09-03,changed_mind,81.66,2024-08-23,11
RET001263,ORD0005290,2024-09-13,not_as_described,3.79,2024-08-23,21
RET001098,ORD0005312,2024-09-03,changed_mind,1132.99,2024-08-24,10
RET000054,ORD0005314,2024-09-10,late_delivery,161.94,2024-08-24,17
RET000940,ORD0005318,2024-09-01,not_as_described,250.48,2024-08-24,8
RET000116,ORD0005327,2024-09-08,not_as_described,50.37,2024-08-25,14
RET001070,ORD0005352,2024-09-13,damaged,45.70,2024-08-27,17
RET001392,ORD0005378,2024-09-01,unspecified,18.77,2024-08-28,4
RET001307,ORD0005404,2024-09-01,quality_issue,23.51,2024-08-29,3
RET001026,ORD0005412,2024-09-13,changed_mind,271.38,2024-08-29,15
RET000224,ORD0005441,2024-09-14,late_delivery,69.81,2024-08-31,14
RET000513,ORD0005442,2024-09-21,quality_issue,14.98,2024-08-31,21
RET000205,ORD0005446,2024-09-18,late_delivery,16.75,2024-08-31,18
RET000166,ORD0005447,2024-09-21,not_as_described,279.63,2024-08-31,21
RET000683,ORD0005459,2024-09-14,quality_issue,214.21,2024-09-01,13
RET000101,ORD0005518,2024-09-16,quality_issue,810.93,2024-09-02,14
RET000186,ORD0005519,2024-09-20,damaged,612.37,2024-09-03,17
RET000002,ORD0005520,2024-09-08,changed_mind,81.90,2024-09-03,5
RET001382,ORD0005529,2024-09-07,quality_issue,275.25,2024-09-03,4
RET001173,ORD0005531,2024-09-05,late_delivery,22.07,2024-09-03,2
RET000913,ORD0005542,2024-09-24,late_delivery,205.90,2024-09-04,20
RET000410,ORD0005559,2024-09-12,late_delivery,836.32,2024-09-04,8
RET000587,ORD0005576,2024-09-11,damaged,485.96,2024-09-05,6
RET000333,ORD0005582,2024-09-15,quality_issue,434.88,2024-09-05,10
RET000161,ORD0005597,2024-09-08,not_as_described,32.12,2024-09-06,2
RET001076,ORD0005606,2024-09-09,quality_issue,741.32,2024-09-06,3
RET000857,ORD0005619,2024-09-13,damaged,269.74,2024-09-07,6
RET001120,ORD0005646,2024-09-13,not_as_described,1728.37,2024-09-08,5
RET000619,ORD0005661,2024-09-14,changed_mind,38.40,2024-09-08,6
RET000864,ORD0005663,2024-09-15,wrong_size,247.62,2024-09-08,7
RET001099,ORD0005672,2024-09-21,damaged,745.80,2024-09-09,12
RET000945,ORD0005676,2024-09-14,wrong_size,218.21,2024-09-09,5
RET000613,ORD0005695,2024-09-20,damaged,22.32,2024-09-10,10
RET001087,ORD0005710,2024-09-28,changed_mind,394.72,2024-09-10,18
RET000093,ORD0005735,2024-09-13,wrong_size,288.70,2024-09-11,2
RET001350,ORD0005767,2024-09-27,late_delivery,215.97,2024-09-12,15
RET000894,ORD0005777,2024-10-01,late_delivery,165.55,2024-09-12,19
RET000335,ORD0005803,2024-09-30,wrong_size,1749.05,2024-09-13,17
RET000926,ORD0005807,2024-09-18,damaged,24.60,2024-09-14,4
RET001351,ORD0005821,2024-09-20,quality_issue,80.76,2024-09-14,6
RET000216,ORD0005827,2024-09-29,wrong_size,541.66,2024-09-14,15
RET000269,ORD0005830,2024-09-21,changed_mind,65.91,2024-09-15,6
RET000818,ORD0005857,2024-09-30,changed_mind,196.47,2024-09-15,15
RET000941,ORD0005883,2024-09-26,changed_mind,92.94,2024-09-16,10
RET000982,ORD0005889,2024-09-21,damaged,259.47,2024-09-16,5
RET000463,ORD0005895,2024-10-06,unspecified,247.88,2024-09-17,19
RET001017,ORD0005908,2024-10-06,not_as_described,1439.44,2024-09-17,19
RET000523,ORD0005929,2024-10-07,damaged,619.17,2024-09-18,19
RET001297,ORD0005961,2024-09-28,late_delivery,45.25,2024-09-19,9
RET000615,ORD0005980,2024-10-10,quality_issue,7.68,2024-09-20,20
RET000779,ORD0006006,2024-10-04,not_as_described,25.60,2024-09-21,13
RET001102,ORD0006012,2024-09-28,late_delivery,335.35,2024-09-21,7
RET000642,ORD0006018,2024-10-10,quality_issue,39.37,2024-09-22,18
RET000004,ORD0006035,2024-10-13,damaged,399.76,2024-09-22,21
RET001143,ORD0006057,2024-10-02,quality_issue,666.40,2024-09-23,9
RET000294,ORD0006081,2024-10-05,damaged,474.68,2024-09-24,11
RET001014,ORD0006086,2024-10-15,changed_mind,173.85,2024-09-24,21
RET000560,ORD0006089,2024-09-27,quality_issue,679.92,2024-09-24,3
RET000115,ORD0006100,2024-10-10,late_delivery,373.71,2024-09-25,15
RET001389,ORD0006120,2024-09-30,unspecified,1967.73,2024-09-26,4
RET000489,ORD0006124,2024-10-16,damaged,914.50,2024-09-26,20
RET001045,ORD0006138,2024-09-28,late_delivery,91.41,2024-09-26,2
RET001387,ORD0006168,2024-10-17,quality_issue,521.96,2024-09-28,19
RET000763,ORD0006176,2024-10-04,wrong_size,163.32,2024-09-28,6
RET000528,ORD0006191,2024-10-12,changed_mind,128.51,2024-09-28,14
RET000380,ORD0006192,2024-10-07,damaged,216.19,2024-09-28,9
RET000183,ORD0006198,2024-10-07,quality_issue,16.67,2024-09-29,8
RET001041,ORD0006232,2024-10-19,not_as_described,22.27,2024-09-30,19
RET001121,ORD0006234,2024-10-17,damaged,75.61,2024-09-30,17
RET000946,ORD0006247,2024-10-14,not_as_described,232.02,2024-09-30,14
RET000155,ORD0006297,2024-10-21,damaged,383.69,2024-10-03,18
RET000925,ORD0006303,2024-10-11,changed_mind,128.30,2024-10-03,8
RET000952,ORD0006321,2024-10-08,quality_issue,19.18,2024-10-04,4
RET000163,ORD0006323,2024-10-21,quality_issue,2290.85,2024-10-04,17
RET000486,ORD0006325,2024-10-23,wrong_size,47.03,2024-10-04,19
RET000832,ORD0006346,2024-10-24,not_as_described,411.47,2024-10-04,20
RET001116,ORD0006350,2024-10-09,damaged,227.51,2024-10-04,5
RET000829,ORD0006354,2024-10-24,late_delivery,181.78,2024-10-05,19
RET001283,ORD0006357,2024-10-11,not_as_described,22.67,2024-10-05,6
RET000362,ORD0006377,2024-10-21,damaged,30.70,2024-10-05,16
RET000441,ORD0006382,2024-10-13,changed_mind,187.78,2024-10-06,7
RET000308,ORD0006404,2024-10-27,quality_issue,47.21,2024-10-06,21
RET000689,ORD0006423,2024-10-23,changed_mind,535.92,2024-10-07,16
RET000714,ORD0006425,2024-10-10,wrong_size,170.92,2024-10-07,3
RET001335,ORD0006427,2024-10-28,damaged,331.37,2024-10-07,21
RET000728,ORD0006442,2024-10-24,wrong_size,21.86,2024-10-07,17
RET000234,ORD0006453,2024-10-10,late_delivery,82.95,2024-10-08,2
RET000123,ORD0006454,2024-10-11,not_as_described,501.49,2024-10-08,3
RET001398,ORD0006466,2024-10-28,quality_issue,195.90,2024-10-08,20
RET000399,ORD0006492,2024-10-20,changed_mind,14.61,2024-10-09,11
RET000649,ORD0006498,2024-10-18,wrong_size,363.45,2024-10-09,9
RET000303,ORD0006505,2024-10-19,wrong_size,368.13,2024-10-10,9
RET000146,ORD0006526,2024-10-23,quality_issue,520.68,2024-10-11,12
RET000754,ORD0006535,2024-10-23,changed_mind,234.72,2024-10-11,12
RET000418,ORD0006551,2024-10-24,not_as_described,41.27,2024-10-12,12
RET001269,ORD0006587,2024-10-20,not_as_described,323.66,2024-10-13,7
RET000138,ORD0006610,2024-10-19,changed_mind,8.01,2024-10-14,5
RET000603,ORD0006611,2024-10-17,not_as_described,79.69,2024-10-14,3
RET001303,ORD0006613,2024-10-25,wrong_size,136.45,2024-10-14,11
RET000415,ORD0006656,2024-10-29,changed_mind,85.39,2024-10-16,13
RET000384,ORD0006663,2024-10-28,quality_issue,5.46,2024-10-16,12
RET001217,ORD0006664,2024-10-27,not_as_described,87.02,2024-10-16,11
RET001003,ORD0006681,2024-10-23,not_as_described,486.80,2024-10-17,6
RET000726,ORD0006716,2024-11-08,late_delivery,25.54,2024-10-18,21
RET001334,ORD0006745,2024-10-29,wrong_size,151.30,2024-10-19,10
RET000021,ORD0006762,2024-10-23,not_as_described,136.96,2024-10-20,3
RET000579,ORD0006781,2024-11-03,unspecified,197.28,2024-10-21,13
RET001284,ORD0006799,2024-10-29,damaged,158.57,2024-10-21,8
RET000817,ORD0006802,2024-11-03,wrong_size,10.32,2024-10-22,12
RET000638,ORD0006806,2024-10-28,not_as_described,15.18,2024-10-22,6
RET000229,ORD0006811,2024-11-03,not_as_described,101.78,2024-10-22,12
RET000503,ORD0006838,2024-10-30,wrong_size,99.01,2024-10-23,7
RET000108,ORD0006850,2024-11-11,late_delivery,126.70,2024-10-23,19
RET000210,ORD0006881,2024-11-06,late_delivery,143.40,2024-10-25,12
RET000979,ORD0006882,2024-11-04,late_delivery,118.50,2024-10-25,10
RET000741,ORD0006910,2024-11-12,late_delivery,1462.70,2024-10-26,17
RET001364,ORD0006920,2024-11-04,not_as_described,109.24,2024-10-26,9
RET001165,ORD0006928,2024-11-08,damaged,62.21,2024-10-27,12
RET000645,ORD0006944,2024-11-09,not_as_described,87.76,2024-10-27,13
RET000417,ORD0006950,2024-11-10,late_delivery,7.04,2024-10-27,14
RET000795,ORD0006956,2024-11-16,damaged,18.14,2024-10-28,19
RET000301,ORD0006999,2024-11-12,wrong_size,85.41,2024-10-30,13
RET000961,ORD0007014,2024-11-04,late_delivery,712.87,2024-10-30,5
RET000639,ORD0007044,2024-11-12,late_delivery,12.78,2024-10-31,12
RET000077,ORD0007051,2024-11-20,not_as_described,59.79,2024-10-31,20
RET000423,ORD0007076,2024-11-14,late_delivery,62.85,2024-11-01,13
RET001155,ORD0007098,2024-11-11,not_as_described,158.18,2024-11-02,9
RET000877,ORD0007112,2024-11-06,late_delivery,99.43,2024-11-02,4
RET000828,ORD0007172,2024-11-16,wrong_size,228.49,2024-11-03,13
RET000786,ORD0007175,2024-11-17,damaged,71.91,2024-11-03,14
RET000015,ORD0007176,2024-11-20,damaged,39.15,2024-11-03,17
RET001052,ORD0007186,2024-11-05,late_delivery,39.57,2024-11-03,2
RET000838,ORD0007196,2024-11-13,quality_issue,20.62,2024-11-03,10
RET001147,ORD0007207,2024-11-17,late_delivery,56.43,2024-11-04,13
RET000919,ORD0007229,2024-11-22,changed_mind,562.16,2024-11-04,18
RET000134,ORD0007235,2024-11-08,changed_mind,241.34,2024-11-05,3
RET000948,ORD0007245,2024-11-24,wrong_size,242.88,2024-11-05,19
RET000916,ORD0007260,2024-11-12,damaged,61.25,2024-11-05,7
RET000537,ORD0007271,2024-11-13,quality_issue,73.01,2024-11-06,7
RET000591,ORD0007297,2024-11-25,unspecified,14.39,2024-11-06,19
RET001328,ORD0007306,2024-11-17,not_as_described,191.08,2024-11-07,10
RET000355,ORD0007311,2024-11-15,not_as_described,213.64,2024-11-07,8
RET000044,ORD0007312,2024-11-25,not_as_described,950.52,2024-11-07,18
RET000414,ORD0007343,2024-11-18,changed_mind,86.62,2024-11-07,11
RET000635,ORD0007347,2024-11-26,changed_mind,570.14,2024-11-07,19
RET000532,ORD0007354,2024-11-11,changed_mind,155.35,2024-11-08,3
RET001069,ORD0007379,2024-11-15,unspecified,222.13,2024-11-08,7
RET000793,ORD0007391,2024-11-15,wrong_size,86.03,2024-11-08,7
RET000997,ORD0007480,2024-11-14,changed_mind,8.68,2024-11-10,4
RET000516,ORD0007495,2024-11-27,not_as_described,20.06,2024-11-11,16
RET000798,ORD0007525,2024-11-26,wrong_size,63.89,2024-11-12,14
RET000806,ORD0007533,2024-11-21,unspecified,130.92,2024-11-12,9
RET000188,ORD0007545,2024-11-29,quality_issue,192.59,2024-11-12,17
RET000634,ORD0007553,2024-11-16,quality_issue,32.47,2024-11-12,4
RET000264,ORD0007603,2024-12-02,wrong_size,55.45,2024-11-14,18
RET000562,ORD0007609,2024-12-02,changed_mind,259.53,2024-11-14,18
RET001272,ORD0007614,2024-11-16,quality_issue,70.33,2024-11-14,2
RET000768,ORD0007616,2024-11-22,not_as_described,30.83,2024-11-14,8
RET000660,ORD0007620,2024-11-18,wrong_size,236.35,2024-11-14,4
RET000608,ORD0007637,2024-11-27,late_delivery,233.85,2024-11-14,13
RET000573,ORD0007639,2024-11-18,wrong_size,339.48,2024-11-14,4
RET000517,ORD0007640,2024-11-22,damaged,107.07,2024-11-14,8
RET001248,ORD0007705,2024-12-03,late_delivery,63.75,2024-11-16,17
RET000089,ORD0007736,2024-12-07,late_delivery,63.70,2024-11-17,20
RET001253,ORD0007754,2024-11-21,not_as_described,94.55,2024-11-17,4
RET000336,ORD0007758,2024-12-01,quality_issue,20.84,2024-11-17,14
RET000577,ORD0007759,2024-12-08,changed_mind,239.49,2024-11-17,21
RET000999,ORD0007785,2024-12-03,late_delivery,79.56,2024-11-18,15
RET000614,ORD0007789,2024-11-24,not_as_described,54.87,2024-11-18,6
RET000495,ORD0007793,2024-12-04,damaged,599.55,2024-11-18,16
RET001359,ORD0007801,2024-11-28,unspecified,83.38,2024-11-18,10
RET001021,ORD0007849,2024-12-04,quality_issue,28.37,2024-11-19,15
RET000069,ORD0007880,2024-11-27,late_delivery,152.47,2024-11-20,7
RET000419,ORD0007890,2024-12-06,late_delivery,253.74,2024-11-20,16
RET000813,ORD0007925,2024-11-25,damaged,267.22,2024-11-21,4
RET000074,ORD0007930,2024-11-30,changed_mind,707.82,2024-11-21,9
RET000037,ORD0007943,2024-12-12,damaged,304.76,2024-11-22,20
RET001186,ORD0007946,2024-11-27,quality_issue,2.95,2024-11-22,5
RET000799,ORD0007948,2024-12-03,not_as_described,96.04,2024-11-22,11
RET000569,ORD0007953,2024-12-02,changed_mind,103.16,2024-11-22,10
RET000452,ORD0007968,2024-11-27,late_delivery,373.48,2024-11-23,4
RET000239,ORD0008025,2024-11-26,wrong_size,481.83,2024-11-24,2
RET000349,ORD0008027,2024-12-12,wrong_size,17.13,2024-11-24,18
RET000477,ORD0008032,2024-11-26,late_delivery,484.34,2024-11-24,2
RET000304,ORD0008033,2024-12-15,unspecified,189.79,2024-11-24,21
RET000421,ORD0008045,2024-12-03,quality_issue,930.62,2024-11-24,9
RET001339,ORD0008050,2024-12-05,quality_issue,156.76,2024-11-24,11
RET000400,ORD0008066,2024-12-03,late_delivery,15.18,2024-11-25,8
RET000178,ORD0008082,2024-12-13,quality_issue,17.12,2024-11-25,18
RET001404,ORD0008084,2024-12-14,quality_issue,407.38,2024-11-25,19
RET000534,ORD0008103,2024-12-10,wrong_size,64.28,2024-11-26,14
RET000263,ORD0008117,2024-12-05,late_delivery,58.36,2024-11-26,9
RET001323,ORD0008139,2024-12-01,not_as_described,332.51,2024-11-27,4
RET000387,ORD0008143,2024-12-17,not_as_described,19.86,2024-11-27,20
RET001006,ORD0008158,2024-12-07,quality_issue,49.11,2024-11-27,10
RET000972,ORD0008182,2024-12-15,changed_mind,307.51,2024-11-28,17
RET000964,ORD0008193,2024-12-03,late_delivery,68.31,2024-11-28,5
RET000176,ORD0008202,2024-12-02,changed_mind,110.52,2024-11-28,4
RET000253,ORD0008209,2024-12-03,changed_mind,1482.74,2024-11-28,5
RET001205,ORD0008216,2024-12-03,wrong_size,146.24,2024-11-28,5
RET000604,ORD0008221,2024-12-13,quality_issue,274.13,2024-11-29,14
RET000217,ORD0008236,2024-12-15,late_delivery,375.73,2024-11-29,16
RET001400,ORD0008246,2024-12-02,late_delivery,22.56,2024-11-29,3
RET000881,ORD0008248,2024-12-06,wrong_size,193.57,2024-11-29,7
RET000099,ORD0008264,2024-12-04,wrong_size,40.45,2024-11-30,4
RET000053,ORD0008267,2024-12-20,unspecified,137.09,2024-11-30,20
RET001023,ORD0008286,2024-12-20,wrong_size,16.69,2024-11-30,20
RET000045,ORD0008288,2024-12-12,not_as_described,503.95,2024-11-30,12
RET001249,ORD0008294,2024-12-08,unspecified,428.41,2024-11-30,8
RET000507,ORD0008302,2024-12-07,wrong_size,186.79,2024-11-30,7
RET000897,ORD0008314,2024-12-02,changed_mind,9.61,2024-11-30,2
RET000393,ORD0008321,2024-12-21,wrong_size,37.88,2024-12-01,20
RET000244,ORD0008349,2024-12-14,wrong_size,35.74,2024-12-01,13
RET001366,ORD0008359,2024-12-09,wrong_size,752.12,2024-12-01,8
RET001146,ORD0008372,2024-12-11,damaged,62.38,2024-12-01,10
RET000396,ORD0008373,2024-12-19,late_delivery,64.03,2024-12-01,18
RET000836,ORD0008374,2024-12-13,quality_issue,424.01,2024-12-01,12
RET001320,ORD0008376,2024-12-14,wrong_size,21.13,2024-12-01,13
RET000084,ORD0008392,2024-12-22,changed_mind,154.72,2024-12-02,20
RET001047,ORD0008394,2024-12-15,not_as_described,19.95,2024-12-02,13
RET001114,ORD0008407,2024-12-11,unspecified,306.81,2024-12-02,9
RET000759,ORD0008410,2024-12-05,changed_mind,580.42,2024-12-02,3
RET000886,ORD0008415,2024-12-14,changed_mind,93.24,2024-12-02,12
RET000980,ORD0008432,2024-12-21,wrong_size,100.84,2024-12-02,19
RET000623,ORD0008454,2024-12-16,wrong_size,854.50,2024-12-03,13
RET000457,ORD0008490,2024-12-20,wrong_size,96.47,2024-12-04,16
RET000762,ORD0008513,2024-12-06,quality_issue,36.75,2024-12-04,2
RET000774,ORD0008515,2024-12-20,changed_mind,103.47,2024-12-04,16
RET000052,ORD0008518,2024-12-14,quality_issue,116.32,2024-12-04,10
RET001415,ORD0008523,2024-12-15,unspecified,47.54,2024-12-04,11
RET001193,ORD0008530,2024-12-08,damaged,175.09,2024-12-05,3
RET000753,ORD0008562,2024-12-25,wrong_size,95.05,2024-12-06,19
RET001289,ORD0008571,2024-12-22,late_delivery,166.51,2024-12-06,16
RET000511,ORD0008595,2024-12-24,wrong_size,21.42,2024-12-06,18
RET001042,ORD0008616,2024-12-27,quality_issue,212.45,2024-12-07,20
RET000281,ORD0008618,2024-12-10,wrong_size,43.27,2024-12-07,3
RET000787,ORD0008628,2024-12-25,late_delivery,76.27,2024-12-07,18
RET001259,ORD0008638,2024-12-20,not_as_described,144.08,2024-12-07,13
RET000032,ORD0008647,2024-12-10,not_as_described,227.77,2024-12-07,3
RET001406,ORD0008648,2024-12-19,changed_mind,378.25,2024-12-07,12
RET000104,ORD0008652,2024-12-16,late_delivery,443.51,2024-12-07,9
RET000620,ORD0008694,2024-12-20,damaged,242.85,2024-12-08,12
RET000529,ORD0008711,2024-12-30,not_as_described,24.68,2024-12-09,21
RET001107,ORD0008714,2024-12-17,not_as_described,388.44,2024-12-09,8
RET000041,ORD0008747,2024-12-13,damaged,186.98,2024-12-09,4
RET000023,ORD0008760,2024-12-24,wrong_size,175.21,2024-12-10,14
RET000584,ORD0008778,2024-12-12,wrong_size,116.93,2024-12-10,2
RET001274,ORD0008780,2024-12-23,not_as_described,233.56,2024-12-10,13
RET001230,ORD0008784,2024-12-25,wrong_size,1212.48,2024-12-10,15
RET000079,ORD0008791,2024-12-14,not_as_described,11.93,2024-12-10,4
RET001356,ORD0008808,2024-12-28,damaged,107.10,2024-12-11,17
RET000576,ORD0008857,2024-12-28,damaged,47.23,2024-12-12,16
RET000629,ORD0008861,2024-12-18,quality_issue,211.24,2024-12-12,6
RET001408,ORD0008862,2024-12-28,changed_mind,276.22,2024-12-12,16
RET001344,ORD0008871,2024-12-17,damaged,85.90,2024-12-12,5
RET001029,ORD0008886,2024-12-22,unspecified,24.99,2024-12-12,10
RET000951,ORD0008897,2024-12-22,wrong_size,1229.32,2024-12-13,9
RET000981,ORD0008903,2024-12-20,quality_issue,109.42,2024-12-13,7
RET000696,ORD0008908,2024-12-30,changed_mind,407.04,2024-12-13,17
RET000906,ORD0008917,2024-12-17,changed_mind,66.29,2024-12-13,4
RET000219,ORD0008939,2024-12-24,damaged,93.56,2024-12-14,10
RET000718,ORD0008944,2024-12-31,not_as_described,274.13,2024-12-14,17
RET000967,ORD0009014,2024-12-29,not_as_described,19.61,2024-12-15,14
RET001141,ORD0009016,2024-12-20,damaged,76.29,2024-12-15,5
RET001199,ORD0009062,2024-12-24,not_as_described,544.85,2024-12-16,8
RET000561,ORD0009068,2024-12-21,late_delivery,486.61,2024-12-16,5
RET001190,ORD0009083,2024-12-29,late_delivery,65.75,2024-12-16,13
RET000462,ORD0009084,2024-12-25,wrong_size,200.61,2024-12-16,9
RET000057,ORD0009111,2024-12-24,damaged,151.13,2024-12-17,7
RET000258,ORD0009130,2024-12-22,damaged,11.98,2024-12-17,5
RET001137,ORD0009147,2024-12-23,wrong_size,141.03,2024-12-18,5
RET000236,ORD0009152,2025-01-05,changed_mind,23.17,2024-12-18,18
RET000849,ORD0009155,2024-12-31,changed_mind,86.62,2024-12-18,13
RET000331,ORD0009171,2025-01-06,wrong_size,458.04,2024-12-18,19
RET000596,ORD0009179,2024-12-26,late_delivery,49.16,2024-12-18,8
RET000609,ORD0009188,2024-12-30,unspecified,6.57,2024-12-19,11
RET000996,ORD0009196,2025-01-08,damaged,258.62,2024-12-19,20
RET001399,ORD0009204,2025-01-04,not_as_described,45.28,2024-12-19,16
RET001215,ORD0009213,2025-01-08,damaged,27.62,2024-12-19,20
RET000680,ORD0009229,2025-01-04,changed_mind,29.56,2024-12-20,15
RET000016,ORD0009231,2025-01-08,wrong_size,209.50,2024-12-20,19
RET001198,ORD0009245,2025-01-04,quality_issue,192.08,2024-12-20,15
RET000908,ORD0009262,2025-01-09,wrong_size,54.10,2024-12-20,20
RET000937,ORD0009268,2025-01-10,late_delivery,314.39,2024-12-21,20
RET000844,ORD0009284,2025-01-06,not_as_described,21.81,2024-12-21,16
RET000968,ORD0009287,2024-12-28,changed_mind,34.74,2024-12-21,7
RET000758,ORD0009302,2024-12-31,late_delivery,17.86,2024-12-21,10
RET000903,ORD0009307,2024-12-27,quality_issue,29.05,2024-12-21,6
RET001260,ORD0009319,2024-12-25,changed_mind,424.61,2024-12-21,4
RET000656,ORD0009360,2025-01-11,changed_mind,515.44,2024-12-22,20
RET000722,ORD0009382,2025-01-10,quality_issue,153.28,2024-12-23,18
RET001136,ORD0009385,2025-01-11,damaged,844.79,2024-12-23,19
RET000030,ORD0009387,2025-01-04,quality_issue,636.44,2024-12-23,12
RET001201,ORD0009433,2025-01-14,late_delivery,101.97,2024-12-24,21
RET000063,ORD0009435,2025-01-02,late_delivery,78.44,2024-12-24,9
RET000428,ORD0009437,2025-01-08,wrong_size,112.12,2024-12-24,15
RET000502,ORD0009439,2024-12-31,wrong_size,1113.98,2024-12-24,7
RET000765,ORD0009455,2025-01-11,quality_issue,320.89,2024-12-24,18
RET000883,ORD0009464,2024-12-30,unspecified,144.38,2024-12-24,6
RET000675,ORD0009470,2025-01-04,late_delivery,132.40,2024-12-24,11
RET001019,ORD0009482,2025-01-12,damaged,228.30,2024-12-25,18
RET001005,ORD0009497,2025-01-06,late_delivery,105.81,2024-12-25,12
RET000800,ORD0009498,2025-01-02,quality_issue,40.74,2024-12-25,8
RET000876,ORD0009504,2025-01-13,wrong_size,270.53,2024-12-25,19
RET001167,ORD0009508,2025-01-01,not_as_described,80.40,2024-12-25,7
RET000376,ORD0009520,2025-01-05,quality_issue,158.58,2024-12-25,11
RET000742,ORD0009539,2025-01-16,damaged,277.48,2024-12-26,21
RET001145,ORD0009582,2024-12-31,quality_issue,67.79,2024-12-27,4
RET000912,ORD0009588,2025-01-17,damaged,76.71,2024-12-27,21
RET000311,ORD0009595,2025-01-14,quality_issue,31.30,2024-12-27,18
RET001305,ORD0009598,2025-01-14,not_as_described,226.91,2024-12-27,18
RET001396,ORD0009612,2024-12-31,not_as_described,169.92,2024-12-27,4
RET000338,ORD0009616,2025-01-01,late_delivery,77.86,2024-12-28,4
RET001231,ORD0009621,2025-01-16,damaged,53.29,2024-12-28,19
RET000668,ORD0009628,2025-01-14,not_as_described,55.71,2024-12-28,17
RET000164,ORD0009629,2025-01-18,quality_issue,195.80,2024-12-28,21
RET000003,ORD0009630,2025-01-16,wrong_size,953.45,2024-12-28,19
RET000482,ORD0009634,2025-01-01,not_as_described,25.51,2024-12-28,4
RET000551,ORD0009666,2025-01-16,not_as_described,150.82,2024-12-29,18
RET000949,ORD0009685,2025-01-19,wrong_size,151.33,2024-12-29,21
RET001115,ORD0009696,2025-01-14,late_delivery,171.68,2024-12-29,16
RET001171,ORD0009717,2025-01-03,not_as_described,401.31,2024-12-30,4
RET000662,ORD0009739,2025-01-20,not_as_described,256.57,2024-12-30,21
RET000624,ORD0009769,2025-01-11,quality_issue,5.91,2024-12-31,11
RET001379,ORD0009820,2025-01-14,damaged,15.66,2025-01-01,13
RET000049,ORD0009822,2025-01-16,changed_mind,36.89,2025-01-01,15
RET001345,ORD0009830,2025-01-16,damaged,153.48,2025-01-01,15
RET001299,ORD0009831,2025-01-07,damaged,617.06,2025-01-01,6
RET000459,ORD0009846,2025-01-09,changed_mind,22.03,2025-01-02,7
RET000440,ORD0009881,2025-01-19,changed_mind,63.55,2025-01-03,16
RET000933,ORD0009901,2025-01-09,damaged,69.49,2025-01-04,5
RET000442,ORD0009924,2025-01-26,not_as_described,8.64,2025-01-05,21
RET000232,ORD0009951,2025-01-20,quality_issue,206.93,2025-01-05,15
RET000929,ORD0009957,2025-01-20,damaged,1387.93,2025-01-06,14
RET000988,ORD0009958,2025-01-16,not_as_described,606.11,2025-01-06,10
RET001353,ORD0009982,2025-01-23,not_as_described,130.37,2025-01-07,16
RET000328,ORD0009990,2025-01-27,quality_issue,75.78,2025-01-07,20
RET000607,ORD0009995,2025-01-26,late_delivery,40.60,2025-01-07,19
RET001312,ORD0010004,2025-01-28,changed_mind,386.04,2025-01-08,20
RET001265,ORD0010015,2025-01-19,damaged,430.37,2025-01-08,11
RET001384,ORD0010052,2025-01-16,late_delivery,157.81,2025-01-10,6
RET000518,ORD0010100,2025-01-18,late_delivery,678.58,2025-01-12,6
RET001209,ORD0010105,2025-01-22,changed_mind,145.57,2025-01-12,10
RET000443,ORD0010112,2025-01-31,quality_issue,637.75,2025-01-12,19
RET000545,ORD0010123,2025-01-28,quality_issue,111.01,2025-01-13,15
RET001219,ORD0010124,2025-01-27,wrong_size,12.23,2025-01-13,14
RET000321,ORD0010135,2025-01-25,late_delivery,173.18,2025-01-13,12
RET000266,ORD0010136,2025-01-26,changed_mind,90.66,2025-01-14,12
RET000538,ORD0010155,2025-01-17,not_as_described,498.39,2025-01-15,2
RET000382,ORD0010161,2025-01-29,wrong_size,399.47,2025-01-15,14
RET001134,ORD0010170,2025-01-29,quality_issue,768.65,2025-01-16,13
RET000837,ORD0010198,2025-01-20,not_as_described,18.76,2025-01-17,3
RET001164,ORD0010232,2025-02-01,not_as_described,29.65,2025-01-19,13
RET000233,ORD0010236,2025-01-28,wrong_size,135.48,2025-01-19,9
RET000055,ORD0010241,2025-01-21,late_delivery,509.13,2025-01-19,2
RET001279,ORD0010258,2025-02-07,changed_mind,190.26,2025-01-20,18
RET000100,ORD0010261,2025-01-31,late_delivery,49.04,2025-01-20,11
RET000994,ORD0010277,2025-01-25,quality_issue,128.88,2025-01-21,4
RET000018,ORD0010293,2025-01-31,wrong_size,161.29,2025-01-21,10
RET000090,ORD0010313,2025-02-06,changed_mind,151.94,2025-01-22,15
RET000621,ORD0010333,2025-02-06,changed_mind,46.78,2025-01-24,13
RET000973,ORD0010339,2025-02-04,damaged,43.00,2025-01-24,11
RET000060,ORD0010384,2025-02-06,changed_mind,37.99,2025-01-26,11
RET001360,ORD0010434,2025-02-05,quality_issue,317.03,2025-01-28,8
RET000626,ORD0010438,2025-02-03,changed_mind,284.06,2025-01-29,5
RET001413,ORD0010445,2025-02-12,wrong_size,22.87,2025-01-29,14
RET000586,ORD0010449,2025-02-15,late_delivery,33.66,2025-01-29,17
RET000633,ORD0010470,2025-02-18,changed_mind,326.88,2025-01-30,19
RET001168,ORD0010479,2025-02-13,changed_mind,18.41,2025-01-30,14
RET000839,ORD0010505,2025-02-19,not_as_described,67.19,2025-01-31,19
RET000499,ORD0010507,2025-02-20,damaged,466.45,2025-01-31,20
RET001412,ORD0010534,2025-02-15,not_as_described,221.80,2025-02-01,14
RET001140,ORD0010551,2025-02-21,late_delivery,24.41,2025-02-02,19
RET000488,ORD0010554,2025-02-23,not_as_described,398.21,2025-02-02,21
RET000340,ORD0010581,2025-02-10,wrong_size,241.02,2025-02-03,7
RET000694,ORD0010598,2025-02-15,late_delivery,52.57,2025-02-04,11
RET001185,ORD0010606,2025-02-16,damaged,491.43,2025-02-04,12
RET000035,ORD0010647,2025-02-10,wrong_size,174.83,2025-02-06,4
RET000658,ORD0010679,2025-02-18,wrong_size,245.17,2025-02-07,11
RET000095,ORD0010697,2025-02-17,wrong_size,11.81,2025-02-07,10
RET000379,ORD0010701,2025-02-19,unspecified,148.39,2025-02-08,11
RET001243,ORD0010710,2025-02-14,late_delivery,55.72,2025-02-08,6
RET000429,ORD0010711,2025-03-01,quality_issue,7.29,2025-02-08,21
RET001154,ORD0010720,2025-02-17,wrong_size,31.44,2025-02-08,9
RET000627,ORD0010721,2025-02-12,not_as_described,15.49,2025-02-08,4
RET001065,ORD0010727,2025-02-22,quality_issue,45.57,2025-02-08,14
RET000956,ORD0010769,2025-02-27,quality_issue,25.84,2025-02-10,17
RET000720,ORD0010770,2025-02-24,not_as_described,65.15,2025-02-10,14
RET000327,ORD0010797,2025-03-02,late_delivery,696.56,2025-02-11,19
RET000992,ORD0010836,2025-02-19,late_delivery,16.53,2025-02-13,6
RET001349,ORD0010844,2025-02-26,not_as_described,30.77,2025-02-13,13
RET000302,ORD0010853,2025-03-04,wrong_size,223.43,2025-02-13,19
RET000113,ORD0010855,2025-03-04,damaged,143.94,2025-02-13,19
RET000848,ORD0010886,2025-02-20,not_as_described,28.55,2025-02-14,6
RET000717,ORD0010927,2025-02-21,wrong_size,16.75,2025-02-15,6
RET000900,ORD0010943,2025-02-25,wrong_size,619.73,2025-02-15,10
RET001162,ORD0010946,2025-02-19,quality_issue,12.96,2025-02-15,4
RET000485,ORD0010978,2025-02-20,damaged,459.92,2025-02-16,4
RET000655,ORD0010998,2025-02-23,late_delivery,72.56,2025-02-17,6
RET000198,ORD0011030,2025-03-11,quality_issue,31.75,2025-02-18,21
RET000197,ORD0011032,2025-03-05,wrong_size,280.22,2025-02-19,14
RET000175,ORD0011054,2025-03-04,quality_issue,513.97,2025-02-19,13
RET000185,ORD0011068,2025-03-11,damaged,275.21,2025-02-20,19
RET001256,ORD0011070,2025-03-08,damaged,91.92,2025-02-20,16
RET001149,ORD0011080,2025-03-09,damaged,77.10,2025-02-20,17
RET000944,ORD0011113,2025-03-11,changed_mind,125.57,2025-02-21,18
RET000725,ORD0011122,2025-03-13,changed_mind,9.49,2025-02-22,19
RET000392,ORD0011128,2025-03-06,damaged,22.49,2025-02-22,12
RET000711,ORD0011137,2025-03-14,not_as_described,47.15,2025-02-22,20
RET000833,ORD0011149,2025-03-11,changed_mind,117.40,2025-02-22,17
RET001082,ORD0011201,2025-03-06,unspecified,255.16,2025-02-24,10
RET000889,ORD0011207,2025-02-28,late_delivery,18.26,2025-02-24,4
RET000494,ORD0011229,2025-03-10,damaged,255.24,2025-02-25,13
RET001060,ORD0011232,2025-03-13,not_as_described,1207.79,2025-02-25,16
RET001281,ORD0011243,2025-03-06,quality_issue,170.85,2025-02-26,8
RET000081,ORD0011255,2025-03-09,wrong_size,57.61,2025-02-26,11
RET001139,ORD0011294,2025-03-18,changed_mind,197.53,2025-02-27,19
RET000324,ORD0011295,2025-03-03,late_delivery,533.20,2025-02-27,4
RET000947,ORD0011312,2025-03-18,damaged,519.37,2025-02-28,18
RET000008,ORD0011327,2025-03-20,quality_issue,187.23,2025-02-28,20
RET000888,ORD0011330,2025-03-08,changed_mind,82.64,2025-02-28,8
RET000085,ORD0011365,2025-03-18,quality_issue,57.55,2025-03-01,17
RET000909,ORD0011376,2025-03-09,wrong_size,35.54,2025-03-02,7
RET000583,ORD0011383,2025-03-13,changed_mind,47.29,2025-03-02,11
RET001009,ORD0011396,2025-03-06,changed_mind,455.31,2025-03-02,4
RET000180,ORD0011413,2025-03-06,changed_mind,101.35,2025-03-03,3
RET000821,ORD0011433,2025-03-12,changed_mind,230.53,2025-03-03,9
RET000154,ORD0011440,2025-03-05,damaged,77.12,2025-03-03,2
RET000625,ORD0011447,2025-03-12,late_delivery,132.23,2025-03-03,9
RET001318,ORD0011455,2025-03-24,damaged,199.73,2025-03-03,21
RET001072,ORD0011466,2025-03-21,late_delivery,143.28,2025-03-03,18
RET000578,ORD0011470,2025-03-09,changed_mind,185.89,2025-03-03,6
RET000915,ORD0011494,2025-03-24,quality_issue,142.79,2025-03-04,20
RET000898,ORD0011510,2025-03-19,changed_mind,198.91,2025-03-04,15
RET000403,ORD0011539,2025-03-19,late_delivery,56.43,2025-03-04,15
RET000815,ORD0011563,2025-03-25,not_as_described,333.30,2025-03-04,21
RET000574,ORD0011567,2025-03-07,wrong_size,535.83,2025-03-04,3
RET001066,ORD0011574,2025-03-16,wrong_size,220.37,2025-03-05,11
RET000491,ORD0011610,2025-03-11,not_as_described,436.57,2025-03-06,5
RET000700,ORD0011617,2025-03-25,late_delivery,83.62,2025-03-06,19
RET000128,ORD0011637,2025-03-20,damaged,36.35,2025-03-07,13
RET001313,ORD0011644,2025-03-18,not_as_described,849.10,2025-03-07,11
RET000592,ORD0011655,2025-03-27,wrong_size,166.32,2025-03-07,20
RET000851,ORD0011664,2025-03-10,damaged,307.98,2025-03-08,2
RET001158,ORD0011696,2025-03-19,damaged,269.82,2025-03-08,11
RET001238,ORD0011700,2025-03-25,wrong_size,35.13,2025-03-09,16
RET001346,ORD0011714,2025-03-15,quality_issue,54.50,2025-03-09,6
RET001242,ORD0011715,2025-03-11,changed_mind,22.38,2025-03-09,2
RET000588,ORD0011720,2025-03-14,changed_mind,100.63,2025-03-09,5
RET000475,ORD0011736,2025-03-19,quality_issue,56.95,2025-03-10,9
RET000657,ORD0011749,2025-03-21,quality_issue,88.79,2025-03-11,10
RET001040,ORD0011752,2025-03-19,quality_issue,11.37,2025-03-11,8
RET000567,ORD0011756,2025-03-29,wrong_size,185.29,2025-03-11,18
RET000932,ORD0011770,2025-03-23,not_as_described,205.31,2025-03-12,11
RET000318,ORD0011813,2025-03-28,not_as_described,276.14,2025-03-13,15
RET001224,ORD0011844,2025-03-27,late_delivery,36.79,2025-03-14,13
RET000200,ORD0011894,2025-03-21,not_as_described,162.81,2025-03-15,6
RET000075,ORD0011925,2025-03-18,damaged,239.41,2025-03-16,2
RET001036,ORD0011935,2025-03-22,quality_issue,647.73,2025-03-16,6
RET000702,ORD0011949,2025-04-01,unspecified,10.34,2025-03-17,15
RET001271,ORD0011994,2025-04-07,changed_mind,468.67,2025-03-18,20
RET000271,ORD0012018,2025-03-26,changed_mind,88.38,2025-03-19,7
RET000843,ORD0012045,2025-03-25,late_delivery,107.43,2025-03-21,4
RET000278,ORD0012050,2025-04-02,not_as_described,430.82,2025-03-21,12
RET001220,ORD0012054,2025-04-09,changed_mind,474.10,2025-03-21,19
RET000313,ORD0012059,2025-03-24,not_as_described,625.94,2025-03-21,3
RET000697,ORD0012060,2025-03-23,quality_issue,45.29,2025-03-21,2
RET000914,ORD0012099,2025-03-31,not_as_described,549.24,2025-03-22,9
RET000295,ORD0012123,2025-04-10,damaged,146.12,2025-03-23,18
RET000296,ORD0012133,2025-04-12,late_delivery,48.80,2025-03-24,19
RET000998,ORD0012137,2025-04-04,quality_issue,111.27,2025-03-24,11
RET000487,ORD0012140,2025-03-29,not_as_described,68.59,2025-03-24,5
RET001277,ORD0012164,2025-03-27,late_delivery,153.59,2025-03-25,2
RET000064,ORD0012179,2025-04-09,changed_mind,19.19,2025-03-25,15
RET000323,ORD0012182,2025-04-10,damaged,216.27,2025-03-25,16
RET001151,ORD0012204,2025-03-28,quality_issue,195.85,2025-03-26,2
RET001130,ORD0012214,2025-04-14,damaged,262.17,2025-03-27,18
RET001208,ORD0012223,2025-04-13,changed_mind,67.65,2025-03-27,17
RET001358,ORD0012243,2025-04-04,not_as_described,265.17,2025-03-28,7
RET000106,ORD0012245,2025-04-11,changed_mind,26.32,2025-03-28,14
RET001286,ORD0012278,2025-04-11,damaged,30.81,2025-03-29,13
RET000222,ORD0012283,2025-04-16,unspecified,11.81,2025-03-29,18
RET000132,ORD0012288,2025-04-12,not_as_described,38.27,2025-03-29,14
RET001296,ORD0012318,2025-04-14,quality_issue,34.21,2025-03-30,15
RET000867,ORD0012332,2025-04-07,not_as_described,403.20,2025-03-31,7
RET001092,ORD0012350,2025-04-06,damaged,205.39,2025-03-31,6
RET000395,ORD0012354,2025-04-19,damaged,44.71,2025-04-01,18
RET001095,ORD0012358,2025-04-07,late_delivery,11.26,2025-04-01,6
RET000027,ORD0012386,2025-04-13,wrong_size,33.57,2025-04-02,11
RET001317,ORD0012389,2025-04-12,not_as_described,42.61,2025-04-02,10
RET000022,ORD0012395,2025-04-08,wrong_size,41.47,2025-04-02,6
RET001033,ORD0012420,2025-04-17,wrong_size,285.33,2025-04-03,14
RET000020,ORD0012429,2025-04-24,wrong_size,535.27,2025-04-03,21
RET000242,ORD0012435,2025-04-24,unspecified,194.56,2025-04-03,21
RET000359,ORD0012461,2025-04-18,wrong_size,738.15,2025-04-04,14
RET000595,ORD0012482,2025-04-21,late_delivery,314.88,2025-04-05,16
RET001333,ORD0012504,2025-04-17,wrong_size,150.09,2025-04-05,12
RET000716,ORD0012507,2025-04-12,unspecified,1168.76,2025-04-05,7
RET000112,ORD0012523,2025-04-21,damaged,20.42,2025-04-06,15
RET000862,ORD0012531,2025-04-25,wrong_size,295.34,2025-04-06,19
RET001144,ORD0012544,2025-04-17,late_delivery,19.21,2025-04-06,11
RET000427,ORD0012545,2025-04-16,late_delivery,187.42,2025-04-06,10
RET000512,ORD0012571,2025-04-20,wrong_size,309.31,2025-04-07,13
RET000803,ORD0012574,2025-04-19,wrong_size,12.54,2025-04-07,12
RET000732,ORD0012585,2025-04-12,damaged,134.46,2025-04-08,4
RET000729,ORD0012595,2025-04-26,not_as_described,401.39,2025-04-08,18
RET000246,ORD0012622,2025-04-25,changed_mind,29.27,2025-04-09,16
RET000444,ORD0012650,2025-04-23,changed_mind,45.14,2025-04-10,13
RET000306,ORD0012687,2025-04-29,quality_issue,862.98,2025-04-11,18
RET001405,ORD0012707,2025-04-16,quality_issue,547.74,2025-04-12,4
RET000733,ORD0012727,2025-04-15,late_delivery,133.49,2025-04-13,2
RET001112,ORD0012752,2025-04-18,wrong_size,227.99,2025-04-14,4
RET000896,ORD0012760,2025-04-16,not_as_described,548.23,2025-04-14,2
RET001160,ORD0012770,2025-04-26,changed_mind,326.88,2025-04-14,12
RET001000,ORD0012772,2025-04-19,not_as_described,186.67,2025-04-14,5
RET001004,ORD0012773,2025-05-02,changed_mind,161.05,2025-04-15,17
RET000436,ORD0012775,2025-04-18,changed_mind,106.56,2025-04-15,3
RET001343,ORD0012780,2025-04-27,damaged,103.00,2025-04-15,12
RET001064,ORD0012792,2025-04-25,late_delivery,13.99,2025-04-15,10
RET000208,ORD0012799,2025-04-19,late_delivery,191.27,2025-04-15,4
RET000466,ORD0012806,2025-04-27,late_delivery,155.81,2025-04-16,11
RET000856,ORD0012826,2025-04-22,wrong_size,34.32,2025-04-17,5
RET000432,ORD0012832,2025-04-19,changed_mind,48.79,2025-04-17,2
RET000293,ORD0012844,2025-05-06,damaged,141.15,2025-04-17,19
RET000594,ORD0012856,2025-04-22,wrong_size,59.86,2025-04-18,4
RET000394,ORD0012887,2025-04-25,not_as_described,54.64,2025-04-19,6
RET001347,ORD0012891,2025-04-23,wrong_size,152.69,2025-04-19,4
RET001390,ORD0012900,2025-05-05,wrong_size,201.92,2025-04-19,16
RET000653,ORD0012905,2025-05-03,not_as_described,79.21,2025-04-19,14
RET000142,ORD0012941,2025-05-01,wrong_size,334.00,2025-04-21,10
RET000288,ORD0012944,2025-04-25,late_delivery,51.25,2025-04-21,4
RET000739,ORD0012957,2025-04-24,wrong_size,136.20,2025-04-21,3
RET000339,ORD0012961,2025-04-24,quality_issue,23.41,2025-04-21,3
RET001032,ORD0012968,2025-05-12,late_delivery,71.28,2025-04-21,21
RET001330,ORD0012981,2025-05-08,late_delivery,326.21,2025-04-22,16
RET000878,ORD0012993,2025-05-03,unspecified,67.05,2025-04-22,11
RET000772,ORD0013053,2025-04-27,late_delivery,238.28,2025-04-25,2
RET001118,ORD0013054,2025-04-28,quality_issue,12.95,2025-04-25,3
RET000434,ORD0013059,2025-05-07,wrong_size,22.32,2025-04-25,12
RET000196,ORD0013072,2025-04-30,wrong_size,337.97,2025-04-26,4
RET000808,ORD0013110,2025-05-08,not_as_described,7.64,2025-04-27,11
RET000230,ORD0013119,2025-05-14,wrong_size,191.49,2025-04-27,17
RET001310,ORD0013144,2025-05-12,not_as_described,56.62,2025-04-28,14
RET000390,ORD0013145,2025-05-04,wrong_size,1109.56,2025-04-28,6
RET001031,ORD0013147,2025-05-19,damaged,247.78,2025-04-28,21
RET000899,ORD0013151,2025-05-05,changed_mind,10.40,2025-04-28,7
RET000652,ORD0013160,2025-05-09,unspecified,185.90,2025-04-29,10
RET000184,ORD0013166,2025-05-09,late_delivery,265.22,2025-04-29,10
RET000671,ORD0013167,2025-05-03,not_as_described,356.46,2025-04-29,4
RET000165,ORD0013170,2025-05-07,damaged,73.30,2025-04-29,8
RET000383,ORD0013180,2025-05-03,wrong_size,4.75,2025-04-29,4
RET000207,ORD0013189,2025-05-19,changed_mind,464.54,2025-04-30,19
RET000788,ORD0013214,2025-05-09,late_delivery,164.90,2025-05-01,8
RET000735,ORD0013224,2025-05-20,late_delivery,214.97,2025-05-01,19
RET000042,ORD0013240,2025-05-17,not_as_described,581.48,2025-05-02,15
RET000284,ORD0013247,2025-05-10,late_delivery,68.18,2025-05-02,8
RET000367,ORD0013251,2025-05-22,changed_mind,18.83,2025-05-02,20
RET001233,ORD0013279,2025-05-14,quality_issue,11.34,2025-05-03,11
RET001050,ORD0013280,2025-05-24,not_as_described,31.21,2025-05-03,21
RET001022,ORD0013362,2025-05-09,wrong_size,305.32,2025-05-06,3
RET000893,ORD0013363,2025-05-13,damaged,115.48,2025-05-06,7
RET000472,ORD0013368,2025-05-26,changed_mind,629.91,2025-05-07,19
RET000364,ORD0013397,2025-05-12,not_as_described,216.81,2025-05-08,4
RET000740,ORD0013412,2025-05-29,late_delivery,201.11,2025-05-08,21
RET001013,ORD0013444,2025-05-29,quality_issue,6.78,2025-05-09,20
RET000676,ORD0013453,2025-05-13,quality_issue,6.27,2025-05-10,3
RET000593,ORD0013464,2025-05-19,wrong_size,9.79,2025-05-10,9
RET000761,ORD0013469,2025-05-21,late_delivery,281.38,2025-05-10,11
RET000256,ORD0013493,2025-05-18,changed_mind,39.80,2025-05-11,7
RET000152,ORD0013503,2025-05-31,changed_mind,303.12,2025-05-11,20
RET000993,ORD0013508,2025-05-29,damaged,27.07,2025-05-11,18
RET000687,ORD0013522,2025-05-16,not_as_described,372.37,2025-05-12,4
RET000895,ORD0013559,2025-05-22,changed_mind,255.88,2025-05-13,9
RET000525,ORD0013560,2025-05-28,changed_mind,86.03,2025-05-13,15
RET000076,ORD0013563,2025-05-22,quality_issue,438.43,2025-05-13,9
RET000351,ORD0013613,2025-05-17,quality_issue,75.21,2025-05-15,2
RET000370,ORD0013626,2025-05-20,late_delivery,157.95,2025-05-15,5
RET001414,ORD0013650,2025-05-31,late_delivery,89.23,2025-05-16,15
RET000809,ORD0013670,2025-05-26,damaged,137.11,2025-05-16,10
RET001044,ORD0013721,2025-05-20,quality_issue,269.76,2025-05-18,2
RET000558,ORD0013723,2025-06-02,quality_issue,236.83,2025-05-18,15
RET001374,ORD0013727,2025-05-27,damaged,50.39,2025-05-18,9
RET000250,ORD0013733,2025-05-29,quality_issue,67.76,2025-05-18,11
RET000404,ORD0013734,2025-06-02,late_delivery,52.42,2025-05-18,15
RET001184,ORD0013738,2025-05-29,not_as_described,16.42,2025-05-18,11
RET000025,ORD0013757,2025-05-24,not_as_described,58.52,2025-05-19,5
RET000317,ORD0013762,2025-06-09,changed_mind,180.36,2025-05-19,21
RET001340,ORD0013781,2025-05-29,not_as_described,38.79,2025-05-20,9
RET000274,ORD0013784,2025-05-26,not_as_described,49.26,2025-05-20,6
RET000254,ORD0013788,2025-05-29,wrong_size,23.61,2025-05-20,9
RET001094,ORD0013790,2025-06-02,wrong_size,266.15,2025-05-20,13
RET000521,ORD0013800,2025-05-23,damaged,108.79,2025-05-20,3
RET000939,ORD0013808,2025-06-05,not_as_described,177.79,2025-05-21,15
RET000460,ORD0013813,2025-06-05,wrong_size,1517.09,2025-05-21,15
RET001298,ORD0013890,2025-06-02,quality_issue,6.28,2025-05-23,10
RET000194,ORD0013891,2025-06-08,late_delivery,9.78,2025-05-23,16
RET000835,ORD0013894,2025-06-03,wrong_size,61.79,2025-05-24,10
RET000616,ORD0013911,2025-06-13,late_delivery,187.52,2025-05-24,20
RET001270,ORD0013952,2025-06-08,not_as_described,16.46,2025-05-25,14
RET001034,ORD0013960,2025-06-01,changed_mind,4.33,2025-05-25,7
RET000871,ORD0013963,2025-05-28,late_delivery,102.78,2025-05-25,3
RET000703,ORD0013964,2025-06-14,not_as_described,25.29,2025-05-25,20
RET000963,ORD0013972,2025-06-04,quality_issue,43.01,2025-05-26,9
RET000515,ORD0014042,2025-06-10,damaged,23.75,2025-05-28,13
RET001001,ORD0014070,2025-06-14,damaged,52.87,2025-05-29,16
RET000168,ORD0014085,2025-06-08,late_delivery,9.67,2025-05-30,9
RET000159,ORD0014087,2025-06-13,late_delivery,177.35,2025-05-30,14
RET001355,ORD0014093,2025-06-04,changed_mind,207.71,2025-05-30,5
RET000650,ORD0014094,2025-06-06,wrong_size,35.43,2025-05-30,7
RET001067,ORD0014120,2025-06-18,unspecified,109.40,2025-05-31,18
RET000701,ORD0014126,2025-06-19,changed_mind,131.85,2025-05-31,19
RET000046,ORD0014183,2025-06-09,damaged,76.41,2025-06-02,7
RET000078,ORD0014197,2025-06-18,late_delivery,23.79,2025-06-03,15
RET001089,ORD0014210,2025-06-05,quality_issue,593.52,2025-06-03,2
RET001174,ORD0014222,2025-06-07,quality_issue,125.17,2025-06-04,3
RET000474,ORD0014226,2025-06-13,damaged,262.45,2025-06-04,9
RET001058,ORD0014235,2025-06-13,damaged,549.71,2025-06-04,9
RET000770,ORD0014241,2025-06-14,late_delivery,10.55,2025-06-04,10
RET000661,ORD0014243,2025-06-17,quality_issue,189.94,2025-06-04,13
RET000631,ORD0014270,2025-06-20,wrong_size,25.04,2025-06-06,14
RET000431,ORD0014282,2025-06-18,late_delivery,72.38,2025-06-06,12
RET000072,ORD0014306,2025-06-17,changed_mind,23.72,2025-06-07,10
RET000238,ORD0014411,2025-06-16,damaged,48.38,2025-06-11,5
RET001210,ORD0014413,2025-06-17,damaged,38.15,2025-06-11,6
RET000203,ORD0014417,2025-06-13,changed_mind,59.21,2025-06-11,2
RET000969,ORD0014420,2025-07-02,late_delivery,25.17,2025-06-11,21
RET000158,ORD0014451,2025-06-20,late_delivery,43.66,2025-06-12,8
RET000480,ORD0014468,2025-06-16,not_as_described,42.70,2025-06-13,3
RET000935,ORD0014475,2025-06-22,not_as_described,75.52,2025-06-13,9
RET000734,ORD0014480,2025-06-25,late_delivery,570.87,2025-06-14,11
RET001129,ORD0014482,2025-06-17,damaged,85.57,2025-06-14,3
RET000344,ORD0014516,2025-07-02,damaged,12.04,2025-06-15,17
RET000746,ORD0014529,2025-06-26,late_delivery,108.89,2025-06-15,11
RET000305,ORD0014568,2025-06-20,quality_issue,91.83,2025-06-16,4
RET000345,ORD0014584,2025-07-06,changed_mind,76.70,2025-06-17,19
RET000425,ORD0014604,2025-07-07,damaged,98.35,2025-06-17,20
RET000226,ORD0014617,2025-07-09,changed_mind,47.19,2025-06-18,21
RET000173,ORD0014619,2025-06-27,wrong_size,1618.58,2025-06-18,9
RET000514,ORD0014620,2025-06-25,changed_mind,25.48,2025-06-18,7
RET000470,ORD0014642,2025-06-21,quality_issue,111.87,2025-06-18,3
RET000279,ORD0014661,2025-06-28,quality_issue,17.27,2025-06-19,9
RET001125,ORD0014682,2025-06-30,late_delivery,275.10,2025-06-20,10
RET001369,ORD0014693,2025-07-07,quality_issue,215.37,2025-06-21,16
RET000121,ORD0014732,2025-07-09,unspecified,282.75,2025-06-22,17
RET000911,ORD0014780,2025-07-11,changed_mind,436.58,2025-06-24,17
RET000497,ORD0014791,2025-07-12,not_as_described,146.70,2025-06-24,18
RET000066,ORD0014797,2025-07-03,not_as_described,84.29,2025-06-24,9
RET000706,ORD0014799,2025-06-29,not_as_described,77.20,2025-06-24,5
RET000670,ORD0014800,2025-07-01,changed_mind,128.98,2025-06-24,7
RET000300,ORD0014805,2025-07-11,late_delivery,201.55,2025-06-24,17
RET000139,ORD0014813,2025-07-11,quality_issue,27.52,2025-06-25,16
RET000291,ORD0014853,2025-07-08,late_delivery,22.30,2025-06-26,12
RET000371,ORD0014855,2025-07-06,changed_mind,57.71,2025-06-26,10
RET000478,ORD0014858,2025-07-03,damaged,276.40,2025-06-26,7
RET001133,ORD0014865,2025-06-29,not_as_described,60.36,2025-06-26,3
RET000858,ORD0014897,2025-07-11,wrong_size,62.81,2025-06-27,14
RET001163,ORD0014898,2025-07-13,quality_issue,374.78,2025-06-27,16
RET000330,ORD0014940,2025-07-06,wrong_size,409.72,2025-06-29,7
RET001255,ORD0014968,2025-07-09,not_as_described,24.68,2025-06-30,9
RET001037,ORD0014988,2025-07-08,changed_mind,84.53,2025-07-01,7
RET000602,ORD0015006,2025-07-21,late_delivery,87.73,2025-07-01,20
RET000243,ORD0015018,2025-07-15,quality_issue,239.72,2025-07-02,13
RET000748,ORD0015034,2025-07-16,late_delivery,1655.63,2025-07-03,13
RET001337,ORD0015041,2025-07-19,not_as_described,82.62,2025-07-03,16
RET000923,ORD0015052,2025-07-09,not_as_described,63.08,2025-07-03,6
RET000422,ORD0015064,2025-07-12,damaged,85.60,2025-07-04,8
RET000524,ORD0015073,2025-07-09,not_as_described,65.93,2025-07-04,5
RET000845,ORD0015088,2025-07-24,late_delivery,51.09,2025-07-05,19
RET001124,ORD0015101,2025-07-07,not_as_described,928.17,2025-07-05,2
RET000713,ORD0015109,2025-07-10,late_delivery,28.34,2025-07-06,4
RET001030,ORD0015142,2025-07-26,wrong_size,634.51,2025-07-07,19
RET000481,ORD0015198,2025-07-27,quality_issue,131.70,2025-07-10,17
RET000276,ORD0015200,2025-07-30,quality_issue,554.59,2025-07-10,20
RET000559,ORD0015237,2025-07-18,late_delivery,44.98,2025-07-12,6
RET001127,ORD0015254,2025-07-26,damaged,24.94,2025-07-13,13
RET001194,ORD0015255,2025-07-22,wrong_size,56.07,2025-07-13,9
RET000599,ORD0015258,2025-07-21,unspecified,262.93,2025-07-13,8
RET000354,ORD0015289,2025-07-30,damaged,462.01,2025-07-14,16
RET001117,ORD0015298,2025-08-03,late_delivery,43.29,2025-07-15,19
RET000841,ORD0015301,2025-07-22,not_as_described,124.33,2025-07-15,7
RET000527,ORD0015313,2025-07-25,changed_mind,10.72,2025-07-16,9
RET000958,ORD0015378,2025-08-01,quality_issue,9.15,2025-07-18,14
RET000389,ORD0015381,2025-07-22,wrong_size,8.22,2025-07-18,4
RET000600,ORD0015388,2025-08-06,changed_mind,124.16,2025-07-19,18
RET000936,ORD0015414,2025-08-01,damaged,70.71,2025-07-20,12
RET001373,ORD0015439,2025-08-03,not_as_described,18.50,2025-07-21,13
RET000785,ORD0015452,2025-08-06,not_as_described,253.53,2025-07-21,16
RET000059,ORD0015482,2025-08-12,unspecified,257.06,2025-07-23,20
RET000907,ORD0015519,2025-08-09,damaged,90.42,2025-07-24,16
RET000959,ORD0015549,2025-07-30,unspecified,219.95,2025-07-26,4
RET000111,ORD0015564,2025-07-28,wrong_size,96.18,2025-07-26,2
RET000420,ORD0015574,2025-08-11,not_as_described,64.34,2025-07-26,16
RET001252,ORD0015583,2025-08-14,wrong_size,152.94,2025-07-27,18
RET000356,ORD0015588,2025-08-05,not_as_described,278.16,2025-07-27,9
RET000062,ORD0015609,2025-08-02,not_as_described,1096.92,2025-07-27,6
RET000674,ORD0015630,2025-08-12,damaged,117.52,2025-07-28,15
RET000672,ORD0015632,2025-08-06,damaged,51.22,2025-07-28,9
RET001241,ORD0015640,2025-08-19,quality_issue,413.16,2025-07-29,21
RET000249,ORD0015653,2025-08-10,not_as_described,88.47,2025-07-29,12
RET001409,ORD0015678,2025-08-20,changed_mind,8.36,2025-07-30,21
RET000934,ORD0015689,2025-08-11,not_as_described,72.48,2025-07-31,11
RET001195,ORD0015692,2025-08-10,quality_issue,27.48,2025-07-31,10
RET000890,ORD0015703,2025-08-18,not_as_described,57.59,2025-08-01,17
RET000606,ORD0015706,2025-08-12,late_delivery,172.89,2025-08-01,11
RET000127,ORD0015738,2025-08-09,not_as_described,14.91,2025-08-02,7
RET000924,ORD0015744,2025-08-23,quality_issue,258.71,2025-08-03,20
RET001362,ORD0015758,2025-08-16,wrong_size,17.91,2025-08-03,13
RET001196,ORD0015794,2025-08-13,late_delivery,263.26,2025-08-04,9
RET001206,ORD0015812,2025-08-11,unspecified,149.01,2025-08-05,6
RET001394,ORD0015816,2025-08-17,quality_issue,196.75,2025-08-06,11
RET001247,ORD0015851,2025-08-20,not_as_described,812.48,2025-08-07,13
RET001062,ORD0015854,2025-08-21,not_as_described,325.64,2025-08-07,14
RET000409,ORD0015881,2025-08-19,quality_issue,169.73,2025-08-08,11
RET001086,ORD0015888,2025-08-15,late_delivery,28.16,2025-08-09,6
RET000860,ORD0015890,2025-08-29,wrong_size,216.57,2025-08-09,20
RET000162,ORD0015897,2025-08-11,wrong_size,63.69,2025-08-09,2
RET000195,ORD0015942,2025-08-22,quality_issue,112.97,2025-08-11,11
RET000483,ORD0015943,2025-08-21,changed_mind,78.92,2025-08-11,10
RET000630,ORD0015945,2025-08-31,not_as_described,128.73,2025-08-11,20
RET000214,ORD0015957,2025-08-17,quality_issue,194.25,2025-08-12,5
RET000280,ORD0015993,2025-08-17,quality_issue,72.52,2025-08-13,4
RET000922,ORD0016003,2025-08-25,not_as_described,15.33,2025-08-14,11
RET001232,ORD0016009,2025-09-02,not_as_described,333.68,2025-08-14,19
RET001192,ORD0016010,2025-08-24,not_as_described,510.48,2025-08-14,10
RET000024,ORD0016031,2025-08-31,quality_issue,91.19,2025-08-15,16
RET000206,ORD0016037,2025-08-20,quality_issue,49.28,2025-08-15,5
RET001226,ORD0016042,2025-08-22,changed_mind,310.38,2025-08-16,6
RET001288,ORD0016067,2025-09-05,wrong_size,161.11,2025-08-16,20
RET000853,ORD0016069,2025-08-26,late_delivery,74.81,2025-08-17,9
RET000868,ORD0016076,2025-08-25,not_as_described,179.61,2025-08-17,8
RET001048,ORD0016079,2025-09-07,quality_issue,121.34,2025-08-17,21
RET000500,ORD0016085,2025-08-24,wrong_size,49.36,2025-08-17,7
RET000678,ORD0016092,2025-09-05,quality_issue,194.06,2025-08-17,19
RET000398,ORD0016093,2025-09-02,changed_mind,200.13,2025-08-17,16
RET000552,ORD0016105,2025-08-26,wrong_size,41.01,2025-08-18,8
RET000397,ORD0016119,2025-08-26,not_as_described,101.00,2025-08-18,8
RET000824,ORD0016128,2025-08-24,wrong_size,30.61,2025-08-19,5
RET000268,ORD0016168,2025-09-03,not_as_described,63.92,2025-08-20,14
RET000314,ORD0016170,2025-09-03,damaged,6.79,2025-08-20,14
RET000548,ORD0016178,2025-08-29,not_as_described,227.21,2025-08-21,8
RET000290,ORD0016217,2025-08-26,unspecified,180.16,2025-08-22,4
RET000135,ORD0016224,2025-08-31,not_as_described,253.84,2025-08-22,9
RET000581,ORD0016229,2025-08-26,wrong_size,83.07,2025-08-22,4
RET001264,ORD0016242,2025-08-28,wrong_size,31.93,2025-08-23,5
RET000065,ORD0016257,2025-08-31,wrong_size,16.21,2025-08-23,8
RET001336,ORD0016291,2025-08-28,damaged,336.04,2025-08-24,4
RET000776,ORD0016302,2025-09-11,late_delivery,31.51,2025-08-25,17
RET000461,ORD0016327,2025-09-04,late_delivery,42.57,2025-08-26,9
RET001024,ORD0016355,2025-09-02,not_as_described,104.63,2025-08-27,6
RET000879,ORD0016385,2025-09-18,wrong_size,570.83,2025-08-28,21
RET000129,ORD0016390,2025-09-15,changed_mind,119.45,2025-08-28,18
RET000985,ORD0016401,2025-09-04,not_as_described,668.36,2025-08-29,6
RET000469,ORD0016408,2025-09-09,damaged,81.25,2025-08-29,11
RET001261,ORD0016463,2025-09-10,damaged,114.08,2025-08-31,10
RET001216,ORD0016488,2025-09-13,late_delivery,28.70,2025-09-01,12
RET001156,ORD0016501,2025-09-11,not_as_described,312.77,2025-09-01,10
RET000126,ORD0016503,2025-09-09,not_as_described,453.68,2025-09-01,8
RET001161,ORD0016511,2025-09-09,late_delivery,6.83,2025-09-02,7
RET000374,ORD0016563,2025-09-18,changed_mind,263.39,2025-09-03,15
RET001166,ORD0016573,2025-09-19,changed_mind,158.82,2025-09-04,15
RET000378,ORD0016576,2025-09-17,damaged,124.86,2025-09-04,13
RET001191,ORD0016582,2025-09-23,quality_issue,370.60,2025-09-04,19
RET001012,ORD0016613,2025-09-07,changed_mind,563.82,2025-09-05,2
RET000149,ORD0016615,2025-09-18,damaged,1895.98,2025-09-05,13
RET000794,ORD0016628,2025-09-14,wrong_size,69.00,2025-09-05,9
RET000531,ORD0016629,2025-09-08,wrong_size,119.53,2025-09-05,3
RET000368,ORD0016641,2025-09-15,wrong_size,88.39,2025-09-06,9
RET000731,ORD0016657,2025-09-20,quality_issue,24.68,2025-09-06,14
RET000048,ORD0016661,2025-09-09,late_delivery,177.85,2025-09-06,3
RET000137,ORD0016667,2025-09-15,wrong_size,1041.29,2025-09-06,9
RET001157,ORD0016677,2025-09-26,changed_mind,113.25,2025-09-07,19
RET001180,ORD0016681,2025-09-25,not_as_described,28.79,2025-09-07,18
RET001223,ORD0016687,2025-09-14,damaged,953.31,2025-09-07,7
RET000769,ORD0016718,2025-09-23,wrong_size,28.00,2025-09-08,15
RET000546,ORD0016720,2025-09-17,changed_mind,166.86,2025-09-08,9
RET001010,ORD0016721,2025-09-22,quality_issue,386.23,2025-09-08,14
RET001365,ORD0016750,2025-09-24,changed_mind,436.02,2025-09-09,15
RET001402,ORD0016752,2025-09-12,damaged,115.94,2025-09-09,3
RET001293,ORD0016769,2025-09-20,damaged,62.33,2025-09-09,11
RET001212,ORD0016772,2025-09-28,damaged,430.00,2025-09-09,19
RET000543,ORD0016776,2025-09-17,wrong_size,120.28,2025-09-10,7
RET000827,ORD0016778,2025-09-14,wrong_size,87.37,2025-09-10,4
RET000669,ORD0016786,2025-09-18,late_delivery,379.73,2025-09-10,8
RET000509,ORD0016788,2025-09-22,damaged,57.31,2025-09-10,12
RET001132,ORD0016797,2025-09-25,late_delivery,65.39,2025-09-10,15
RET000043,ORD0016815,2025-09-28,wrong_size,506.20,2025-09-11,17
RET001177,ORD0016832,2025-09-24,not_as_described,38.10,2025-09-12,12
RET000847,ORD0016851,2025-09-16,wrong_size,28.26,2025-09-13,3
RET001393,ORD0016858,2025-09-29,damaged,131.43,2025-09-13,16
RET001111,ORD0016886,2025-09-25,late_delivery,36.53,2025-09-13,12
RET001315,ORD0016896,2025-10-04,wrong_size,44.14,2025-09-14,20
RET000235,ORD0016928,2025-09-18,late_delivery,63.08,2025-09-15,3
RET000148,ORD0016953,2025-09-30,wrong_size,63.29,2025-09-16,14
RET000540,ORD0016956,2025-09-23,not_as_described,149.74,2025-09-16,7
RET000814,ORD0016959,2025-10-01,not_as_described,33.10,2025-09-16,15
RET000804,ORD0016960,2025-09-20,quality_issue,493.83,2025-09-16,4
RET001383,ORD0016975,2025-09-21,damaged,78.00,2025-09-17,4
RET000666,ORD0017037,2025-10-08,changed_mind,114.13,2025-09-19,19
RET000975,ORD0017061,2025-09-23,wrong_size,30.87,2025-09-20,3
RET001236,ORD0017086,2025-09-23,changed_mind,187.78,2025-09-21,2
RET000309,ORD0017088,2025-10-12,changed_mind,164.09,2025-09-21,21
RET000882,ORD0017093,2025-09-28,damaged,166.38,2025-09-21,7
RET000011,ORD0017094,2025-10-08,wrong_size,478.17,2025-09-21,17
RET001051,ORD0017113,2025-10-01,damaged,989.62,2025-09-21,10
RET000449,ORD0017155,2025-10-01,damaged,97.56,2025-09-23,8
RET001150,ORD0017173,2025-10-08,changed_mind,471.35,2025-09-24,14
RET000807,ORD0017224,2025-10-16,quality_issue,28.01,2025-09-25,21
RET001378,ORD0017245,2025-09-29,not_as_described,103.29,2025-09-26,3
RET000255,ORD0017252,2025-10-07,not_as_described,154.24,2025-09-26,11
RET000097,ORD0017258,2025-10-10,damaged,120.96,2025-09-26,14
RET000872,ORD0017260,2025-09-29,damaged,96.21,2025-09-27,2
RET001302,ORD0017293,2025-10-09,wrong_size,24.16,2025-09-27,12
RET000172,ORD0017309,2025-10-16,wrong_size,369.91,2025-09-28,18
RET000245,ORD0017310,2025-10-05,late_delivery,49.67,2025-09-28,7
RET000102,ORD0017314,2025-10-02,damaged,5.04,2025-09-28,4
RET001368,ORD0017332,2025-10-06,not_as_described,124.20,2025-09-28,8
RET000454,ORD0017350,2025-10-04,damaged,75.67,2025-09-29,5
RET000830,ORD0017367,2025-10-18,late_delivery,130.89,2025-09-30,18
RET000357,ORD0017390,2025-10-20,quality_issue,182.38,2025-10-01,19
RET001169,ORD0017405,2025-10-03,damaged,33.43,2025-10-01,2
RET001361,ORD0017406,2025-10-06,quality_issue,95.60,2025-10-01,5
RET000270,ORD0017434,2025-10-22,late_delivery,639.06,2025-10-02,20
RET000686,ORD0017461,2025-10-17,quality_issue,160.76,2025-10-03,14
RET000350,ORD0017474,2025-10-11,damaged,400.91,2025-10-03,8
RET001078,ORD0017505,2025-10-23,late_delivery,236.46,2025-10-04,19
RET000391,ORD0017507,2025-10-08,quality_issue,276.86,2025-10-04,4
RET001189,ORD0017524,2025-10-11,wrong_size,105.73,2025-10-04,7
RET001352,ORD0017541,2025-10-08,changed_mind,15.95,2025-10-05,3
RET000887,ORD0017561,2025-10-15,damaged,74.71,2025-10-05,10
RET000098,ORD0017596,2025-10-09,damaged,45.65,2025-10-07,2
RET001039,ORD0017597,2025-10-15,quality_issue,6.41,2025-10-07,8
RET001221,ORD0017628,2025-10-21,damaged,56.77,2025-10-08,13
RET000017,ORD0017640,2025-10-20,late_delivery,155.23,2025-10-08,12
RET000677,ORD0017654,2025-10-21,damaged,3.96,2025-10-09,12
RET000585,ORD0017673,2025-10-22,quality_issue,518.42,2025-10-10,12
RET000636,ORD0017693,2025-10-22,late_delivery,19.70,2025-10-10,12
RET000261,ORD0017722,2025-10-20,late_delivery,170.43,2025-10-11,9
RET000920,ORD0017744,2025-10-29,changed_mind,126.87,2025-10-12,17
RET001411,ORD0017746,2025-10-22,wrong_size,88.47,2025-10-12,10
RET000009,ORD0017757,2025-10-15,damaged,18.96,2025-10-13,2
RET000801,ORD0017761,2025-10-24,changed_mind,406.04,2025-10-13,11
RET000727,ORD0017769,2025-10-26,wrong_size,14.78,2025-10-13,13
RET000337,ORD0017792,2025-10-23,changed_mind,354.38,2025-10-14,9
RET000575,ORD0017805,2025-10-18,not_as_described,128.81,2025-10-14,4
RET000033,ORD0017856,2025-10-18,quality_issue,37.65,2025-10-16,2
RET001234,ORD0017858,2025-10-24,damaged,112.63,2025-10-16,8
RET000342,ORD0017869,2025-11-06,not_as_described,43.13,2025-10-16,21
RET000823,ORD0017888,2025-10-20,damaged,99.23,2025-10-17,3
RET000433,ORD0017891,2025-10-31,not_as_described,90.16,2025-10-17,14
RET000775,ORD0017894,2025-10-29,damaged,95.75,2025-10-17,12
RET001138,ORD0017915,2025-10-21,wrong_size,85.33,2025-10-18,3
RET000329,ORD0017942,2025-10-24,changed_mind,19.74,2025-10-18,6
RET001275,ORD0017952,2025-11-02,damaged,24.13,2025-10-18,15
RET000204,ORD0017964,2025-10-24,changed_mind,145.62,2025-10-19,5
RET000010,ORD0017968,2025-10-22,late_delivery,48.90,2025-10-19,3
RET000361,ORD0017979,2025-10-27,damaged,566.97,2025-10-19,8
RET000061,ORD0018016,2025-10-29,late_delivery,446.13,2025-10-20,9
RET000679,ORD0018028,2025-10-30,changed_mind,24.18,2025-10-21,9
RET000289,ORD0018049,2025-11-07,late_delivery,260.99,2025-10-22,16
RET000014,ORD0018065,2025-10-30,not_as_described,158.61,2025-10-22,8
RET000805,ORD0018076,2025-11-06,damaged,429.31,2025-10-22,15
RET001028,ORD0018093,2025-11-13,late_delivery,238.66,2025-10-23,21
RET001063,ORD0018110,2025-10-31,wrong_size,604.07,2025-10-23,8
RET000628,ORD0018113,2025-11-09,wrong_size,173.23,2025-10-23,17
RET001316,ORD0018117,2025-11-08,late_delivery,1031.63,2025-10-24,15
RET000723,ORD0018121,2025-11-14,changed_mind,76.68,2025-10-24,21
RET001152,ORD0018133,2025-10-31,changed_mind,620.48,2025-10-24,7
RET001376,ORD0018164,2025-11-11,changed_mind,60.42,2025-10-25,17
RET000962,ORD0018176,2025-11-05,damaged,55.81,2025-10-25,11
RET000087,ORD0018179,2025-11-01,damaged,173.04,2025-10-25,7
RET000019,ORD0018202,2025-11-04,changed_mind,91.08,2025-10-26,9
RET000169,ORD0018233,2025-11-03,damaged,31.53,2025-10-27,7
RET001304,ORD0018242,2025-11-11,wrong_size,217.97,2025-10-27,15
RET000618,ORD0018282,2025-11-14,late_delivery,532.60,2025-10-28,17
RET000473,ORD0018318,2025-11-05,damaged,59.68,2025-10-30,6
RET000651,ORD0018325,2025-11-14,wrong_size,31.67,2025-10-30,15
RET001097,ORD0018337,2025-11-12,wrong_size,412.01,2025-10-31,12
RET000504,ORD0018339,2025-11-11,quality_issue,7.83,2025-10-31,11
RET001321,ORD0018362,2025-11-20,late_delivery,686.44,2025-10-31,20
RET001207,ORD0018364,2025-11-09,damaged,149.45,2025-10-31,9
RET000605,ORD0018393,2025-11-22,not_as_described,477.97,2025-11-01,21
RET000408,ORD0018413,2025-11-16,late_delivery,43.02,2025-11-01,15
RET000533,ORD0018415,2025-11-15,quality_issue,62.71,2025-11-01,14
RET000088,ORD0018453,2025-11-11,damaged,17.73,2025-11-02,9
RET001370,ORD0018457,2025-11-11,quality_issue,53.60,2025-11-02,9
RET001266,ORD0018480,2025-11-18,changed_mind,113.56,2025-11-03,15
RET000265,ORD0018525,2025-11-19,late_delivery,408.23,2025-11-04,15
RET001187,ORD0018555,2025-11-09,wrong_size,38.67,2025-11-05,4
RET001300,ORD0018560,2025-11-18,changed_mind,50.35,2025-11-05,13
RET000307,ORD0018562,2025-11-09,wrong_size,842.75,2025-11-05,4
RET001027,ORD0018579,2025-11-24,damaged,135.33,2025-11-05,19
RET001085,ORD0018595,2025-11-11,quality_issue,20.40,2025-11-06,5
RET001035,ORD0018600,2025-11-13,quality_issue,234.11,2025-11-06,7
RET000038,ORD0018611,2025-11-25,not_as_described,176.87,2025-11-06,19
RET000885,ORD0018619,2025-11-16,late_delivery,99.17,2025-11-06,10
RET001011,ORD0018655,2025-11-22,late_delivery,35.89,2025-11-07,15
RET000990,ORD0018662,2025-11-24,quality_issue,138.86,2025-11-07,17
RET000007,ORD0018674,2025-11-18,quality_issue,158.60,2025-11-08,10
RET000826,ORD0018676,2025-11-13,wrong_size,66.78,2025-11-08,5
RET000082,ORD0018692,2025-11-18,wrong_size,9.36,2025-11-08,10
RET000752,ORD0018702,2025-11-11,changed_mind,120.78,2025-11-08,3
RET000182,ORD0018730,2025-11-29,quality_issue,20.62,2025-11-09,20
RET001291,ORD0018733,2025-11-28,not_as_described,258.37,2025-11-09,19
RET000526,ORD0018755,2025-11-17,late_delivery,447.34,2025-11-09,8
RET000905,ORD0018759,2025-11-24,not_as_described,29.07,2025-11-09,15
RET001110,ORD0018795,2025-11-28,damaged,324.32,2025-11-10,18
RET001218,ORD0018881,2025-12-02,late_delivery,64.14,2025-11-12,20
RET000388,ORD0018883,2025-11-22,not_as_described,128.08,2025-11-12,10
RET000612,ORD0018891,2025-11-20,late_delivery,77.23,2025-11-12,8
RET000565,ORD0018913,2025-11-27,changed_mind,11.27,2025-11-13,14
RET000976,ORD0018927,2025-12-04,quality_issue,375.50,2025-11-13,21
RET000286,ORD0018970,2025-11-20,not_as_described,52.39,2025-11-14,6
RET000707,ORD0019037,2025-11-22,not_as_described,1347.95,2025-11-15,7
RET001329,ORD0019050,2025-11-18,damaged,179.27,2025-11-16,2
RET001227,ORD0019058,2025-11-18,damaged,26.28,2025-11-16,2
RET000347,ORD0019064,2025-12-03,late_delivery,81.16,2025-11-16,17
RET000693,ORD0019087,2025-12-03,damaged,105.51,2025-11-16,17
RET001025,ORD0019089,2025-12-06,quality_issue,71.66,2025-11-16,20
RET000001,ORD0019092,2025-12-04,late_delivery,687.30,2025-11-16,18
RET000348,ORD0019101,2025-12-07,wrong_size,147.27,2025-11-16,21
RET000648,ORD0019104,2025-11-30,damaged,94.18,2025-11-17,13
RET000555,ORD0019106,2025-12-03,damaged,51.53,2025-11-17,16
RET000557,ORD0019109,2025-11-23,wrong_size,97.47,2025-11-17,6
RET000781,ORD0019113,2025-12-01,damaged,337.46,2025-11-17,14
RET001385,ORD0019123,2025-12-05,late_delivery,169.12,2025-11-17,18
RET001126,ORD0019133,2025-11-19,changed_mind,104.30,2025-11-17,2
RET000663,ORD0019135,2025-12-02,late_delivery,88.08,2025-11-17,15
RET001104,ORD0019141,2025-11-27,not_as_described,52.67,2025-11-17,10
RET000493,ORD0019146,2025-11-20,late_delivery,109.02,2025-11-18,2
RET000260,ORD0019149,2025-11-23,unspecified,154.66,2025-11-18,5
RET000192,ORD0019183,2025-12-07,late_delivery,186.23,2025-11-18,19
RET000051,ORD0019199,2025-12-03,wrong_size,60.80,2025-11-18,15
RET000094,ORD0019201,2025-11-26,quality_issue,319.68,2025-11-19,7
RET000241,ORD0019213,2025-11-22,not_as_described,87.24,2025-11-19,3
RET001015,ORD0019218,2025-12-06,late_delivery,16.62,2025-11-19,17
RET000790,ORD0019234,2025-12-04,wrong_size,686.35,2025-11-19,15
RET000811,ORD0019297,2025-12-03,damaged,11.53,2025-11-21,12
RET000983,ORD0019314,2025-12-01,late_delivery,420.14,2025-11-21,10
RET000646,ORD0019355,2025-12-06,late_delivery,222.01,2025-11-22,14
RET000784,ORD0019362,2025-12-11,damaged,115.44,2025-11-22,19
RET000682,ORD0019379,2025-11-29,not_as_described,436.05,2025-11-22,7
RET001244,ORD0019382,2025-12-13,quality_issue,67.49,2025-11-22,21
RET001083,ORD0019409,2025-12-10,quality_issue,28.58,2025-11-23,17
RET000153,ORD0019410,2025-12-09,not_as_described,848.61,2025-11-23,16
RET001246,ORD0019425,2025-12-05,not_as_described,24.04,2025-11-23,12
RET001282,ORD0019437,2025-11-27,wrong_size,94.89,2025-11-23,4
RET000705,ORD0019475,2025-11-28,damaged,61.56,2025-11-24,4
RET001416,ORD0019542,2025-11-28,wrong_size,45.14,2025-11-25,3
RET000297,ORD0019548,2025-12-05,wrong_size,364.42,2025-11-26,9
RET000360,ORD0019554,2025-12-10,quality_issue,420.63,2025-11-26,14
RET000292,ORD0019561,2025-12-01,late_delivery,39.13,2025-11-26,5
RET000724,ORD0019568,2025-12-10,late_delivery,505.03,2025-11-26,14
RET000892,ORD0019570,2025-12-02,not_as_described,103.57,2025-11-26,6
RET001240,ORD0019580,2025-12-06,not_as_described,238.14,2025-11-26,10
RET000191,ORD0019615,2025-12-08,late_delivery,626.28,2025-11-27,11
RET000873,ORD0019629,2025-12-18,quality_issue,71.26,2025-11-27,21
RET000252,ORD0019644,2025-12-12,damaged,623.76,2025-11-27,15
RET000455,ORD0019671,2025-12-15,changed_mind,521.18,2025-11-28,17
RET000928,ORD0019673,2025-12-04,quality_issue,734.62,2025-11-28,6
RET001096,ORD0019679,2025-12-03,late_delivery,224.81,2025-11-28,5
RET000471,ORD0019683,2025-12-07,quality_issue,29.51,2025-11-28,9
RET000570,ORD0019684,2025-12-14,wrong_size,204.75,2025-11-28,16
RET000692,ORD0019687,2025-12-16,changed_mind,61.12,2025-11-28,18
RET000572,ORD0019694,2025-12-09,not_as_described,774.26,2025-11-29,10
RET000151,ORD0019699,2025-12-05,damaged,67.74,2025-11-29,6
RET000681,ORD0019702,2025-12-19,wrong_size,566.80,2025-11-29,20
RET000465,ORD0019735,2025-12-18,wrong_size,645.96,2025-11-29,19
RET000508,ORD0019749,2025-12-09,changed_mind,6.56,2025-11-29,10
RET000215,ORD0019779,2025-12-07,damaged,159.52,2025-11-30,7
RET001056,ORD0019800,2025-12-20,damaged,458.40,2025-11-30,20
RET000073,ORD0019810,2025-12-20,quality_issue,327.02,2025-11-30,20
RET001287,ORD0019825,2025-12-08,wrong_size,343.10,2025-12-01,7
RET001073,ORD0019852,2025-12-09,damaged,104.73,2025-12-01,8
RET001285,ORD0019861,2025-12-22,wrong_size,14.68,2025-12-01,21
RET000738,ORD0019918,2025-12-10,late_delivery,278.01,2025-12-02,8
RET000259,ORD0019930,2025-12-06,damaged,41.88,2025-12-03,3
RET001372,ORD0019939,2025-12-12,quality_issue,44.89,2025-12-03,9
RET000977,ORD0019949,2025-12-14,damaged,14.96,2025-12-03,11
RET000820,ORD0020012,2025-12-23,changed_mind,13.57,2025-12-04,19
RET000852,ORD0020017,2025-12-25,not_as_described,42.43,2025-12-04,21
RET000028,ORD0020053,2025-12-20,late_delivery,317.91,2025-12-05,15
RET000036,ORD0020063,2025-12-07,late_delivery,368.78,2025-12-05,2
RET001079,ORD0020075,2025-12-14,damaged,20.70,2025-12-05,9
RET000743,ORD0020088,2025-12-20,wrong_size,78.40,2025-12-06,14
RET000496,ORD0020111,2025-12-10,damaged,41.30,2025-12-06,4
RET001153,ORD0020172,2025-12-24,unspecified,473.70,2025-12-07,17
RET000854,ORD0020184,2025-12-17,wrong_size,111.82,2025-12-07,10
RET001084,ORD0020198,2025-12-16,late_delivery,222.08,2025-12-08,8
RET000699,ORD0020222,2025-12-27,damaged,654.76,2025-12-08,19
RET000181,ORD0020224,2025-12-11,quality_issue,50.12,2025-12-08,3
RET000405,ORD0020225,2025-12-21,quality_issue,10.22,2025-12-08,13
RET001292,ORD0020237,2025-12-22,not_as_described,5.06,2025-12-08,14
RET000034,ORD0020249,2025-12-19,quality_issue,25.86,2025-12-08,11
RET000190,ORD0020273,2025-12-19,changed_mind,639.55,2025-12-09,10
RET000372,ORD0020285,2025-12-25,damaged,33.70,2025-12-09,16
RET001113,ORD0020311,2025-12-24,changed_mind,180.67,2025-12-10,14
RET000910,ORD0020318,2025-12-23,damaged,133.44,2025-12-10,13
RET001348,ORD0020323,2025-12-18,damaged,163.85,2025-12-10,8
RET000332,ORD0020376,2025-12-24,damaged,22.81,2025-12-11,13
RET001258,ORD0020397,2025-12-24,not_as_described,480.70,2025-12-11,13
RET000220,ORD0020424,2026-01-01,not_as_described,42.42,2025-12-12,20
RET000987,ORD0020425,2025-12-17,changed_mind,46.29,2025-12-12,5
RET000530,ORD0020445,2025-12-24,quality_issue,236.42,2025-12-12,12
RET001200,ORD0020467,2025-12-19,not_as_described,39.61,2025-12-13,6
RET000744,ORD0020493,2025-12-24,not_as_described,669.34,2025-12-13,11
RET000430,ORD0020504,2025-12-23,changed_mind,324.69,2025-12-13,10
RET000822,ORD0020520,2025-12-20,quality_issue,86.15,2025-12-13,7
RET000056,ORD0020548,2025-12-19,damaged,61.59,2025-12-14,5
RET000930,ORD0020587,2025-12-30,wrong_size,68.04,2025-12-14,16
RET000193,ORD0020607,2026-01-04,wrong_size,12.08,2025-12-15,20
RET000704,ORD0020628,2025-12-20,not_as_described,483.79,2025-12-15,5
RET001367,ORD0020646,2025-12-17,damaged,418.16,2025-12-15,2
RET000566,ORD0020677,2026-01-01,quality_issue,497.33,2025-12-16,16
RET000563,ORD0020680,2025-12-21,wrong_size,41.09,2025-12-16,5
RET001357,ORD0020692,2025-12-18,quality_issue,760.03,2025-12-16,2
RET000251,ORD0020703,2025-12-27,late_delivery,160.25,2025-12-17,10
RET000476,ORD0020708,2025-12-19,changed_mind,32.78,2025-12-17,2
RET000942,ORD0020718,2025-12-30,changed_mind,43.97,2025-12-17,13
RET000802,ORD0020727,2025-12-20,changed_mind,52.24,2025-12-17,3
RET001322,ORD0020729,2026-01-01,wrong_size,96.66,2025-12-17,15
RET000771,ORD0020757,2026-01-03,quality_issue,108.79,2025-12-17,17
RET000850,ORD0020760,2025-12-25,changed_mind,595.10,2025-12-17,8
RET000006,ORD0020765,2025-12-25,damaged,33.16,2025-12-18,7
RET000326,ORD0020769,2025-12-30,wrong_size,15.42,2025-12-18,12
RET001091,ORD0020799,2025-12-21,not_as_described,17.03,2025-12-18,3
RET000240,ORD0020815,2026-01-05,not_as_described,651.05,2025-12-18,18
RET000218,ORD0020848,2026-01-07,wrong_size,312.72,2025-12-19,19
RET000816,ORD0020896,2026-01-04,damaged,171.55,2025-12-20,15
RET000747,ORD0020903,2026-01-07,wrong_size,452.13,2025-12-20,18
RET000556,ORD0020905,2026-01-07,quality_issue,194.00,2025-12-20,18
RET000767,ORD0020916,2025-12-26,wrong_size,221.52,2025-12-20,6
RET001308,ORD0020927,2025-12-27,quality_issue,655.30,2025-12-20,7
RET001142,ORD0020981,2026-01-08,not_as_described,462.79,2025-12-21,18
RET000013,ORD0021012,2025-12-25,damaged,756.11,2025-12-22,3
RET000285,ORD0021022,2026-01-10,late_delivery,551.19,2025-12-22,19
RET001170,ORD0021041,2026-01-09,not_as_described,247.16,2025-12-22,18
RET000684,ORD0021042,2025-12-27,wrong_size,590.84,2025-12-22,5
RET000617,ORD0021046,2026-01-09,late_delivery,273.84,2025-12-22,18
RET001204,ORD0021047,2025-12-29,wrong_size,44.54,2025-12-23,6
RET001254,ORD0021053,2026-01-11,quality_issue,155.60,2025-12-23,19
RET001257,ORD0021054,2025-12-26,late_delivery,64.37,2025-12-23,3
RET001229,ORD0021059,2025-12-29,not_as_described,594.74,2025-12-23,6
RET001327,ORD0021074,2026-01-06,not_as_described,16.77,2025-12-23,14
RET000590,ORD0021084,2026-01-09,damaged,89.02,2025-12-23,17
RET001038,ORD0021091,2026-01-03,damaged,275.86,2025-12-24,10
RET000316,ORD0021099,2025-12-30,late_delivery,330.33,2025-12-24,6
RET000750,ORD0021124,2025-12-31,changed_mind,7.50,2025-12-24,7
RET000986,ORD0021156,2026-01-02,late_delivery,44.20,2025-12-25,8
RET001178,ORD0021176,2025-12-30,late_delivery,92.08,2025-12-25,5
RET000157,ORD0021178,2025-12-28,changed_mind,82.61,2025-12-25,3
RET000643,ORD0021205,2025-12-30,not_as_described,121.70,2025-12-26,4
RET000778,ORD0021230,2026-01-13,not_as_described,228.29,2025-12-26,18
RET001119,ORD0021252,2025-12-29,wrong_size,31.80,2025-12-27,2
RET001363,ORD0021254,2025-12-31,late_delivery,594.91,2025-12-27,4
RET000437,ORD0021256,2026-01-17,quality_issue,89.81,2025-12-27,21
RET000385,ORD0021282,2026-01-03,not_as_described,87.02,2025-12-27,7
RET001172,ORD0021287,2026-01-11,changed_mind,85.48,2025-12-27,15
RET000773,ORD0021288,2026-01-10,late_delivery,222.98,2025-12-27,14
RET000840,ORD0021290,2026-01-13,wrong_size,282.19,2025-12-27,17
RET000133,ORD0021298,2026-01-10,wrong_size,176.59,2025-12-27,14
RET000812,ORD0021341,2026-01-14,damaged,96.89,2025-12-28,17
RET000554,ORD0021348,2026-01-12,late_delivery,68.74,2025-12-28,15
RET001401,ORD0021368,2026-01-04,quality_issue,75.53,2025-12-28,7
RET000970,ORD0021370,2026-01-15,damaged,32.86,2025-12-28,18
RET000201,ORD0021387,2026-01-19,damaged,21.20,2025-12-29,21
RET000114,ORD0021405,2026-01-04,unspecified,218.03,2025-12-29,6
RET001278,ORD0021419,2026-01-02,not_as_described,32.94,2025-12-29,4
RET000179,ORD0021440,2026-01-20,not_as_described,54.41,2025-12-30,21
RET000275,ORD0021443,2026-01-04,late_delivery,58.97,2025-12-30,5
RET000865,ORD0021451,2026-01-15,damaged,32.03,2025-12-30,16
RET000358,ORD0021472,2026-01-07,changed_mind,61.57,2025-12-30,8
RET001377,ORD0021497,2026-01-05,not_as_described,185.50,2025-12-31,5
RET001245,ORD0021500,2026-01-13,changed_mind,147.01,2025-12-31,13
RET000506,ORD0021519,2026-01-02,damaged,35.99,2025-12-31,2
