country_code,month,channel,spend_eur,impressions,clicks,conversions,cost_per_conversion_eur,net_revenue_eur,orders_count,blended_roas
DE,2024-01-01 00:00:00,affiliate,1916.21,206387,5295,246,7.79,48804.64,153,25.47
DE,2024-01-01 00:00:00,email,842.19,92559,2110,94,8.96,48804.64,153,57.95
DE,2024-01-01 00:00:00,paid_search,4652.21,504284,12813,688,6.76,48804.64,153,10.49
DE,2024-01-01 00:00:00,social_media,3732.20,391646,9812,532,7.02,48804.64,153,13.08
DE,2024-02-01 00:00:00,affiliate,2096.94,225446,6090,272,7.71,54332.37,173,25.91
DE,2024-02-01 00:00:00,email,944.25,103230,2389,101,9.35,54332.37,173,57.54
DE,2024-02-01 00:00:00,paid_search,5098.32,551441,14172,711,7.17,54332.37,173,10.66
DE,2024-02-01 00:00:00,social_media,4182.01,454950,10655,484,8.64,54332.37,173,12.99
DE,2024-03-01 00:00:00,affiliate,2373.47,264914,6247,315,7.53,55753.13,178,23.49
DE,2024-03-01 00:00:00,email,1051.50,116470,2999,135,7.79,55753.13,178,53.02
DE,2024-03-01 00:00:00,paid_search,5859.26,662725,14683,671,8.73,55753.13,178,9.52
DE,2024-03-01 00:00:00,social_media,4671.96,497899,11868,530,8.82,55753.13,178,11.93
DE,2024-04-01 00:00:00,affiliate,2166.18,239341,5712,267,8.11,60767.39,202,28.05
DE,2024-04-01 00:00:00,email,989.76,108327,2636,121,8.18,60767.39,202,61.4
DE,2024-04-01 00:00:00,paid_search,5297.63,577204,14242,838,6.32,60767.39,202,11.47
DE,2024-04-01 00:00:00,social_media,4646.90,517666,13241,613,7.58,60767.39,202,13.08
DE,2024-05-01 00:00:00,affiliate,2403.76,274247,6807,297,8.09,67124.87,195,27.92
DE,2024-05-01 00:00:00,email,999.18,110482,2735,119,8.4,67124.87,195,67.18
DE,2024-05-01 00:00:00,paid_search,5674.86,622470,16792,801,7.08,67124.87,195,11.83
DE,2024-05-01 00:00:00,social_media,4645.36,499119,13055,702,6.62,67124.87,195,14.45
DE,2024-06-01 00:00:00,affiliate,2246.97,233593,5654,267,8.42,58254.11,176,25.93
DE,2024-06-01 00:00:00,email,1071.08,122295,2966,118,9.08,58254.11,176,54.39
DE,2024-06-01 00:00:00,paid_search,5727.58,660330,16697,838,6.83,58254.11,176,10.17
DE,2024-06-01 00:00:00,social_media,4596.59,516041,12658,636,7.23,58254.11,176,12.67
DE,2024-07-01 00:00:00,affiliate,1889.65,204450,5107,235,8.04,39326.87,134,20.81
DE,2024-07-01 00:00:00,email,814.84,88147,2265,110,7.41,39326.87,134,48.26
DE,2024-07-01 00:00:00,paid_search,4167.68,464175,12148,623,6.69,39326.87,134,9.44
DE,2024-07-01 00:00:00,social_media,3574.63,398431,9166,430,8.31,39326.87,134,11.0
DE,2024-08-01 00:00:00,affiliate,2050.39,233091,5912,265,7.74,40884.38,163,19.94
DE,2024-08-01 00:00:00,email,862.69,101921,2561,110,7.84,40884.38,163,47.39
DE,2024-08-01 00:00:00,paid_search,4894.48,551758,14245,738,6.63,40884.38,163,8.35
DE,2024-08-01 00:00:00,social_media,4090.98,456849,11330,527,7.76,40884.38,163,9.99
DE,2024-09-01 00:00:00,affiliate,2375.82,261715,7163,363,6.54,46551.85,165,19.59
DE,2024-09-01 00:00:00,email,1097.02,115246,2766,121,9.07,46551.85,165,42.43
DE,2024-09-01 00:00:00,paid_search,5695.97,627550,18237,862,6.61,46551.85,165,8.17
DE,2024-09-01 00:00:00,social_media,4756.47,526746,12981,593,8.02,46551.85,165,9.79
DE,2024-10-01 00:00:00,affiliate,2450.28,275660,7381,363,6.75,58388.12,186,23.83
DE,2024-10-01 00:00:00,email,1143.74,129663,3110,137,8.35,58388.12,186,51.05
DE,2024-10-01 00:00:00,paid_search,6269.38,697145,17854,901,6.96,58388.12,186,9.31
DE,2024-10-01 00:00:00,social_media,4687.19,507942,12536,619,7.57,58388.12,186,12.46
DE,2024-11-01 00:00:00,affiliate,3946.00,439043,10898,563,7.01,83182.67,288,21.08
DE,2024-11-01 00:00:00,email,1821.49,195073,4674,222,8.2,83182.67,288,45.67
DE,2024-11-01 00:00:00,paid_search,9423.40,1019474,26008,1269,7.43,83182.67,288,8.83
DE,2024-11-01 00:00:00,social_media,7839.67,860148,21422,1019,7.69,83182.67,288,10.61
DE,2024-12-01 00:00:00,affiliate,4388.45,467375,10531,497,8.83,114988.32,348,26.2
DE,2024-12-01 00:00:00,email,2023.74,212197,5339,222,9.12,114988.32,348,56.82
DE,2024-12-01 00:00:00,paid_search,11317.14,1229047,33160,1731,6.54,114988.32,348,10.16
DE,2024-12-01 00:00:00,social_media,8884.71,941175,23621,1111,8.0,114988.32,348,12.94
DE,2025-01-01 00:00:00,affiliate,2300.06,255459,6121,309,7.44,53885.69,182,23.43
DE,2025-01-01 00:00:00,email,902.81,100231,2696,115,7.85,53885.69,182,59.69
DE,2025-01-01 00:00:00,paid_search,7003.92,811191,20916,1024,6.84,53885.69,182,7.69
DE,2025-01-01 00:00:00,social_media,4506.68,484778,11322,518,8.7,53885.69,182,11.96
DE,2025-02-01 00:00:00,affiliate,2322.41,250633,5471,233,9.97,49287.31,190,21.22
DE,2025-02-01 00:00:00,email,1054.16,113659,2673,120,8.78,49287.31,190,46.76
DE,2025-02-01 00:00:00,paid_search,5759.89,649858,17896,903,6.38,49287.31,190,8.56
DE,2025-02-01 00:00:00,social_media,4984.13,551905,13368,644,7.74,49287.31,190,9.89
DE,2025-03-01 00:00:00,affiliate,2700.41,302159,7666,358,7.54,75115.20,254,27.82
DE,2025-03-01 00:00:00,email,1216.07,142901,3903,185,6.57,75115.20,254,61.77
DE,2025-03-01 00:00:00,paid_search,6594.20,698926,16849,748,8.82,75115.20,254,11.39
DE,2025-03-01 00:00:00,social_media,5438.22,589840,14902,676,8.04,75115.20,254,13.81
DE,2025-04-01 00:00:00,affiliate,2619.91,286355,6925,370,7.08,62708.27,226,23.94
DE,2025-04-01 00:00:00,email,1157.03,125639,3084,140,8.26,62708.27,226,54.2
DE,2025-04-01 00:00:00,paid_search,6255.34,675974,17450,812,7.7,62708.27,226,10.02
DE,2025-04-01 00:00:00,social_media,5327.76,573358,12957,607,8.78,62708.27,226,11.77
DE,2025-05-01 00:00:00,affiliate,2869.53,315931,6950,330,8.7,69880.93,218,24.35
DE,2025-05-01 00:00:00,email,1215.40,133809,3049,144,8.44,69880.93,218,57.5
DE,2025-05-01 00:00:00,paid_search,6929.29,769369,17744,874,7.93,69880.93,218,10.08
DE,2025-05-01 00:00:00,social_media,5473.70,575225,14527,704,7.78,69880.93,218,12.77
DE,2025-06-01 00:00:00,affiliate,2676.55,299324,8503,415,6.45,53804.14,201,20.1
DE,2025-06-01 00:00:00,email,1246.41,137302,3502,151,8.25,53804.14,201,43.17
DE,2025-06-01 00:00:00,paid_search,6604.15,739451,17071,882,7.49,53804.14,201,8.15
DE,2025-06-01 00:00:00,social_media,5662.61,622940,14927,745,7.6,53804.14,201,9.5
DE,2025-07-01 00:00:00,affiliate,2084.79,222508,4997,248,8.41,48254.40,151,23.15
DE,2025-07-01 00:00:00,email,953.58,104963,2387,103,9.26,48254.40,151,50.6
DE,2025-07-01 00:00:00,paid_search,5352.31,627496,14979,708,7.56,48254.40,151,9.02
DE,2025-07-01 00:00:00,social_media,4198.32,437494,11535,483,8.69,48254.40,151,11.49
DE,2025-08-01 00:00:00,affiliate,2295.89,264257,6325,303,7.58,65067.78,195,28.34
DE,2025-08-01 00:00:00,email,992.54,105902,2626,131,7.58,65067.78,195,65.56
DE,2025-08-01 00:00:00,paid_search,5882.97,646532,14943,709,8.3,65067.78,195,11.06
DE,2025-08-01 00:00:00,social_media,4405.58,480039,9888,464,9.49,65067.78,195,14.77
DE,2025-09-01 00:00:00,affiliate,2756.59,306147,7331,345,7.99,69692.42,200,25.28
DE,2025-09-01 00:00:00,email,1214.00,129176,2909,130,9.34,69692.42,200,57.41
DE,2025-09-01 00:00:00,paid_search,6741.88,720316,18649,875,7.71,69692.42,200,10.34
DE,2025-09-01 00:00:00,social_media,5495.64,611514,14320,710,7.74,69692.42,200,12.68
DE,2025-10-01 00:00:00,affiliate,2889.45,332775,8483,413,7.0,83517.12,255,28.9
DE,2025-10-01 00:00:00,email,1285.78,138575,3252,148,8.69,83517.12,255,64.95
DE,2025-10-01 00:00:00,paid_search,7024.90,782777,16828,861,8.16,83517.12,255,11.89
DE,2025-10-01 00:00:00,social_media,5551.99,606760,16696,872,6.37,83517.12,255,15.04
DE,2025-11-01 00:00:00,affiliate,4607.85,516351,13554,666,6.92,99694.04,332,21.64
DE,2025-11-01 00:00:00,email,1983.85,226944,6151,304,6.53,99694.04,332,50.25
DE,2025-11-01 00:00:00,paid_search,10599.58,1129624,28350,1294,8.19,99694.04,332,9.41
DE,2025-11-01 00:00:00,social_media,8694.74,935086,21197,1003,8.67,99694.04,332,11.47
DE,2025-12-01 00:00:00,affiliate,5273.32,598619,16084,792,6.66,132387.91,395,25.11
DE,2025-12-01 00:00:00,email,2262.87,250803,5506,247,9.16,132387.91,395,58.5
DE,2025-12-01 00:00:00,paid_search,13024.14,1434405,34743,1605,8.11,132387.91,395,10.16
DE,2025-12-01 00:00:00,social_media,10784.14,1197448,29015,1418,7.61,132387.91,395,12.28
ES,2024-01-01 00:00:00,affiliate,861.51,89558,2329,94,9.16,29907.17,62,34.71
ES,2024-01-01 00:00:00,email,411.78,43994,1152,37,11.13,29907.17,62,72.63
ES,2024-01-01 00:00:00,paid_search,2197.05,234177,5826,271,8.11,29907.17,62,13.61
ES,2024-01-01 00:00:00,social_media,1775.52,191579,4271,207,8.58,29907.17,62,16.84
ES,2024-02-01 00:00:00,affiliate,991.56,108822,2577,107,9.27,24515.43,77,24.72
ES,2024-02-01 00:00:00,email,436.54,46809,1118,44,9.92,24515.43,77,56.16
ES,2024-02-01 00:00:00,paid_search,2505.68,277992,7434,395,6.34,24515.43,77,9.78
ES,2024-02-01 00:00:00,social_media,2041.96,214129,5398,277,7.37,24515.43,77,12.01
ES,2024-03-01 00:00:00,affiliate,1103.57,112064,2727,126,8.76,29155.42,103,26.42
ES,2024-03-01 00:00:00,email,499.53,55578,1465,59,8.47,29155.42,103,58.37
ES,2024-03-01 00:00:00,paid_search,2795.38,320068,8360,359,7.79,29155.42,103,10.43
ES,2024-03-01 00:00:00,social_media,2244.12,245339,5826,268,8.37,29155.42,103,12.99
ES,2024-04-01 00:00:00,affiliate,1059.14,119539,3296,160,6.62,20541.90,72,19.39
ES,2024-04-01 00:00:00,email,499.63,55097,1466,66,7.57,20541.90,72,41.11
ES,2024-04-01 00:00:00,paid_search,2473.96,265974,5509,283,8.74,20541.90,72,8.3
ES,2024-04-01 00:00:00,social_media,2231.37,244483,6043,313,7.13,20541.90,72,9.21
ES,2024-05-01 00:00:00,affiliate,1134.13,129052,3597,174,6.52,25328.42,85,22.33
ES,2024-05-01 00:00:00,email,509.95,54597,1434,61,8.36,25328.42,85,49.67
ES,2024-05-01 00:00:00,paid_search,2650.51,292313,8059,411,6.45,25328.42,85,9.56
ES,2024-05-01 00:00:00,social_media,2235.26,253034,5946,259,8.63,25328.42,85,11.33
ES,2024-06-01 00:00:00,affiliate,1087.63,123417,3060,146,7.45,24543.51,86,22.57
ES,2024-06-01 00:00:00,email,502.42,52137,1298,46,10.92,24543.51,86,48.85
ES,2024-06-01 00:00:00,paid_search,2806.96,296911,7833,356,7.88,24543.51,86,8.74
ES,2024-06-01 00:00:00,social_media,2156.91,243234,6655,351,6.15,24543.51,86,11.38
ES,2024-07-01 00:00:00,affiliate,850.74,93015,2387,101,8.42,23453.28,58,27.57
ES,2024-07-01 00:00:00,email,384.62,41159,1019,39,9.86,23453.28,58,60.98
ES,2024-07-01 00:00:00,paid_search,2110.48,239611,5646,297,7.11,23453.28,58,11.11
ES,2024-07-01 00:00:00,social_media,1768.51,184800,4552,214,8.26,23453.28,58,13.26
ES,2024-08-01 00:00:00,affiliate,966.71,108425,2846,119,8.12,24354.35,83,25.19
ES,2024-08-01 00:00:00,email,413.84,45778,1094,36,11.5,24354.35,83,58.85
ES,2024-08-01 00:00:00,paid_search,2307.08,255070,6312,261,8.84,24354.35,83,10.56
ES,2024-08-01 00:00:00,social_media,1962.53,215494,5718,251,7.82,24354.35,83,12.41
ES,2024-09-01 00:00:00,affiliate,1174.13,131187,3261,148,7.93,36311.54,99,30.93
ES,2024-09-01 00:00:00,email,513.62,56966,1557,67,7.67,36311.54,99,70.7
ES,2024-09-01 00:00:00,paid_search,2777.96,290967,7024,310,8.96,36311.54,99,13.07
ES,2024-09-01 00:00:00,social_media,2384.72,263702,6222,334,7.14,36311.54,99,15.23
ES,2024-10-01 00:00:00,affiliate,1207.64,133002,3283,149,8.1,27873.94,104,23.08
ES,2024-10-01 00:00:00,email,512.91,57080,1459,57,9.0,27873.94,104,54.34
ES,2024-10-01 00:00:00,paid_search,3050.35,335835,7686,389,7.84,27873.94,104,9.14
ES,2024-10-01 00:00:00,social_media,2480.56,281507,7556,355,6.99,27873.94,104,11.24
ES,2024-11-01 00:00:00,affiliate,1870.82,198629,5061,251,7.45,37637.67,148,20.12
ES,2024-11-01 00:00:00,email,856.82,96378,2640,134,6.39,37637.67,148,43.93
ES,2024-11-01 00:00:00,paid_search,4364.40,466988,10715,546,7.99,37637.67,148,8.62
ES,2024-11-01 00:00:00,social_media,3617.49,395543,9930,541,6.69,37637.67,148,10.4
ES,2024-12-01 00:00:00,affiliate,2232.67,242806,6554,330,6.77,57197.25,184,25.62
ES,2024-12-01 00:00:00,email,944.17,103784,2694,120,7.87,57197.25,184,60.58
ES,2024-12-01 00:00:00,paid_search,5304.84,597667,14963,738,7.19,57197.25,184,10.78
ES,2024-12-01 00:00:00,social_media,4087.04,458688,12624,669,6.11,57197.25,184,13.99
ES,2025-01-01 00:00:00,affiliate,1032.54,116046,2935,122,8.46,24159.95,82,23.4
ES,2025-01-01 00:00:00,email,476.97,54407,1178,45,10.6,24159.95,82,50.65
ES,2025-01-01 00:00:00,paid_search,3254.52,347526,8683,419,7.77,24159.95,82,7.42
ES,2025-01-01 00:00:00,social_media,2194.86,239526,6170,319,6.88,24159.95,82,11.01
ES,2025-02-01 00:00:00,affiliate,1192.24,132554,3087,154,7.74,29594.42,85,24.82
ES,2025-02-01 00:00:00,email,521.19,57377,1278,50,10.42,29594.42,85,56.78
ES,2025-02-01 00:00:00,paid_search,2850.32,294501,6976,335,8.51,29594.42,85,10.38
ES,2025-02-01 00:00:00,social_media,2338.41,271956,6316,302,7.74,29594.42,85,12.66
ES,2025-03-01 00:00:00,affiliate,1317.14,138302,3753,158,8.34,36062.32,106,27.38
ES,2025-03-01 00:00:00,email,591.14,64369,1456,58,10.19,36062.32,106,61.0
ES,2025-03-01 00:00:00,paid_search,3070.34,333729,7118,343,8.95,36062.32,106,11.75
ES,2025-03-01 00:00:00,social_media,2531.32,278203,6942,358,7.07,36062.32,106,14.25
ES,2025-04-01 00:00:00,affiliate,1293.92,140156,3589,157,8.24,24978.60,90,19.3
ES,2025-04-01 00:00:00,email,572.00,63718,1758,72,7.94,24978.60,90,43.67
ES,2025-04-01 00:00:00,paid_search,3009.11,326294,7587,353,8.52,24978.60,90,8.3
ES,2025-04-01 00:00:00,social_media,2576.56,286230,7190,315,8.18,24978.60,90,9.69
ES,2025-05-01 00:00:00,affiliate,1233.87,134855,3059,126,9.79,35418.70,96,28.71
ES,2025-05-01 00:00:00,email,593.12,66448,1539,53,11.19,35418.70,96,59.72
ES,2025-05-01 00:00:00,paid_search,3278.99,358368,9227,461,7.11,35418.70,96,10.8
ES,2025-05-01 00:00:00,social_media,2676.57,306482,7856,374,7.16,35418.70,96,13.23
ES,2025-06-01 00:00:00,affiliate,1323.54,140698,3295,131,10.1,28395.36,101,21.45
ES,2025-06-01 00:00:00,email,587.19,65155,1501,65,9.03,28395.36,101,48.36
ES,2025-06-01 00:00:00,paid_search,3287.72,361532,9051,470,7.0,28395.36,101,8.64
ES,2025-06-01 00:00:00,social_media,2625.51,282814,6900,300,8.75,28395.36,101,10.82
ES,2025-07-01 00:00:00,affiliate,1020.21,111429,2564,107,9.53,27784.67,94,27.23
ES,2025-07-01 00:00:00,email,470.72,51041,1298,49,9.61,27784.67,94,59.03
ES,2025-07-01 00:00:00,paid_search,2574.12,281780,7605,337,7.64,27784.67,94,10.79
ES,2025-07-01 00:00:00,social_media,2080.66,227024,5654,268,7.76,27784.67,94,13.35
ES,2025-08-01 00:00:00,affiliate,1139.09,129830,3235,136,8.38,26519.15,74,23.28
ES,2025-08-01 00:00:00,email,494.70,54361,1261,45,10.99,26519.15,74,53.61
ES,2025-08-01 00:00:00,paid_search,2726.51,290723,7200,331,8.24,26519.15,74,9.73
ES,2025-08-01 00:00:00,social_media,2168.19,233432,6089,279,7.77,26519.15,74,12.23
ES,2025-09-01 00:00:00,affiliate,1398.56,155689,4135,187,7.48,39848.02,112,28.49
ES,2025-09-01 00:00:00,email,601.37,66453,1825,79,7.61,39848.02,112,66.26
ES,2025-09-01 00:00:00,paid_search,3239.83,367642,8695,454,7.14,39848.02,112,12.3
ES,2025-09-01 00:00:00,social_media,2743.68,297634,6935,316,8.68,39848.02,112,14.52
ES,2025-10-01 00:00:00,affiliate,1297.89,147005,3624,170,7.63,38086.44,109,29.34
ES,2025-10-01 00:00:00,email,642.31,72559,1678,74,8.68,38086.44,109,59.3
ES,2025-10-01 00:00:00,paid_search,3409.32,369115,10502,518,6.58,38086.44,109,11.17
ES,2025-10-01 00:00:00,social_media,2856.30,307632,7320,334,8.55,38086.44,109,13.33
ES,2025-11-01 00:00:00,affiliate,2093.74,227471,5493,246,8.51,44094.95,153,21.06
ES,2025-11-01 00:00:00,email,949.25,101787,2356,105,9.04,44094.95,153,46.45
ES,2025-11-01 00:00:00,paid_search,5427.27,604423,14629,673,8.06,44094.95,153,8.12
ES,2025-11-01 00:00:00,social_media,4455.03,487104,11754,536,8.31,44094.95,153,9.9
ES,2025-12-01 00:00:00,affiliate,2497.40,277492,7317,342,7.3,51873.68,171,20.77
ES,2025-12-01 00:00:00,email,1099.14,120286,2719,122,9.01,51873.68,171,47.19
ES,2025-12-01 00:00:00,paid_search,5971.34,627713,15214,693,8.62,51873.68,171,8.69
ES,2025-12-01 00:00:00,social_media,5007.78,507388,12864,556,9.01,51873.68,171,10.36
FR,2024-01-01 00:00:00,affiliate,1464.69,161875,3707,165,8.88,46137.77,130,31.5
FR,2024-01-01 00:00:00,email,717.98,78842,1950,93,7.72,46137.77,130,64.26
FR,2024-01-01 00:00:00,paid_search,3544.64,381674,9941,462,7.67,46137.77,130,13.02
FR,2024-01-01 00:00:00,social_media,3127.70,340891,7448,345,9.07,46137.77,130,14.75
FR,2024-02-01 00:00:00,affiliate,1723.32,203238,4741,230,7.49,37865.31,136,21.97
FR,2024-02-01 00:00:00,email,773.55,84584,2296,107,7.23,37865.31,136,48.95
FR,2024-02-01 00:00:00,paid_search,4164.56,449951,10728,572,7.28,37865.31,136,9.09
FR,2024-02-01 00:00:00,social_media,3283.22,367657,9269,471,6.97,37865.31,136,11.53
FR,2024-03-01 00:00:00,affiliate,1844.22,192830,5195,254,7.26,41021.51,120,22.24
FR,2024-03-01 00:00:00,email,799.45,86815,2232,108,7.4,41021.51,120,51.31
FR,2024-03-01 00:00:00,paid_search,4441.18,488434,12894,538,8.25,41021.51,120,9.24
FR,2024-03-01 00:00:00,social_media,3578.59,403121,8950,405,8.84,41021.51,120,11.46
FR,2024-04-01 00:00:00,affiliate,1798.19,195735,5367,258,6.97,46604.28,141,25.92
FR,2024-04-01 00:00:00,email,803.45,87319,2174,86,9.34,46604.28,141,58.01
FR,2024-04-01 00:00:00,paid_search,4358.50,480394,10501,507,8.6,46604.28,141,10.69
FR,2024-04-01 00:00:00,social_media,3634.26,405888,10689,534,6.81,46604.28,141,12.82
FR,2024-05-01 00:00:00,affiliate,1820.84,195460,4849,231,7.88,44504.56,126,24.44
FR,2024-05-01 00:00:00,email,867.83,91610,2244,84,10.33,44504.56,126,51.28
FR,2024-05-01 00:00:00,paid_search,4468.72,499729,12756,603,7.41,44504.56,126,9.96
FR,2024-05-01 00:00:00,social_media,3886.02,417670,11052,562,6.91,44504.56,126,11.45
FR,2024-06-01 00:00:00,affiliate,1935.08,198567,5095,227,8.52,33392.54,127,17.26
FR,2024-06-01 00:00:00,email,866.80,100198,2754,119,7.28,33392.54,127,38.52
FR,2024-06-01 00:00:00,paid_search,4591.95,491735,12915,624,7.36,33392.54,127,7.27
FR,2024-06-01 00:00:00,social_media,3553.44,412434,11360,622,5.71,33392.54,127,9.4
FR,2024-07-01 00:00:00,affiliate,1407.61,153959,3408,165,8.53,38755.78,110,27.53
FR,2024-07-01 00:00:00,email,657.75,77764,1803,77,8.54,38755.78,110,58.92
FR,2024-07-01 00:00:00,paid_search,3611.56,382609,10938,543,6.65,38755.78,110,10.73
FR,2024-07-01 00:00:00,social_media,2843.03,311869,7687,383,7.42,38755.78,110,13.63
FR,2024-08-01 00:00:00,affiliate,1622.66,182956,4448,208,7.8,39380.92,132,24.27
FR,2024-08-01 00:00:00,email,731.28,82766,1925,82,8.92,39380.92,132,53.85
FR,2024-08-01 00:00:00,paid_search,3763.77,397957,9881,531,7.09,39380.92,132,10.46
FR,2024-08-01 00:00:00,social_media,3283.84,363483,8086,387,8.49,39380.92,132,11.99
FR,2024-09-01 00:00:00,affiliate,1969.90,216976,5557,275,7.16,42674.23,142,21.66
FR,2024-09-01 00:00:00,email,779.69,83539,2273,97,8.04,42674.23,142,54.73
FR,2024-09-01 00:00:00,paid_search,4546.92,517750,13552,642,7.08,42674.23,142,9.39
FR,2024-09-01 00:00:00,social_media,3805.80,393474,10114,507,7.51,42674.23,142,11.21
FR,2024-10-01 00:00:00,affiliate,1994.99,217102,5702,263,7.59,54718.24,165,27.43
FR,2024-10-01 00:00:00,email,904.24,97184,2446,122,7.41,54718.24,165,60.51
FR,2024-10-01 00:00:00,paid_search,4983.60,559640,13648,627,7.95,54718.24,165,10.98
FR,2024-10-01 00:00:00,social_media,4013.52,441351,11464,498,8.06,54718.24,165,13.63
FR,2024-11-01 00:00:00,affiliate,2998.52,339683,7500,328,9.14,62840.10,216,20.96
FR,2024-11-01 00:00:00,email,1367.88,144701,3267,155,8.83,62840.10,216,45.94
FR,2024-11-01 00:00:00,paid_search,7560.08,858938,22613,1035,7.3,62840.10,216,8.31
FR,2024-11-01 00:00:00,social_media,6221.65,749061,19155,978,6.36,62840.10,216,10.1
FR,2024-12-01 00:00:00,affiliate,3499.41,405704,10284,509,6.88,81313.74,263,23.24
FR,2024-12-01 00:00:00,email,1627.44,176177,3978,180,9.04,81313.74,263,49.96
FR,2024-12-01 00:00:00,paid_search,8898.86,972541,23601,1239,7.18,81313.74,263,9.14
FR,2024-12-01 00:00:00,social_media,7173.17,824597,23384,1041,6.89,81313.74,263,11.34
FR,2025-01-01 00:00:00,affiliate,1772.33,190820,4761,207,8.56,47349.47,149,26.72
FR,2025-01-01 00:00:00,email,801.87,86129,2084,88,9.11,47349.47,149,59.05
FR,2025-01-01 00:00:00,paid_search,5403.80,587577,15720,713,7.58,47349.47,149,8.76
FR,2025-01-01 00:00:00,social_media,3586.08,413665,10107,561,6.39,47349.47,149,13.2
FR,2025-02-01 00:00:00,affiliate,1920.79,213452,5525,225,8.54,56240.06,168,29.28
FR,2025-02-01 00:00:00,email,891.93,94250,2375,90,9.91,56240.06,168,63.05
FR,2025-02-01 00:00:00,paid_search,4906.95,532401,10518,521,9.42,56240.06,168,11.46
FR,2025-02-01 00:00:00,social_media,3881.85,432594,10334,470,8.26,56240.06,168,14.49
FR,2025-03-01 00:00:00,affiliate,2096.41,233237,5782,259,8.09,53131.37,175,25.34
FR,2025-03-01 00:00:00,email,972.40,111351,2833,135,7.2,53131.37,175,54.64
FR,2025-03-01 00:00:00,paid_search,5423.61,585928,16357,819,6.62,53131.37,175,9.8
FR,2025-03-01 00:00:00,social_media,4316.77,478077,10913,527,8.19,53131.37,175,12.31
FR,2025-04-01 00:00:00,affiliate,2131.27,235750,5765,277,7.69,45782.55,151,21.48
FR,2025-04-01 00:00:00,email,909.74,105808,2814,116,7.84,45782.55,151,50.32
FR,2025-04-01 00:00:00,paid_search,4979.10,557754,12770,662,7.52,45782.55,151,9.19
FR,2025-04-01 00:00:00,social_media,4395.80,480635,12615,624,7.04,45782.55,151,10.42
FR,2025-05-01 00:00:00,affiliate,2225.48,240298,5583,289,7.7,56970.65,181,25.6
FR,2025-05-01 00:00:00,email,1015.01,107211,2588,111,9.14,56970.65,181,56.13
FR,2025-05-01 00:00:00,paid_search,5277.38,600267,15837,802,6.58,56970.65,181,10.8
FR,2025-05-01 00:00:00,social_media,4420.72,484866,12714,643,6.88,56970.65,181,12.89
FR,2025-06-01 00:00:00,affiliate,2276.16,240834,5821,240,9.48,46103.05,154,20.25
FR,2025-06-01 00:00:00,email,959.49,105348,2686,135,7.11,46103.05,154,48.05
FR,2025-06-01 00:00:00,paid_search,5278.37,545870,12826,680,7.76,46103.05,154,8.73
FR,2025-06-01 00:00:00,social_media,4361.70,486623,12503,658,6.63,46103.05,154,10.57
FR,2025-07-01 00:00:00,affiliate,1676.60,176895,4660,213,7.87,41157.88,130,24.55
FR,2025-07-01 00:00:00,email,714.95,76561,1992,76,9.41,41157.88,130,57.57
FR,2025-07-01 00:00:00,paid_search,4149.21,452958,12833,633,6.55,41157.88,130,9.92
FR,2025-07-01 00:00:00,social_media,3465.84,378986,9375,476,7.28,41157.88,130,11.88
FR,2025-08-01 00:00:00,affiliate,1840.85,202552,5034,242,7.61,44330.24,149,24.08
FR,2025-08-01 00:00:00,email,856.42,98540,2514,120,7.14,44330.24,149,51.76
FR,2025-08-01 00:00:00,paid_search,4617.88,513310,12956,741,6.23,44330.24,149,9.6
FR,2025-08-01 00:00:00,social_media,3689.91,420942,10591,501,7.37,44330.24,149,12.01
FR,2025-09-01 00:00:00,affiliate,2161.39,230271,6511,309,6.99,56810.38,178,26.28
FR,2025-09-01 00:00:00,email,1010.05,103859,2606,120,8.42,56810.38,178,56.25
FR,2025-09-01 00:00:00,paid_search,5506.31,582435,14611,691,7.97,56810.38,178,10.32
FR,2025-09-01 00:00:00,social_media,4421.07,479680,12869,598,7.39,56810.38,178,12.85
FR,2025-10-01 00:00:00,affiliate,2302.52,254964,6273,257,8.96,43337.48,173,18.82
FR,2025-10-01 00:00:00,email,1046.09,113525,2973,155,6.75,43337.48,173,41.43
FR,2025-10-01 00:00:00,paid_search,5753.17,620423,16096,833,6.91,43337.48,173,7.53
FR,2025-10-01 00:00:00,social_media,4781.27,551603,15236,765,6.25,43337.48,173,9.06
FR,2025-11-01 00:00:00,affiliate,3607.12,402507,10106,449,8.03,78489.83,270,21.76
FR,2025-11-01 00:00:00,email,1596.58,177443,4721,209,7.64,78489.83,270,49.16
FR,2025-11-01 00:00:00,paid_search,8969.54,985298,26985,1367,6.56,78489.83,270,8.75
FR,2025-11-01 00:00:00,social_media,7126.92,842057,21265,954,7.47,78489.83,270,11.01
FR,2025-12-01 00:00:00,affiliate,4166.84,447240,11207,547,7.62,105067.16,319,25.22
FR,2025-12-01 00:00:00,email,1812.40,203027,4884,256,7.08,105067.16,319,57.97
FR,2025-12-01 00:00:00,paid_search,10385.41,1160009,29960,1484,7.0,105067.16,319,10.12
FR,2025-12-01 00:00:00,social_media,8819.23,944725,24277,1180,7.47,105067.16,319,11.91
GB,2024-01-01 00:00:00,affiliate,1511.99,168843,4468,199,7.6,42302.39,137,27.98
GB,2024-01-01 00:00:00,email,658.07,72992,1843,89,7.39,42302.39,137,64.28
GB,2024-01-01 00:00:00,paid_search,3700.22,401960,9990,519,7.13,42302.39,137,11.43
GB,2024-01-01 00:00:00,social_media,2930.44,311771,8695,422,6.94,42302.39,137,14.44
GB,2024-02-01 00:00:00,affiliate,1759.44,196737,4404,176,10.0,37636.26,109,21.39
GB,2024-02-01 00:00:00,email,734.26,81524,1970,85,8.64,37636.26,109,51.26
GB,2024-02-01 00:00:00,paid_search,4090.05,449057,11541,518,7.9,37636.26,109,9.2
GB,2024-02-01 00:00:00,social_media,3360.11,365044,9277,403,8.34,37636.26,109,11.2
GB,2024-03-01 00:00:00,affiliate,1910.97,215465,5679,239,8.0,39031.80,134,20.43
GB,2024-03-01 00:00:00,email,828.97,92220,2292,101,8.21,39031.80,134,47.08
GB,2024-03-01 00:00:00,paid_search,4468.19,496406,12022,543,8.23,39031.80,134,8.74
GB,2024-03-01 00:00:00,social_media,3624.64,404291,9741,498,7.28,39031.80,134,10.77
GB,2024-04-01 00:00:00,affiliate,1770.45,190809,4430,222,7.98,41631.73,109,23.51
GB,2024-04-01 00:00:00,email,805.61,89860,2449,110,7.32,41631.73,109,51.68
GB,2024-04-01 00:00:00,paid_search,4149.47,467050,11525,502,8.27,41631.73,109,10.03
GB,2024-04-01 00:00:00,social_media,3637.81,410380,9489,425,8.56,41631.73,109,11.44
GB,2024-05-01 00:00:00,affiliate,1917.44,218592,5872,274,7.0,52009.14,163,27.12
GB,2024-05-01 00:00:00,email,859.05,94113,2252,84,10.23,52009.14,163,60.54
GB,2024-05-01 00:00:00,paid_search,4592.34,480852,11711,593,7.74,52009.14,163,11.33
GB,2024-05-01 00:00:00,social_media,3847.44,432629,10326,460,8.36,52009.14,163,13.52
GB,2024-06-01 00:00:00,affiliate,1877.47,193837,4880,217,8.65,35697.01,123,19.01
GB,2024-06-01 00:00:00,email,821.66,92027,2160,99,8.3,35697.01,123,43.44
GB,2024-06-01 00:00:00,paid_search,4501.19,487511,11569,570,7.9,35697.01,123,7.93
GB,2024-06-01 00:00:00,social_media,3799.27,410565,10404,490,7.75,35697.01,123,9.4
GB,2024-07-01 00:00:00,affiliate,1457.53,164909,3854,188,7.75,36640.86,112,25.14
GB,2024-07-01 00:00:00,email,633.69,70191,1669,60,10.56,36640.86,112,57.82
GB,2024-07-01 00:00:00,paid_search,3531.07,395743,10807,465,7.59,36640.86,112,10.38
GB,2024-07-01 00:00:00,social_media,2872.09,321163,8043,394,7.29,36640.86,112,12.76
GB,2024-08-01 00:00:00,affiliate,1597.10,173786,4060,186,8.59,26858.86,107,16.82
GB,2024-08-01 00:00:00,email,693.04,78493,1962,89,7.79,26858.86,107,38.76
GB,2024-08-01 00:00:00,paid_search,3767.32,397893,9886,427,8.82,26858.86,107,7.13
GB,2024-08-01 00:00:00,social_media,3137.35,338476,8772,454,6.91,26858.86,107,8.56
GB,2024-09-01 00:00:00,affiliate,2004.10,223486,5234,262,7.65,47215.53,159,23.56
GB,2024-09-01 00:00:00,email,861.88,92696,2184,94,9.17,47215.53,159,54.78
GB,2024-09-01 00:00:00,paid_search,4934.35,564792,12657,598,8.25,47215.53,159,9.57
GB,2024-09-01 00:00:00,social_media,3826.91,419639,10921,550,6.96,47215.53,159,12.34
GB,2024-10-01 00:00:00,affiliate,2007.13,218465,5187,267,7.52,44847.89,142,22.34
GB,2024-10-01 00:00:00,email,853.71,87022,2177,89,9.59,44847.89,142,52.53
GB,2024-10-01 00:00:00,paid_search,4900.52,544501,12138,500,9.8,44847.89,142,9.15
GB,2024-10-01 00:00:00,social_media,4173.82,458633,11145,577,7.23,44847.89,142,10.75
GB,2024-11-01 00:00:00,affiliate,3038.38,335313,8214,400,7.6,86035.30,255,28.32
GB,2024-11-01 00:00:00,email,1437.83,163149,4090,171,8.41,86035.30,255,59.84
GB,2024-11-01 00:00:00,paid_search,7648.34,787248,19036,952,8.03,86035.30,255,11.25
GB,2024-11-01 00:00:00,social_media,6094.66,644691,14685,684,8.91,86035.30,255,14.12
GB,2024-12-01 00:00:00,affiliate,3706.06,412148,10324,525,7.06,80751.17,276,21.79
GB,2024-12-01 00:00:00,email,1538.55,172030,4467,228,6.75,80751.17,276,52.49
GB,2024-12-01 00:00:00,paid_search,9368.97,1065728,28055,1374,6.82,80751.17,276,8.62
GB,2024-12-01 00:00:00,social_media,7541.07,860180,20297,1019,7.4,80751.17,276,10.71
GB,2025-01-01 00:00:00,affiliate,1785.90,195658,5281,225,7.94,33729.97,118,18.89
GB,2025-01-01 00:00:00,email,801.24,89361,2278,100,8.01,33729.97,118,42.1
GB,2025-01-01 00:00:00,paid_search,5519.03,588903,14948,735,7.51,33729.97,118,6.11
GB,2025-01-01 00:00:00,social_media,3512.43,373661,9393,467,7.52,33729.97,118,9.6
GB,2025-02-01 00:00:00,affiliate,1898.88,207688,5437,215,8.83,41960.05,132,22.1
GB,2025-02-01 00:00:00,email,857.62,97411,2266,103,8.33,41960.05,132,48.93
GB,2025-02-01 00:00:00,paid_search,4618.89,534412,11787,513,9.0,41960.05,132,9.08
GB,2025-02-01 00:00:00,social_media,4138.93,431007,11327,460,9.0,41960.05,132,10.14
GB,2025-03-01 00:00:00,affiliate,2141.80,241755,5900,297,7.21,56900.46,184,26.57
GB,2025-03-01 00:00:00,email,966.52,107398,2505,119,8.12,56900.46,184,58.87
GB,2025-03-01 00:00:00,paid_search,5333.31,571532,15345,678,7.87,56900.46,184,10.67
GB,2025-03-01 00:00:00,social_media,4239.65,483771,12160,612,6.93,56900.46,184,13.42
GB,2025-04-01 00:00:00,affiliate,2210.27,236643,6185,323,6.84,44257.02,150,20.02
GB,2025-04-01 00:00:00,email,991.44,109160,2723,114,8.7,44257.02,150,44.64
GB,2025-04-01 00:00:00,paid_search,5242.75,578548,14656,768,6.83,44257.02,150,8.44
GB,2025-04-01 00:00:00,social_media,4363.88,444253,10713,482,9.05,44257.02,150,10.14
GB,2025-05-01 00:00:00,affiliate,2305.24,252958,6204,307,7.51,56316.45,177,24.43
GB,2025-05-01 00:00:00,email,925.04,103010,2514,113,8.19,56316.45,177,60.88
GB,2025-05-01 00:00:00,paid_search,5442.58,618583,17361,958,5.68,56316.45,177,10.35
GB,2025-05-01 00:00:00,social_media,4421.95,481099,11564,561,7.88,56316.45,177,12.74
GB,2025-06-01 00:00:00,affiliate,2155.87,220031,5268,236,9.14,56476.82,162,26.2
GB,2025-06-01 00:00:00,email,975.72,109683,2994,155,6.29,56476.82,162,57.88
GB,2025-06-01 00:00:00,paid_search,5287.40,588097,13612,740,7.15,56476.82,162,10.68
GB,2025-06-01 00:00:00,social_media,4181.09,475101,13315,618,6.77,56476.82,162,13.51
GB,2025-07-01 00:00:00,affiliate,1665.17,181096,4540,191,8.72,32135.39,117,19.3
GB,2025-07-01 00:00:00,email,749.23,79457,2110,86,8.71,32135.39,117,42.89
GB,2025-07-01 00:00:00,paid_search,4222.42,463776,11797,542,7.79,32135.39,117,7.61
GB,2025-07-01 00:00:00,social_media,3331.52,363338,9581,454,7.34,32135.39,117,9.65
GB,2025-08-01 00:00:00,affiliate,1816.16,192341,4512,212,8.57,41402.89,132,22.8
GB,2025-08-01 00:00:00,email,816.84,87209,2105,96,8.51,41402.89,132,50.69
GB,2025-08-01 00:00:00,paid_search,4389.58,481814,11451,571,7.69,41402.89,132,9.43
GB,2025-08-01 00:00:00,social_media,3957.28,419402,10238,479,8.26,41402.89,132,10.46
GB,2025-09-01 00:00:00,affiliate,2228.07,252184,5542,289,7.71,52709.46,171,23.66
GB,2025-09-01 00:00:00,email,1032.38,110320,2380,99,10.43,52709.46,171,51.06
GB,2025-09-01 00:00:00,paid_search,5656.80,628627,15899,765,7.39,52709.46,171,9.32
GB,2025-09-01 00:00:00,social_media,4391.75,473883,12890,564,7.79,52709.46,171,12.0
GB,2025-10-01 00:00:00,affiliate,2384.18,264709,6263,285,8.37,48923.61,156,20.52
GB,2025-10-01 00:00:00,email,1074.23,116465,2483,106,10.13,48923.61,156,45.54
GB,2025-10-01 00:00:00,paid_search,5811.80,663431,15972,906,6.41,48923.61,156,8.42
GB,2025-10-01 00:00:00,social_media,4827.77,524920,13581,584,8.27,48923.61,156,10.13
GB,2025-11-01 00:00:00,affiliate,3726.75,412611,10259,557,6.69,84869.32,278,22.77
GB,2025-11-01 00:00:00,email,1606.15,177642,4422,193,8.32,84869.32,278,52.84
GB,2025-11-01 00:00:00,paid_search,9054.90,1009162,25894,1350,6.71,84869.32,278,9.37
GB,2025-11-01 00:00:00,social_media,7279.99,756472,17294,771,9.44,84869.32,278,11.66
GB,2025-12-01 00:00:00,affiliate,4051.40,428045,11319,557,7.27,105518.60,371,26.04
GB,2025-12-01 00:00:00,email,1850.21,204376,4665,229,8.08,105518.60,371,57.03
GB,2025-12-01 00:00:00,paid_search,10659.30,1144773,32190,1802,5.92,105518.60,371,9.9
GB,2025-12-01 00:00:00,social_media,8332.31,886832,21351,1146,7.27,105518.60,371,12.66
IT,2024-01-01 00:00:00,affiliate,614.32,70564,1800,76,8.08,16397.10,53,26.69
IT,2024-01-01 00:00:00,email,266.15,29205,718,15,17.74,16397.10,53,61.61
IT,2024-01-01 00:00:00,paid_search,1496.38,158076,3863,208,7.19,16397.10,53,10.96
IT,2024-01-01 00:00:00,social_media,1190.57,134149,3364,134,8.88,16397.10,53,13.77
IT,2024-02-01 00:00:00,affiliate,663.95,75997,1844,73,9.1,14201.44,52,21.39
IT,2024-02-01 00:00:00,email,300.74,35732,881,32,9.4,14201.44,52,47.22
IT,2024-02-01 00:00:00,paid_search,1658.00,187673,4570,213,7.78,14201.44,52,8.57
IT,2024-02-01 00:00:00,social_media,1379.90,155268,3834,170,8.12,14201.44,52,10.29
IT,2024-03-01 00:00:00,affiliate,723.86,81766,1919,76,9.52,17873.65,52,24.69
IT,2024-03-01 00:00:00,email,342.04,36949,940,28,12.22,17873.65,52,52.26
IT,2024-03-01 00:00:00,paid_search,1793.26,203015,4815,221,8.11,17873.65,52,9.97
IT,2024-03-01 00:00:00,social_media,1438.20,156315,3777,171,8.41,17873.65,52,12.43
IT,2024-04-01 00:00:00,affiliate,665.95,73073,1823,72,9.25,15336.00,48,23.03
IT,2024-04-01 00:00:00,email,317.20,33868,799,20,15.86,15336.00,48,48.35
IT,2024-04-01 00:00:00,paid_search,1735.98,188173,4548,200,8.68,15336.00,48,8.83
IT,2024-04-01 00:00:00,social_media,1412.59,148666,3690,181,7.8,15336.00,48,10.86
IT,2024-05-01 00:00:00,affiliate,751.25,86831,2108,90,8.35,18073.20,44,24.06
IT,2024-05-01 00:00:00,email,330.52,36466,874,31,10.66,18073.20,44,54.68
IT,2024-05-01 00:00:00,paid_search,1826.16,202409,5223,262,6.97,18073.20,44,9.9
IT,2024-05-01 00:00:00,social_media,1490.71,165132,3663,173,8.62,18073.20,44,12.12
IT,2024-06-01 00:00:00,affiliate,735.44,76185,1787,67,10.98,16804.57,53,22.85
IT,2024-06-01 00:00:00,email,325.34,36584,968,34,9.57,16804.57,53,51.65
IT,2024-06-01 00:00:00,paid_search,1767.95,182982,4389,188,9.4,16804.57,53,9.51
IT,2024-06-01 00:00:00,social_media,1496.45,163579,3876,174,8.6,16804.57,53,11.23
IT,2024-07-01 00:00:00,affiliate,601.22,66273,1415,56,10.74,11408.33,40,18.98
IT,2024-07-01 00:00:00,email,252.83,26930,718,23,10.99,11408.33,40,45.12
IT,2024-07-01 00:00:00,paid_search,1385.23,154275,3820,164,8.45,11408.33,40,8.24
IT,2024-07-01 00:00:00,social_media,1153.48,121774,3108,137,8.42,11408.33,40,9.89
IT,2024-08-01 00:00:00,affiliate,614.65,70426,1811,74,8.31,12265.11,42,19.95
IT,2024-08-01 00:00:00,email,273.25,30856,794,27,10.12,12265.11,42,44.89
IT,2024-08-01 00:00:00,paid_search,1570.35,168273,3950,181,8.68,12265.11,42,7.81
IT,2024-08-01 00:00:00,social_media,1294.23,136727,3633,168,7.7,12265.11,42,9.48
IT,2024-09-01 00:00:00,affiliate,778.20,85734,2554,108,7.21,23159.19,68,29.76
IT,2024-09-01 00:00:00,email,342.04,37876,875,27,12.67,23159.19,68,67.71
IT,2024-09-01 00:00:00,paid_search,1844.16,208464,5237,241,7.65,23159.19,68,12.56
IT,2024-09-01 00:00:00,social_media,1600.31,178146,4287,220,7.27,23159.19,68,14.47
IT,2024-10-01 00:00:00,affiliate,786.68,87796,2161,99,7.95,14713.10,42,18.7
IT,2024-10-01 00:00:00,email,357.54,38640,927,28,12.77,14713.10,42,41.15
IT,2024-10-01 00:00:00,paid_search,1961.54,207861,5348,257,7.63,14713.10,42,7.5
IT,2024-10-01 00:00:00,social_media,1654.57,175956,4556,199,8.31,14713.10,42,8.89
IT,2024-11-01 00:00:00,affiliate,1187.43,134405,3286,149,7.97,21807.15,79,18.36
IT,2024-11-01 00:00:00,email,552.40,59327,1471,59,9.36,21807.15,79,39.48
IT,2024-11-01 00:00:00,paid_search,3078.33,332691,8103,402,7.66,21807.15,79,7.08
IT,2024-11-01 00:00:00,social_media,2512.35,277253,6900,354,7.1,21807.15,79,8.68
IT,2024-12-01 00:00:00,affiliate,1474.41,171523,3909,190,7.76,35072.89,115,23.79
IT,2024-12-01 00:00:00,email,621.51,70449,1650,64,9.71,35072.89,115,56.43
IT,2024-12-01 00:00:00,paid_search,3701.86,422632,10789,515,7.19,35072.89,115,9.47
IT,2024-12-01 00:00:00,social_media,3025.90,320672,8751,411,7.36,35072.89,115,11.59
IT,2025-01-01 00:00:00,affiliate,701.11,78889,1987,79,8.87,15698.38,57,22.39
IT,2025-01-01 00:00:00,email,317.64,36938,1024,41,7.75,15698.38,57,49.42
IT,2025-01-01 00:00:00,paid_search,2230.13,233536,6296,286,7.8,15698.38,57,7.04
IT,2025-01-01 00:00:00,social_media,1391.23,151442,3394,155,8.98,15698.38,57,11.28
IT,2025-02-01 00:00:00,affiliate,784.66,88690,2350,108,7.27,21490.96,74,27.39
IT,2025-02-01 00:00:00,email,321.72,36164,906,33,9.75,21490.96,74,66.8
IT,2025-02-01 00:00:00,paid_search,1788.99,195705,4797,255,7.02,21490.96,74,12.01
IT,2025-02-01 00:00:00,social_media,1528.53,175929,4188,197,7.76,21490.96,74,14.06
IT,2025-03-01 00:00:00,affiliate,855.61,94950,2522,97,8.82,23517.47,98,27.49
IT,2025-03-01 00:00:00,email,385.81,42859,1053,41,9.41,23517.47,98,60.96
IT,2025-03-01 00:00:00,paid_search,2254.82,250760,6269,306,7.37,23517.47,98,10.43
IT,2025-03-01 00:00:00,social_media,1714.12,194492,5334,253,6.78,23517.47,98,13.72
IT,2025-04-01 00:00:00,affiliate,838.54,91785,2149,81,10.35,14234.28,62,16.98
IT,2025-04-01 00:00:00,email,388.40,44839,1270,47,8.26,14234.28,62,36.65
IT,2025-04-01 00:00:00,paid_search,2070.82,225894,5636,254,8.15,14234.28,62,6.87
IT,2025-04-01 00:00:00,social_media,1589.81,181892,4309,205,7.76,14234.28,62,8.95
IT,2025-05-01 00:00:00,affiliate,835.49,90761,2376,99,8.44,27936.80,72,33.44
IT,2025-05-01 00:00:00,email,409.97,46111,1196,34,12.06,27936.80,72,68.14
IT,2025-05-01 00:00:00,paid_search,2165.43,237987,5399,274,7.9,27936.80,72,12.9
IT,2025-05-01 00:00:00,social_media,1787.61,201590,4644,222,8.05,27936.80,72,15.63
IT,2025-06-01 00:00:00,affiliate,840.00,96355,2292,97,8.66,16532.70,53,19.68
IT,2025-06-01 00:00:00,email,397.49,44736,1128,38,10.46,16532.70,53,41.59
IT,2025-06-01 00:00:00,paid_search,2015.05,225923,5431,252,8.0,16532.70,53,8.2
IT,2025-06-01 00:00:00,social_media,1725.69,172301,4382,193,8.94,16532.70,53,9.58
IT,2025-07-01 00:00:00,affiliate,671.92,74399,1540,62,10.84,17712.50,63,26.36
IT,2025-07-01 00:00:00,email,297.52,31833,772,19,15.66,17712.50,63,59.53
IT,2025-07-01 00:00:00,paid_search,1613.09,176164,4662,199,8.11,17712.50,63,10.98
IT,2025-07-01 00:00:00,social_media,1311.68,147032,3389,165,7.95,17712.50,63,13.5
IT,2025-08-01 00:00:00,affiliate,701.06,75121,1720,67,10.46,14751.19,57,21.04
IT,2025-08-01 00:00:00,email,314.44,34278,794,24,13.1,14751.19,57,46.91
IT,2025-08-01 00:00:00,paid_search,1832.00,203528,5318,248,7.39,14751.19,57,8.05
IT,2025-08-01 00:00:00,social_media,1497.00,159682,4410,193,7.76,14751.19,57,9.85
IT,2025-09-01 00:00:00,affiliate,866.28,93331,2365,100,8.66,23657.59,74,27.31
IT,2025-09-01 00:00:00,email,403.74,46891,1253,47,8.59,23657.59,74,58.6
IT,2025-09-01 00:00:00,paid_search,2082.02,233170,6167,332,6.27,23657.59,74,11.36
IT,2025-09-01 00:00:00,social_media,1860.80,200442,4910,205,9.08,23657.59,74,12.71
IT,2025-10-01 00:00:00,affiliate,954.93,106257,2504,122,7.83,23155.15,74,24.25
IT,2025-10-01 00:00:00,email,413.41,46184,1165,40,10.34,23155.15,74,56.01
IT,2025-10-01 00:00:00,paid_search,2271.88,249109,5258,231,9.83,23155.15,74,10.19
IT,2025-10-01 00:00:00,social_media,1856.43,192431,4173,201,9.24,23155.15,74,12.47
IT,2025-11-01 00:00:00,affiliate,1449.96,156766,3996,200,7.25,30334.36,114,20.92
IT,2025-11-01 00:00:00,email,634.58,67513,1750,67,9.47,30334.36,114,47.8
IT,2025-11-01 00:00:00,paid_search,3433.79,375263,9059,465,7.38,30334.36,114,8.83
IT,2025-11-01 00:00:00,social_media,2924.01,323369,8471,405,7.22,30334.36,114,10.37
IT,2025-12-01 00:00:00,affiliate,1754.25,185937,4483,226,7.76,37115.85,125,21.16
IT,2025-12-01 00:00:00,email,767.91,79707,1763,71,10.82,37115.85,125,48.33
IT,2025-12-01 00:00:00,paid_search,4132.19,457150,11677,602,6.86,37115.85,125,8.98
IT,2025-12-01 00:00:00,social_media,3357.69,375399,9768,515,6.52,37115.85,125,11.05
NL,2024-01-01 00:00:00,affiliate,764.24,86413,2158,79,9.67,17143.42,50,22.43
NL,2024-01-01 00:00:00,email,323.52,36162,890,31,10.44,17143.42,50,52.99
NL,2024-01-01 00:00:00,paid_search,1818.31,201967,4896,247,7.36,17143.42,50,9.43
NL,2024-01-01 00:00:00,social_media,1522.55,165642,4212,195,7.81,17143.42,50,11.26
NL,2024-02-01 00:00:00,affiliate,862.86,91707,2204,100,8.63,13247.44,61,15.35
NL,2024-02-01 00:00:00,email,372.44,40851,928,32,11.64,13247.44,61,35.57
NL,2024-02-01 00:00:00,paid_search,1963.71,218750,5249,232,8.46,13247.44,61,6.75
NL,2024-02-01 00:00:00,social_media,1835.51,201024,4727,231,7.95,13247.44,61,7.22
NL,2024-03-01 00:00:00,affiliate,951.78,107356,2274,94,10.13,17750.95,67,18.65
NL,2024-03-01 00:00:00,email,419.33,46492,1144,47,8.92,17750.95,67,42.33
NL,2024-03-01 00:00:00,paid_search,2242.88,239730,5551,306,7.33,17750.95,67,7.91
NL,2024-03-01 00:00:00,social_media,1902.07,198141,5100,215,8.85,17750.95,67,9.33
NL,2024-04-01 00:00:00,affiliate,913.13,101210,2727,127,7.19,24413.78,68,26.74
NL,2024-04-01 00:00:00,email,378.17,44156,1163,41,9.22,24413.78,68,64.56
NL,2024-04-01 00:00:00,paid_search,2174.06,230861,5497,263,8.27,24413.78,68,11.23
NL,2024-04-01 00:00:00,social_media,1785.99,190131,4372,209,8.55,24413.78,68,13.67
NL,2024-05-01 00:00:00,affiliate,959.90,107456,2323,91,10.55,21007.12,69,21.88
NL,2024-05-01 00:00:00,email,400.60,44336,1008,37,10.83,21007.12,69,52.44
NL,2024-05-01 00:00:00,paid_search,2211.72,244124,6409,303,7.3,21007.12,69,9.5
NL,2024-05-01 00:00:00,social_media,1949.63,206584,4794,233,8.37,21007.12,69,10.77
NL,2024-06-01 00:00:00,affiliate,998.32,114957,3015,142,7.03,19746.51,68,19.78
NL,2024-06-01 00:00:00,email,402.97,44854,1239,48,8.4,19746.51,68,49.0
NL,2024-06-01 00:00:00,paid_search,2103.29,236590,5728,236,8.91,19746.51,68,9.39
NL,2024-06-01 00:00:00,social_media,1868.48,198472,5412,264,7.08,19746.51,68,10.57
NL,2024-07-01 00:00:00,affiliate,712.79,75329,1910,90,7.92,17778.45,66,24.94
NL,2024-07-01 00:00:00,email,320.47,35910,934,29,11.05,17778.45,66,55.48
NL,2024-07-01 00:00:00,paid_search,1755.21,194424,4584,199,8.82,17778.45,66,10.13
NL,2024-07-01 00:00:00,social_media,1453.20,161922,4153,207,7.02,17778.45,66,12.23
NL,2024-08-01 00:00:00,affiliate,776.41,86100,2150,98,7.92,15018.43,59,19.34
NL,2024-08-01 00:00:00,email,355.94,38328,917,28,12.71,15018.43,59,42.19
NL,2024-08-01 00:00:00,paid_search,1952.67,209538,4174,164,11.91,15018.43,59,7.69
NL,2024-08-01 00:00:00,social_media,1528.01,167836,4346,205,7.45,15018.43,59,9.83
NL,2024-09-01 00:00:00,affiliate,963.64,104959,2576,120,8.03,32099.04,80,33.31
NL,2024-09-01 00:00:00,email,434.18,49143,1353,51,8.51,32099.04,80,73.93
NL,2024-09-01 00:00:00,paid_search,2279.63,247887,5962,246,9.27,32099.04,80,14.08
NL,2024-09-01 00:00:00,social_media,1953.13,212963,5408,250,7.81,32099.04,80,16.43
NL,2024-10-01 00:00:00,affiliate,1031.26,115001,2744,116,8.89,24065.82,78,23.34
NL,2024-10-01 00:00:00,email,444.51,49124,1326,51,8.72,24065.82,78,54.14
NL,2024-10-01 00:00:00,paid_search,2493.87,272721,6685,312,7.99,24065.82,78,9.65
NL,2024-10-01 00:00:00,social_media,1952.90,222804,5853,282,6.93,24065.82,78,12.32
NL,2024-11-01 00:00:00,affiliate,1573.38,173738,4203,210,7.49,35044.68,128,22.27
NL,2024-11-01 00:00:00,email,708.78,78833,2175,88,8.05,35044.68,128,49.44
NL,2024-11-01 00:00:00,paid_search,3802.24,428623,10989,586,6.49,35044.68,128,9.22
NL,2024-11-01 00:00:00,social_media,3234.65,350795,8745,418,7.74,35044.68,128,10.83
NL,2024-12-01 00:00:00,affiliate,1813.16,192388,4997,245,7.4,37788.08,131,20.84
NL,2024-12-01 00:00:00,email,791.41,84853,2143,100,7.91,37788.08,131,47.75
NL,2024-12-01 00:00:00,paid_search,4452.55,505109,13659,541,8.23,37788.08,131,8.49
NL,2024-12-01 00:00:00,social_media,3687.47,380434,9313,519,7.1,37788.08,131,10.25
NL,2025-01-01 00:00:00,affiliate,869.53,91584,2407,105,8.28,21300.98,59,24.5
NL,2025-01-01 00:00:00,email,390.26,43715,1191,41,9.52,21300.98,59,54.58
NL,2025-01-01 00:00:00,paid_search,2725.03,280367,6342,279,9.77,21300.98,59,7.82
NL,2025-01-01 00:00:00,social_media,1742.54,190900,4526,221,7.88,21300.98,59,12.22
NL,2025-02-01 00:00:00,affiliate,970.53,108614,2762,130,7.47,22069.10,80,22.74
NL,2025-02-01 00:00:00,email,447.87,47673,1244,55,8.14,22069.10,80,49.28
NL,2025-02-01 00:00:00,paid_search,2398.68,253670,7006,317,7.57,22069.10,80,9.2
NL,2025-02-01 00:00:00,social_media,1951.74,221862,5180,265,7.37,22069.10,80,11.31
NL,2025-03-01 00:00:00,affiliate,1086.89,118274,3090,157,6.92,29479.12,90,27.12
NL,2025-03-01 00:00:00,email,480.61,54655,1367,52,9.24,29479.12,90,61.34
NL,2025-03-01 00:00:00,paid_search,2635.07,295193,7663,362,7.28,29479.12,90,11.19
NL,2025-03-01 00:00:00,social_media,2182.29,238147,5631,287,7.6,29479.12,90,13.51
NL,2025-04-01 00:00:00,affiliate,1025.86,114840,2837,144,7.12,19082.19,74,18.6
NL,2025-04-01 00:00:00,email,483.95,50965,1389,55,8.8,19082.19,74,39.43
NL,2025-04-01 00:00:00,paid_search,2674.99,297268,7336,349,7.66,19082.19,74,7.13
NL,2025-04-01 00:00:00,social_media,2132.95,237118,6166,280,7.62,19082.19,74,8.95
NL,2025-05-01 00:00:00,affiliate,1082.96,119379,3022,137,7.9,18947.14,74,17.5
NL,2025-05-01 00:00:00,email,493.15,53920,1420,58,8.5,18947.14,74,38.42
NL,2025-05-01 00:00:00,paid_search,2589.04,281031,6361,324,7.99,18947.14,74,7.32
NL,2025-05-01 00:00:00,social_media,2258.64,248072,5766,249,9.07,18947.14,74,8.39
NL,2025-06-01 00:00:00,affiliate,1047.92,113079,2544,119,8.81,24398.71,85,23.28
NL,2025-06-01 00:00:00,email,472.05,53929,1201,47,10.04,24398.71,85,51.69
NL,2025-06-01 00:00:00,paid_search,2753.14,291335,7148,376,7.32,24398.71,85,8.86
NL,2025-06-01 00:00:00,social_media,2184.23,245019,5825,257,8.5,24398.71,85,11.17
NL,2025-07-01 00:00:00,affiliate,827.61,87349,2303,96,8.62,23070.82,66,27.88
NL,2025-07-01 00:00:00,email,373.24,42383,1034,35,10.66,23070.82,66,61.81
NL,2025-07-01 00:00:00,paid_search,2045.45,223155,5026,232,8.82,23070.82,66,11.28
NL,2025-07-01 00:00:00,social_media,1755.06,184160,4780,218,8.05,23070.82,66,13.15
NL,2025-08-01 00:00:00,affiliate,909.00,99971,2438,105,8.66,29061.69,83,31.97
NL,2025-08-01 00:00:00,email,412.11,44539,937,32,12.88,29061.69,83,70.52
NL,2025-08-01 00:00:00,paid_search,2256.84,246743,6367,308,7.33,29061.69,83,12.88
NL,2025-08-01 00:00:00,social_media,1856.61,194110,4476,180,10.31,29061.69,83,15.65
NL,2025-09-01 00:00:00,affiliate,1092.36,124021,3070,138,7.92,25151.54,76,23.02
NL,2025-09-01 00:00:00,email,480.82,53587,1486,60,8.01,25151.54,76,52.31
NL,2025-09-01 00:00:00,paid_search,2689.25,300841,8559,387,6.95,25151.54,76,9.35
NL,2025-09-01 00:00:00,social_media,2205.37,244482,6115,317,6.96,25151.54,76,11.4
NL,2025-10-01 00:00:00,affiliate,1176.04,132592,3479,147,8.0,27001.50,86,22.96
NL,2025-10-01 00:00:00,email,532.27,61288,1509,51,10.44,27001.50,86,50.73
NL,2025-10-01 00:00:00,paid_search,2898.02,312828,8006,388,7.47,27001.50,86,9.32
NL,2025-10-01 00:00:00,social_media,2358.89,260611,6404,294,8.02,27001.50,86,11.45
NL,2025-11-01 00:00:00,affiliate,1759.22,202231,5260,225,7.82,44825.87,148,25.48
NL,2025-11-01 00:00:00,email,773.77,84556,1923,78,9.92,44825.87,148,57.93
NL,2025-11-01 00:00:00,paid_search,4385.63,500505,12765,632,6.94,44825.87,148,10.22
NL,2025-11-01 00:00:00,social_media,3486.80,386243,9139,435,8.02,44825.87,148,12.86
NL,2025-12-01 00:00:00,affiliate,2027.00,229619,5666,242,8.38,57073.37,174,28.16
NL,2025-12-01 00:00:00,email,915.32,98253,2450,115,7.96,57073.37,174,62.35
NL,2025-12-01 00:00:00,paid_search,5045.63,571894,12911,507,9.95,57073.37,174,11.31
NL,2025-12-01 00:00:00,social_media,4193.06,459571,10582,562,7.46,57073.37,174,13.61
SE,2024-01-01 00:00:00,affiliate,354.39,37205,930,28,12.66,7276.04,23,20.53
SE,2024-01-01 00:00:00,email,171.79,18486,448,5,34.36,7276.04,23,42.35
SE,2024-01-01 00:00:00,paid_search,963.55,105552,2596,117,8.24,7276.04,23,7.55
SE,2024-01-01 00:00:00,social_media,741.14,83467,2051,82,9.04,7276.04,23,9.82
SE,2024-02-01 00:00:00,affiliate,423.06,47822,1198,44,9.62,8253.73,25,19.51
SE,2024-02-01 00:00:00,email,198.36,21329,516,10,19.84,8253.73,25,41.61
SE,2024-02-01 00:00:00,paid_search,1023.37,110380,2634,114,8.98,8253.73,25,8.07
SE,2024-02-01 00:00:00,social_media,867.14,95856,2427,118,7.35,8253.73,25,9.52
SE,2024-03-01 00:00:00,affiliate,461.40,51382,1202,44,10.49,10320.79,40,22.37
SE,2024-03-01 00:00:00,email,209.86,23414,586,13,16.14,10320.79,40,49.18
SE,2024-03-01 00:00:00,paid_search,1183.68,130756,3079,131,9.04,10320.79,40,8.72
SE,2024-03-01 00:00:00,social_media,912.19,97787,2698,123,7.42,10320.79,40,11.31
SE,2024-04-01 00:00:00,affiliate,475.58,52436,1319,54,8.81,13506.36,38,28.4
SE,2024-04-01 00:00:00,email,205.31,22254,524,11,18.66,13506.36,38,65.79
SE,2024-04-01 00:00:00,paid_search,1092.81,122530,3082,135,8.09,13506.36,38,12.36
SE,2024-04-01 00:00:00,social_media,916.15,102397,2578,112,8.18,13506.36,38,14.74
SE,2024-05-01 00:00:00,affiliate,478.56,52011,1397,64,7.48,12871.73,40,26.9
SE,2024-05-01 00:00:00,email,215.92,24179,601,13,16.61,12871.73,40,59.61
SE,2024-05-01 00:00:00,paid_search,1152.35,123887,3073,133,8.66,12871.73,40,11.17
SE,2024-05-01 00:00:00,social_media,894.53,97242,2080,81,11.04,12871.73,40,14.39
SE,2024-06-01 00:00:00,affiliate,454.22,50941,1199,44,10.32,12835.22,33,28.26
SE,2024-06-01 00:00:00,email,199.80,21639,481,11,18.16,12835.22,33,64.24
SE,2024-06-01 00:00:00,paid_search,1151.87,128331,2926,136,8.47,12835.22,33,11.14
SE,2024-06-01 00:00:00,social_media,917.53,107650,2656,113,8.12,12835.22,33,13.99
SE,2024-07-01 00:00:00,affiliate,368.04,42256,1047,37,9.95,7765.24,26,21.1
SE,2024-07-01 00:00:00,email,165.22,18608,464,11,15.02,7765.24,26,47.0
SE,2024-07-01 00:00:00,paid_search,925.51,101357,2788,117,7.91,7765.24,26,8.39
SE,2024-07-01 00:00:00,social_media,702.35,74907,2077,80,8.78,7765.24,26,11.06
SE,2024-08-01 00:00:00,affiliate,411.02,45049,1194,42,9.79,7768.20,26,18.9
SE,2024-08-01 00:00:00,email,178.59,21272,460,9,19.84,7768.20,26,43.5
SE,2024-08-01 00:00:00,paid_search,996.82,111973,2638,116,8.59,7768.20,26,7.79
SE,2024-08-01 00:00:00,social_media,814.92,91443,2211,113,7.21,7768.20,26,9.53
SE,2024-09-01 00:00:00,affiliate,471.62,52410,1113,47,10.03,9568.30,33,20.29
SE,2024-09-01 00:00:00,email,219.48,24401,598,12,18.29,9568.30,33,43.6
SE,2024-09-01 00:00:00,paid_search,1096.62,120216,3058,135,8.12,9568.30,33,8.73
SE,2024-09-01 00:00:00,social_media,985.01,105516,2725,123,8.01,9568.30,33,9.71
SE,2024-10-01 00:00:00,affiliate,479.48,53138,1366,54,8.88,8768.68,28,18.29
SE,2024-10-01 00:00:00,email,224.39,25227,596,15,14.96,8768.68,28,39.08
SE,2024-10-01 00:00:00,paid_search,1257.18,138706,3526,178,7.06,8768.68,28,6.97
SE,2024-10-01 00:00:00,social_media,1004.44,108575,2561,102,9.85,8768.68,28,8.73
SE,2024-11-01 00:00:00,affiliate,741.41,83917,2179,102,7.27,19353.91,67,26.1
SE,2024-11-01 00:00:00,email,328.42,35257,843,23,14.28,19353.91,67,58.93
SE,2024-11-01 00:00:00,paid_search,1880.13,205233,5150,251,7.49,19353.91,67,10.29
SE,2024-11-01 00:00:00,social_media,1537.96,168141,3768,157,9.8,19353.91,67,12.58
SE,2024-12-01 00:00:00,affiliate,914.75,98079,2388,101,9.06,18105.60,75,19.79
SE,2024-12-01 00:00:00,email,408.68,44955,1098,32,12.77,18105.60,75,44.3
SE,2024-12-01 00:00:00,paid_search,2239.92,239409,6502,307,7.3,18105.60,75,8.08
SE,2024-12-01 00:00:00,social_media,1866.52,210988,5212,239,7.81,18105.60,75,9.7
SE,2025-01-01 00:00:00,affiliate,457.84,51482,1237,43,10.65,9366.07,31,20.46
SE,2025-01-01 00:00:00,email,198.16,22029,565,14,14.15,9366.07,31,47.27
SE,2025-01-01 00:00:00,paid_search,1330.89,137962,3116,135,9.86,9366.07,31,7.04
SE,2025-01-01 00:00:00,social_media,908.38,98763,2640,98,9.27,9366.07,31,10.31
SE,2025-02-01 00:00:00,affiliate,474.92,52750,1347,54,8.79,12589.32,39,26.51
SE,2025-02-01 00:00:00,email,213.75,23375,588,13,16.44,12589.32,39,58.9
SE,2025-02-01 00:00:00,paid_search,1127.00,121676,3043,149,7.56,12589.32,39,11.17
SE,2025-02-01 00:00:00,social_media,961.66,103843,2707,128,7.51,12589.32,39,13.09
SE,2025-03-01 00:00:00,affiliate,557.53,59232,1463,52,10.72,15066.58,49,27.02
SE,2025-03-01 00:00:00,email,240.61,26637,672,14,17.19,15066.58,49,62.62
SE,2025-03-01 00:00:00,paid_search,1423.50,150201,3768,187,7.61,15066.58,49,10.58
SE,2025-03-01 00:00:00,social_media,1070.87,118988,3245,158,6.78,15066.58,49,14.07
SE,2025-04-01 00:00:00,affiliate,510.05,54755,1324,48,10.63,12431.58,45,24.37
SE,2025-04-01 00:00:00,email,228.35,25701,647,17,13.43,12431.58,45,54.44
SE,2025-04-01 00:00:00,paid_search,1296.74,141620,3893,174,7.45,12431.58,45,9.59
SE,2025-04-01 00:00:00,social_media,1090.22,112872,2796,126,8.65,12431.58,45,11.4
SE,2025-05-01 00:00:00,affiliate,525.27,59048,1606,64,8.21,10919.81,46,20.79
SE,2025-05-01 00:00:00,email,247.09,26949,597,12,20.59,10919.81,46,44.19
SE,2025-05-01 00:00:00,paid_search,1325.13,145411,3691,154,8.6,10919.81,46,8.24
SE,2025-05-01 00:00:00,social_media,1087.24,122610,2896,118,9.21,10919.81,46,10.04
SE,2025-06-01 00:00:00,affiliate,547.02,60114,1441,55,9.95,13369.19,42,24.44
SE,2025-06-01 00:00:00,email,240.52,27232,682,20,12.03,13369.19,42,55.58
SE,2025-06-01 00:00:00,paid_search,1299.73,143989,3382,165,7.88,13369.19,42,10.29
SE,2025-06-01 00:00:00,social_media,1077.03,120880,3048,136,7.92,13369.19,42,12.41
SE,2025-07-01 00:00:00,affiliate,402.41,45329,1085,29,13.88,16161.27,45,40.16
SE,2025-07-01 00:00:00,email,191.97,21591,557,15,12.8,16161.27,45,84.19
SE,2025-07-01 00:00:00,paid_search,1051.17,115346,2857,120,8.76,16161.27,45,15.37
SE,2025-07-01 00:00:00,social_media,871.41,95972,2338,93,9.37,16161.27,45,18.55
SE,2025-08-01 00:00:00,affiliate,467.63,50179,1180,43,10.88,6585.32,37,14.08
SE,2025-08-01 00:00:00,email,195.65,21291,565,12,16.3,6585.32,37,33.66
SE,2025-08-01 00:00:00,paid_search,1174.52,134015,3250,157,7.48,6585.32,37,5.61
SE,2025-08-01 00:00:00,social_media,889.25,100351,2583,118,7.54,6585.32,37,7.41
SE,2025-09-01 00:00:00,affiliate,532.42,60089,1483,60,8.87,12451.32,42,23.39
SE,2025-09-01 00:00:00,email,254.17,27307,704,21,12.1,12451.32,42,48.99
SE,2025-09-01 00:00:00,paid_search,1310.81,146983,3802,200,6.55,12451.32,42,9.5
SE,2025-09-01 00:00:00,social_media,1121.52,124561,3323,123,9.12,12451.32,42,11.1
SE,2025-10-01 00:00:00,affiliate,580.55,65606,1493,65,8.93,20737.86,56,35.72
SE,2025-10-01 00:00:00,email,267.98,30157,754,21,12.76,20737.86,56,77.39
SE,2025-10-01 00:00:00,paid_search,1448.87,152039,3787,152,9.53,20737.86,56,14.31
SE,2025-10-01 00:00:00,social_media,1202.57,135086,3404,164,7.33,20737.86,56,17.24
SE,2025-11-01 00:00:00,affiliate,916.97,103043,2731,114,8.04,28578.80,72,31.17
SE,2025-11-01 00:00:00,email,405.00,44216,1174,39,10.38,28578.80,72,70.56
SE,2025-11-01 00:00:00,paid_search,2154.97,241144,5896,298,7.23,28578.80,72,13.26
SE,2025-11-01 00:00:00,social_media,1793.02,199067,5091,246,7.29,28578.80,72,15.94
SE,2025-12-01 00:00:00,affiliate,1084.92,119187,3042,146,7.43,17712.65,63,16.33
SE,2025-12-01 00:00:00,email,470.27,52562,1244,47,10.01,17712.65,63,37.66
SE,2025-12-01 00:00:00,paid_search,2432.40,270256,7035,322,7.55,17712.65,63,7.28
SE,2025-12-01 00:00:00,social_media,2072.31,231495,5809,270,7.68,17712.65,63,8.55
