month,country_code,orders_count,active_customers,net_revenue_eur,avg_order_value_eur,prev_month_revenue_eur,mom_revenue_growth_pct
2024-01-01 00:00:00,DE,153,138,48804.64,318.98,,
2024-02-01 00:00:00,DE,173,159,54332.37,314.06,48804.64,11.33
2024-03-01 00:00:00,DE,178,162,55753.13,313.22,54332.37,2.61
2024-04-01 00:00:00,DE,202,186,60767.39,300.83,55753.13,8.99
2024-05-01 00:00:00,DE,195,175,67124.87,344.23,60767.39,10.46
2024-06-01 00:00:00,DE,176,162,58254.11,330.99,67124.87,-13.22
2024-07-01 00:00:00,DE,134,126,39326.87,293.48,58254.11,-32.49
2024-08-01 00:00:00,DE,163,151,40884.38,250.82,39326.87,3.96
2024-09-01 00:00:00,DE,165,157,46551.85,282.13,40884.38,13.86
2024-10-01 00:00:00,DE,186,173,58388.12,313.91,46551.85,25.43
2024-11-01 00:00:00,DE,288,247,83182.67,288.83,58388.12,42.47
2024-12-01 00:00:00,DE,348,294,114988.32,330.43,83182.67,38.24
2025-01-01 00:00:00,DE,182,169,53885.69,296.08,114988.32,-53.14
2025-02-01 00:00:00,DE,190,179,49287.31,259.41,53885.69,-8.53
2025-03-01 00:00:00,DE,254,227,75115.20,295.73,49287.31,52.4
2025-04-01 00:00:00,DE,226,209,62708.27,277.47,75115.20,-16.52
2025-05-01 00:00:00,DE,218,192,69880.93,320.55,62708.27,11.44
2025-06-01 00:00:00,DE,201,182,53804.14,267.68,69880.93,-23.01
2025-07-01 00:00:00,DE,151,138,48254.40,319.57,53804.14,-10.31
2025-08-01 00:00:00,DE,195,177,65067.78,333.68,48254.40,34.84
2025-09-01 00:00:00,DE,200,178,69692.42,348.46,65067.78,7.11
2025-10-01 00:00:00,DE,255,229,83517.12,327.52,69692.42,19.84
2025-11-01 00:00:00,DE,332,287,99694.04,300.28,83517.12,19.37
2025-12-01 00:00:00,DE,395,329,132387.91,335.16,99694.04,32.79
2024-01-01 00:00:00,ES,62,57,29907.17,482.37,,
2024-02-01 00:00:00,ES,77,73,24515.43,318.38,29907.17,-18.03
2024-03-01 00:00:00,ES,103,90,29155.42,283.06,24515.43,18.93
2024-04-01 00:00:00,ES,72,68,20541.90,285.3,29155.42,-29.54
2024-05-01 00:00:00,ES,85,81,25328.42,297.98,20541.90,23.3
2024-06-01 00:00:00,ES,86,77,24543.51,285.39,25328.42,-3.1
2024-07-01 00:00:00,ES,58,57,23453.28,404.37,24543.51,-4.44
2024-08-01 00:00:00,ES,83,78,24354.35,293.43,23453.28,3.84
2024-09-01 00:00:00,ES,99,92,36311.54,366.78,24354.35,49.1
2024-10-01 00:00:00,ES,104,93,27873.94,268.02,36311.54,-23.24
2024-11-01 00:00:00,ES,148,128,37637.67,254.31,27873.94,35.03
2024-12-01 00:00:00,ES,184,156,57197.25,310.85,37637.67,51.97
2025-01-01 00:00:00,ES,82,75,24159.95,294.63,57197.25,-57.76
2025-02-01 00:00:00,ES,85,79,29594.42,348.17,24159.95,22.49
2025-03-01 00:00:00,ES,106,98,36062.32,340.21,29594.42,21.86
2025-04-01 00:00:00,ES,90,84,24978.60,277.54,36062.32,-30.73
2025-05-01 00:00:00,ES,96,90,35418.70,368.94,24978.60,41.8
2025-06-01 00:00:00,ES,101,92,28395.36,281.14,35418.70,-19.83
2025-07-01 00:00:00,ES,94,85,27784.67,295.58,28395.36,-2.15
2025-08-01 00:00:00,ES,74,67,26519.15,358.37,27784.67,-4.55
2025-09-01 00:00:00,ES,112,95,39848.02,355.79,26519.15,50.26
2025-10-01 00:00:00,ES,109,99,38086.44,349.42,39848.02,-4.42
2025-11-01 00:00:00,ES,153,138,44094.95,288.2,38086.44,15.78
2025-12-01 00:00:00,ES,171,149,51873.68,303.35,44094.95,17.64
2024-01-01 00:00:00,FR,130,123,46137.77,354.91,,
2024-02-01 00:00:00,FR,136,129,37865.31,278.42,46137.77,-17.93
2024-03-01 00:00:00,FR,120,106,41021.51,341.85,37865.31,8.34
2024-04-01 00:00:00,FR,141,135,46604.28,330.53,41021.51,13.61
2024-05-01 00:00:00,FR,126,115,44504.56,353.21,46604.28,-4.51
2024-06-01 00:00:00,FR,127,113,33392.54,262.93,44504.56,-24.97
2024-07-01 00:00:00,FR,110,102,38755.78,352.33,33392.54,16.06
2024-08-01 00:00:00,FR,132,128,39380.92,298.34,38755.78,1.61
2024-09-01 00:00:00,FR,142,130,42674.23,300.52,39380.92,8.36
2024-10-01 00:00:00,FR,165,151,54718.24,331.63,42674.23,28.22
2024-11-01 00:00:00,FR,216,187,62840.10,290.93,54718.24,14.84
2024-12-01 00:00:00,FR,263,221,81313.74,309.18,62840.10,29.4
2025-01-01 00:00:00,FR,149,139,47349.47,317.78,81313.74,-41.77
2025-02-01 00:00:00,FR,168,152,56240.06,334.76,47349.47,18.78
2025-03-01 00:00:00,FR,175,163,53131.37,303.61,56240.06,-5.53
2025-04-01 00:00:00,FR,151,136,45782.55,303.2,53131.37,-13.83
2025-05-01 00:00:00,FR,181,158,56970.65,314.75,45782.55,24.44
2025-06-01 00:00:00,FR,154,142,46103.05,299.37,56970.65,-19.08
2025-07-01 00:00:00,FR,130,124,41157.88,316.6,46103.05,-10.73
2025-08-01 00:00:00,FR,149,135,44330.24,297.52,41157.88,7.71
2025-09-01 00:00:00,FR,178,157,56810.38,319.16,44330.24,28.15
2025-10-01 00:00:00,FR,173,159,43337.48,250.51,56810.38,-23.72
2025-11-01 00:00:00,FR,270,226,78489.83,290.7,43337.48,81.11
2025-12-01 00:00:00,FR,319,269,105067.16,329.36,78489.83,33.86
2024-01-01 00:00:00,GB,137,128,42302.39,308.78,,
2024-02-01 00:00:00,GB,109,99,37636.26,345.29,42302.39,-11.03
2024-03-01 00:00:00,GB,134,121,39031.80,291.28,37636.26,3.71
2024-04-01 00:00:00,GB,109,102,41631.73,381.94,39031.80,6.66
2024-05-01 00:00:00,GB,163,144,52009.14,319.07,41631.73,24.93
2024-06-01 00:00:00,GB,123,120,35697.01,290.22,52009.14,-31.36
2024-07-01 00:00:00,GB,112,104,36640.86,327.15,35697.01,2.64
2024-08-01 00:00:00,GB,107,104,26858.86,251.02,36640.86,-26.7
2024-09-01 00:00:00,GB,159,146,47215.53,296.95,26858.86,75.79
2024-10-01 00:00:00,GB,142,127,44847.89,315.83,47215.53,-5.01
2024-11-01 00:00:00,GB,255,215,86035.30,337.39,44847.89,91.84
2024-12-01 00:00:00,GB,276,236,80751.17,292.58,86035.30,-6.14
2025-01-01 00:00:00,GB,118,107,33729.97,285.85,80751.17,-58.23
2025-02-01 00:00:00,GB,132,120,41960.05,317.88,33729.97,24.4
2025-03-01 00:00:00,GB,184,161,56900.46,309.24,41960.05,35.61
2025-04-01 00:00:00,GB,150,137,44257.02,295.05,56900.46,-22.22
2025-05-01 00:00:00,GB,177,154,56316.45,318.17,44257.02,27.25
2025-06-01 00:00:00,GB,162,144,56476.82,348.62,56316.45,0.28
2025-07-01 00:00:00,GB,117,110,32135.39,274.66,56476.82,-43.1
2025-08-01 00:00:00,GB,132,121,41402.89,313.66,32135.39,28.84
2025-09-01 00:00:00,GB,171,150,52709.46,308.24,41402.89,27.31
2025-10-01 00:00:00,GB,156,141,48923.61,313.61,52709.46,-7.18
2025-11-01 00:00:00,GB,278,232,84869.32,305.29,48923.61,73.47
2025-12-01 00:00:00,GB,371,299,105518.60,284.42,84869.32,24.33
2024-01-01 00:00:00,IT,53,49,16397.10,309.38,,
2024-02-01 00:00:00,IT,52,47,14201.44,273.1,16397.10,-13.39
2024-03-01 00:00:00,IT,52,46,17873.65,343.72,14201.44,25.86
2024-04-01 00:00:00,IT,48,46,15336.00,319.5,17873.65,-14.2
2024-05-01 00:00:00,IT,44,36,18073.20,410.75,15336.00,17.85
2024-06-01 00:00:00,IT,53,46,16804.57,317.07,18073.20,-7.02
2024-07-01 00:00:00,IT,40,37,11408.33,285.21,16804.57,-32.11
2024-08-01 00:00:00,IT,42,40,12265.11,292.03,11408.33,7.51
2024-09-01 00:00:00,IT,68,56,23159.19,340.58,12265.11,88.82
2024-10-01 00:00:00,IT,42,40,14713.10,350.31,23159.19,-36.47
2024-11-01 00:00:00,IT,79,76,21807.15,276.04,14713.10,48.22
2024-12-01 00:00:00,IT,115,91,35072.89,304.98,21807.15,60.83
2025-01-01 00:00:00,IT,57,54,15698.38,275.41,35072.89,-55.24
2025-02-01 00:00:00,IT,74,64,21490.96,290.42,15698.38,36.9
2025-03-01 00:00:00,IT,98,85,23517.47,239.97,21490.96,9.43
2025-04-01 00:00:00,IT,62,55,14234.28,229.59,23517.47,-39.47
2025-05-01 00:00:00,IT,72,68,27936.80,388.01,14234.28,96.26
2025-06-01 00:00:00,IT,53,49,16532.70,311.94,27936.80,-40.82
2025-07-01 00:00:00,IT,63,59,17712.50,281.15,16532.70,7.14
2025-08-01 00:00:00,IT,57,50,14751.19,258.79,17712.50,-16.72
2025-09-01 00:00:00,IT,74,65,23657.59,319.7,14751.19,60.38
2025-10-01 00:00:00,IT,74,66,23155.15,312.91,23657.59,-2.12
2025-11-01 00:00:00,IT,114,95,30334.36,266.09,23155.15,31.0
2025-12-01 00:00:00,IT,125,102,37115.85,296.93,30334.36,22.36
2024-01-01 00:00:00,NL,50,47,17143.42,342.87,,
2024-02-01 00:00:00,NL,61,59,13247.44,217.17,17143.42,-22.73
2024-03-01 00:00:00,NL,67,59,17750.95,264.94,13247.44,34.0
2024-04-01 00:00:00,NL,68,65,24413.78,359.03,17750.95,37.54
2024-05-01 00:00:00,NL,69,64,21007.12,304.45,24413.78,-13.95
2024-06-01 00:00:00,NL,68,62,19746.51,290.39,21007.12,-6.0
2024-07-01 00:00:00,NL,66,61,17778.45,269.37,19746.51,-9.97
2024-08-01 00:00:00,NL,59,57,15018.43,254.55,17778.45,-15.52
2024-09-01 00:00:00,NL,80,74,32099.04,401.24,15018.43,113.73
2024-10-01 00:00:00,NL,78,69,24065.82,308.54,32099.04,-25.03
2024-11-01 00:00:00,NL,128,110,35044.68,273.79,24065.82,45.62
2024-12-01 00:00:00,NL,131,114,37788.08,288.46,35044.68,7.83
2025-01-01 00:00:00,NL,59,57,21300.98,361.03,37788.08,-43.63
2025-02-01 00:00:00,NL,80,71,22069.10,275.86,21300.98,3.61
2025-03-01 00:00:00,NL,90,78,29479.12,327.55,22069.10,33.58
2025-04-01 00:00:00,NL,74,70,19082.19,257.87,29479.12,-35.27
2025-05-01 00:00:00,NL,74,69,18947.14,256.04,19082.19,-0.71
2025-06-01 00:00:00,NL,85,76,24398.71,287.04,18947.14,28.77
2025-07-01 00:00:00,NL,66,63,23070.82,349.56,24398.71,-5.44
2025-08-01 00:00:00,NL,83,77,29061.69,350.14,23070.82,25.97
2025-09-01 00:00:00,NL,76,68,25151.54,330.94,29061.69,-13.45
2025-10-01 00:00:00,NL,86,81,27001.50,313.97,25151.54,7.36
2025-11-01 00:00:00,NL,148,126,44825.87,302.88,27001.50,66.01
2025-12-01 00:00:00,NL,174,144,57073.37,328.01,44825.87,27.32
2024-01-01 00:00:00,SE,23,21,7276.04,316.35,,
2024-02-01 00:00:00,SE,25,23,8253.73,330.15,7276.04,13.44
2024-03-01 00:00:00,SE,40,38,10320.79,258.02,8253.73,25.04
2024-04-01 00:00:00,SE,38,37,13506.36,355.43,10320.79,30.87
2024-05-01 00:00:00,SE,40,36,12871.73,321.79,13506.36,-4.7
2024-06-01 00:00:00,SE,33,32,12835.22,388.95,12871.73,-0.28
2024-07-01 00:00:00,SE,26,23,7765.24,298.66,12835.22,-39.5
2024-08-01 00:00:00,SE,26,25,7768.20,298.78,7765.24,0.04
2024-09-01 00:00:00,SE,33,30,9568.30,289.95,7768.20,23.17
2024-10-01 00:00:00,SE,28,27,8768.68,313.17,9568.30,-8.36
2024-11-01 00:00:00,SE,67,55,19353.91,288.86,8768.68,120.72
2024-12-01 00:00:00,SE,75,68,18105.60,241.41,19353.91,-6.45
2025-01-01 00:00:00,SE,31,27,9366.07,302.13,18105.60,-48.27
2025-02-01 00:00:00,SE,39,38,12589.32,322.8,9366.07,34.41
2025-03-01 00:00:00,SE,49,45,15066.58,307.48,12589.32,19.68
2025-04-01 00:00:00,SE,45,43,12431.58,276.26,15066.58,-17.49
2025-05-01 00:00:00,SE,46,42,10919.81,237.39,12431.58,-12.16
2025-06-01 00:00:00,SE,42,38,13369.19,318.31,10919.81,22.43
2025-07-01 00:00:00,SE,45,41,16161.27,359.14,13369.19,20.88
2025-08-01 00:00:00,SE,37,34,6585.32,177.98,16161.27,-59.25
2025-09-01 00:00:00,SE,42,40,12451.32,296.46,6585.32,89.08
2025-10-01 00:00:00,SE,56,49,20737.86,370.32,12451.32,66.55
2025-11-01 00:00:00,SE,72,59,28578.80,396.93,20737.86,37.81
2025-12-01 00:00:00,SE,63,56,17712.65,281.15,28578.80,-38.02
