product_id,product_name,category,brand,orders_count,units_sold,gross_revenue_eur,gross_margin_eur,margin_pct,returns_count,return_rate_pct
PROD00196,Toys Item 196,Toys & Kids,Nordwell,150,196,5315.52,2591.12,48.75,6,4.0
PROD00045,Books Item 45,Books & Media,Nordwell,167,218,8464.94,4482.08,52.95,13,7.78
PROD00002,Grocery Item 2,Grocery,Kavea,154,202,5472.18,3304.72,60.39,9,5.84
PROD00168,Sports Item 168,Sports & Outdoors,Rovelle,159,189,26603.64,16856.91,63.36,7,4.4
PROD00161,Beauty Item 161,Beauty & Health,Nordwell,154,202,10978.70,4054.14,36.93,14,9.09
PROD00201,Grocery Item 201,Grocery,Kavea,177,214,1298.98,642.00,49.42,18,10.17
PROD00108,Home Item 108,Home & Garden,Kavea,175,236,60890.36,24598.28,40.4,12,6.86
PROD00146,Sports Item 146,Sports & Outdoors,Nordwell,154,193,37559.73,23520.91,62.62,5,3.25
PROD00107,Electronics Item 107,Electronics,Terravue,164,219,109784.70,63661.11,57.99,10,6.1
PROD00042,Sports Item 42,Sports & Outdoors,Nordwell,166,207,46235.52,19689.84,42.59,13,7.83
PROD00050,Books Item 50,Books & Media,Lindmark,191,251,3664.60,2351.87,64.18,12,6.28
PROD00165,Books Item 165,Books & Media,Nordwell,181,228,1716.84,695.40,40.5,12,6.63
PROD00060,Electronics Item 60,Electronics,Solari,163,205,30825.85,13427.50,43.56,17,10.43
PROD00162,Toys Item 162,Toys & Kids,Nordwell,161,204,16858.56,8523.12,50.56,11,6.83
PROD00040,Fashion Item 40,Fashion,Terravue,173,235,40279.00,23448.30,58.21,15,8.67
PROD00204,Fashion Item 204,Fashion,Rovelle,183,235,49183.15,29866.15,60.72,14,7.65
PROD00183,Beauty Item 183,Beauty & Health,Terravue,188,242,5875.76,2804.78,47.73,13,6.91
PROD00096,Home Item 96,Home & Garden,Terravue,173,235,71289.60,27671.25,38.82,16,9.25
PROD00090,Sports Item 90,Sports & Outdoors,Rovelle,163,213,26094.63,14567.07,55.82,18,11.04
PROD00097,Grocery Item 97,Grocery,Nordwell,180,227,4199.50,1809.19,43.08,16,8.89
PROD00061,Books Item 61,Books & Media,Rovelle,167,216,3462.48,1704.24,49.22,11,6.59
PROD00072,Fashion Item 72,Fashion,Terravue,170,221,6592.43,2640.95,40.06,12,7.06
PROD00114,Beauty Item 114,Beauty & Health,Lindmark,165,220,7922.20,3625.60,45.77,13,7.88
PROD00018,Toys Item 18,Toys & Kids,Terravue,171,235,5595.35,1978.70,35.36,13,7.6
PROD00174,Toys Item 174,Toys & Kids,Lindmark,167,212,20602.16,9964.00,48.36,11,6.59
PROD00098,Sports Item 98,Sports & Outdoors,Rovelle,172,215,47575.20,28259.60,59.4,14,8.14
PROD00132,Sports Item 132,Sports & Outdoors,Kavea,177,238,36225.98,19337.50,53.38,11,6.21
PROD00054,Toys Item 54,Toys & Kids,Solari,164,205,23788.20,15102.35,63.49,9,5.49
PROD00085,Toys Item 85,Toys & Kids,Terravue,169,224,9385.60,5828.48,62.1,8,4.73
PROD00076,Sports Item 76,Sports & Outdoors,Lindmark,158,222,11535.12,7496.94,64.99,8,5.06
PROD00164,Electronics Item 164,Electronics,Nordwell,160,202,8950.62,3179.48,35.52,12,7.5
PROD00001,Beauty Item 1,Beauty & Health,Solari,174,230,12332.60,5037.00,40.84,12,6.9
PROD00083,Books Item 83,Books & Media,Lindmark,173,237,6846.93,3652.17,53.34,14,8.09
PROD00128,Books Item 128,Books & Media,Lindmark,157,198,2106.72,954.36,45.3,11,7.01
PROD00182,Fashion Item 182,Fashion,Kavea,165,210,35779.80,17637.90,49.3,7,4.24
PROD00206,Books Item 206,Books & Media,Rovelle,182,220,1573.00,1020.80,64.9,9,4.95
PROD00012,Toys Item 12,Toys & Kids,Lindmark,153,197,16282.05,6548.28,40.22,12,7.84
PROD00131,Toys Item 131,Toys & Kids,Lindmark,171,229,4380.77,1687.73,38.53,11,6.43
PROD00178,Beauty Item 178,Beauty & Health,Rovelle,171,240,12237.60,5733.60,46.85,11,6.43
PROD00003,Sports Item 3,Sports & Outdoors,Terravue,162,218,13614.10,7754.26,56.96,12,7.41
PROD00024,Beauty Item 24,Beauty & Health,Lindmark,175,225,7440.75,3577.50,48.08,15,8.57
PROD00087,Home Item 87,Home & Garden,Solari,166,227,41334.43,20271.10,49.04,11,6.63
PROD00116,Books Item 116,Books & Media,Kavea,176,237,7766.49,3751.71,48.31,7,3.98
PROD00035,Electronics Item 35,Electronics,Lindmark,160,199,122307.39,48424.66,39.59,9,5.63
PROD00009,Home Item 9,Home & Garden,Kavea,176,229,81375.15,31027.21,38.13,9,5.11
PROD00068,Books Item 68,Books & Media,Solari,144,186,5269.38,3400.08,64.53,9,6.25
PROD00157,Fashion Item 157,Fashion,Rovelle,174,217,7835.87,3035.83,38.74,15,8.62
PROD00067,Fashion Item 67,Fashion,Kavea,179,225,33522.75,15417.00,45.99,9,5.03
PROD00155,Toys Item 155,Toys & Kids,Nordwell,166,214,21500.58,8921.66,41.49,10,6.02
PROD00173,Books Item 173,Books & Media,Solari,190,246,6915.06,3761.34,54.39,15,7.89
PROD00015,Beauty Item 15,Beauty & Health,Kavea,155,204,13816.92,7486.80,54.19,7,4.52
PROD00143,Toys Item 143,Toys & Kids,Lindmark,152,184,12690.48,5981.84,47.14,12,7.89
PROD00176,Sports Item 176,Sports & Outdoors,Solari,188,241,66788.33,31419.17,47.04,10,5.32
PROD00106,Home Item 106,Home & Garden,Nordwell,162,199,9820.65,4658.59,47.44,5,3.09
PROD00184,Grocery Item 184,Grocery,Solari,187,240,1113.60,576.00,51.72,9,4.81
PROD00121,Home Item 121,Home & Garden,Kavea,157,203,55390.58,29424.85,53.12,13,8.28
PROD00070,Beauty Item 70,Beauty & Health,Rovelle,168,227,13967.31,6746.44,48.3,13,7.74
PROD00039,Books Item 39,Books & Media,Kavea,165,212,4577.08,2597.00,56.74,5,3.03
PROD00216,Fashion Item 216,Fashion,Kavea,166,213,32435.64,15762.00,48.59,13,7.83
PROD00081,Toys Item 81,Toys & Kids,Terravue,152,203,13123.95,8195.11,62.44,12,7.89
PROD00218,Electronics Item 218,Electronics,Terravue,199,253,22425.92,12687.95,56.58,10,5.03
PROD00113,Electronics Item 113,Electronics,Kavea,192,246,131669.04,56739.90,43.09,11,5.73
PROD00094,Fashion Item 94,Fashion,Terravue,193,247,9126.65,4347.20,47.63,15,7.77
PROD00187,Books Item 187,Books & Media,Terravue,167,234,1427.40,758.16,53.11,10,5.99
PROD00049,Toys Item 49,Toys & Kids,Rovelle,165,207,1564.92,979.11,62.57,12,7.27
PROD00021,Home Item 21,Home & Garden,Lindmark,162,210,72977.10,41099.10,56.32,12,7.41
PROD00020,Sports Item 20,Sports & Outdoors,Terravue,164,214,50264.32,23959.44,47.67,11,6.71
PROD00053,Home Item 53,Home & Garden,Terravue,170,224,27778.24,12523.84,45.09,15,8.82
PROD00110,Home Item 110,Home & Garden,Rovelle,178,232,64544.72,37068.96,57.43,8,4.49
PROD00008,Toys Item 8,Toys & Kids,Rovelle,158,207,16379.91,9370.89,57.21,7,4.43
PROD00175,Electronics Item 175,Electronics,Solari,156,202,151033.38,69560.72,46.06,9,5.77
PROD00075,Electronics Item 75,Electronics,Nordwell,223,281,186252.42,77491.37,41.61,13,5.83
PROD00177,Fashion Item 177,Fashion,Lindmark,158,206,19975.82,9869.46,49.41,8,5.06
PROD00193,Home Item 193,Home & Garden,Lindmark,163,204,71846.76,34675.92,48.26,11,6.75
PROD00073,Books Item 73,Books & Media,Kavea,168,207,8621.55,3922.65,45.5,15,8.93
PROD00064,Books Item 64,Books & Media,Lindmark,197,272,8665.92,3174.24,36.63,14,7.11
PROD00190,Home Item 190,Home & Garden,Solari,157,219,14228.43,7089.03,49.82,6,3.82
PROD00127,Toys Item 127,Toys & Kids,Terravue,175,224,10008.32,4986.24,49.82,9,5.14
PROD00101,Toys Item 101,Toys & Kids,Lindmark,172,218,22432.20,13260.94,59.12,10,5.81
PROD00138,Sports Item 138,Sports & Outdoors,Terravue,162,215,46313.15,22020.30,47.55,16,9.88
PROD00091,Grocery Item 91,Grocery,Lindmark,167,242,3700.18,1657.70,44.8,7,4.19
PROD00052,Fashion Item 52,Fashion,Nordwell,177,243,30401.73,18169.11,59.76,6,3.39
PROD00158,Sports Item 158,Sports & Outdoors,Kavea,183,237,80622.66,42624.45,52.87,14,7.65
PROD00122,Home Item 122,Home & Garden,Kavea,166,215,65456.75,33628.15,51.37,11,6.63
PROD00023,Home Item 23,Home & Garden,Solari,159,205,34683.95,18097.40,52.18,15,9.43
PROD00044,Books Item 44,Books & Media,Terravue,169,219,2052.03,961.41,46.85,9,5.33
PROD00038,Toys Item 38,Toys & Kids,Rovelle,149,192,16091.52,7681.92,47.74,10,6.71
PROD00147,Sports Item 147,Sports & Outdoors,Rovelle,171,228,46343.28,17499.00,37.76,16,9.36
PROD00005,Toys Item 5,Toys & Kids,Nordwell,156,217,18117.33,11468.45,63.3,12,7.69
PROD00150,Grocery Item 150,Grocery,Rovelle,184,240,3907.20,1840.80,47.11,7,3.8
PROD00144,Electronics Item 144,Electronics,Nordwell,184,238,187524.96,89430.88,47.69,19,10.33
PROD00102,Toys Item 102,Toys & Kids,Kavea,203,264,5361.84,1935.12,36.09,12,5.91
PROD00171,Toys Item 171,Toys & Kids,Solari,169,234,13209.30,8393.58,63.54,15,8.88
PROD00181,Grocery Item 181,Grocery,Terravue,160,215,853.55,399.90,46.85,6,3.75
PROD00048,Home Item 48,Home & Garden,Nordwell,171,206,28454.78,14523.00,51.04,8,4.68
PROD00025,Electronics Item 25,Electronics,Solari,166,210,161542.50,95235.00,58.95,4,2.41
PROD00078,Sports Item 78,Sports & Outdoors,Lindmark,173,226,22150.26,14312.58,64.62,10,5.78
PROD00203,Beauty Item 203,Beauty & Health,Kavea,148,196,17465.56,7767.48,44.47,8,5.41
PROD00013,Books Item 13,Books & Media,Rovelle,172,223,7046.80,2838.79,40.28,15,8.72
PROD00123,Fashion Item 123,Fashion,Kavea,160,212,20474.96,7566.28,36.95,8,5.0
PROD00077,Toys Item 77,Toys & Kids,Lindmark,178,232,20225.76,10982.88,54.3,16,8.99
PROD00126,Books Item 126,Books & Media,Kavea,192,268,5223.32,3299.08,63.16,8,4.17
PROD00133,Toys Item 133,Toys & Kids,Nordwell,176,231,18757.20,9704.31,51.74,5,2.84
PROD00092,Toys Item 92,Toys & Kids,Solari,189,258,21612.66,12004.74,55.54,9,4.76
PROD00051,Electronics Item 51,Electronics,Terravue,144,190,109715.50,57281.20,52.21,7,4.86
PROD00028,Toys Item 28,Toys & Kids,Terravue,161,216,20489.76,13219.20,64.52,12,7.45
PROD00034,Beauty Item 34,Beauty & Health,Nordwell,196,253,3974.63,1416.80,35.65,12,6.12
PROD00030,Fashion Item 30,Fashion,Solari,173,215,42329.20,14916.70,35.24,10,5.78
PROD00214,Home Item 214,Home & Garden,Kavea,167,229,23099.23,14342.27,62.09,14,8.38
PROD00019,Toys Item 19,Toys & Kids,Lindmark,164,205,24069.05,9913.80,41.19,10,6.1
PROD00037,Books Item 37,Books & Media,Lindmark,175,222,6295.92,2952.60,46.9,11,6.29
PROD00197,Toys Item 197,Toys & Kids,Rovelle,170,220,17512.00,11143.00,63.63,13,7.65
PROD00117,Books Item 117,Books & Media,Rovelle,172,219,4095.30,1541.76,37.65,7,4.07
PROD00179,Home Item 179,Home & Garden,Kavea,169,213,20113.59,9299.58,46.24,8,4.73
PROD00115,Grocery Item 115,Grocery,Kavea,170,217,3771.46,2237.27,59.32,4,2.35
PROD00210,Grocery Item 210,Grocery,Nordwell,189,240,3136.80,1872.00,59.68,14,7.41
PROD00007,Beauty Item 7,Beauty & Health,Nordwell,174,221,14201.46,8406.84,59.2,13,7.47
PROD00145,Sports Item 145,Sports & Outdoors,Solari,173,229,29488.33,12063.72,40.91,13,7.51
PROD00140,Grocery Item 140,Grocery,Rovelle,164,211,1306.09,696.30,53.31,10,6.1
PROD00135,Toys Item 135,Toys & Kids,Rovelle,157,193,19060.68,7011.69,36.79,9,5.73
PROD00136,Books Item 136,Books & Media,Kavea,203,260,7956.00,2893.80,36.37,7,3.45
PROD00163,Grocery Item 163,Grocery,Kavea,159,213,6117.36,2232.24,36.49,11,6.92
PROD00046,Home Item 46,Home & Garden,Kavea,182,230,68031.70,37255.40,54.76,10,5.49
PROD00134,Home Item 134,Home & Garden,Terravue,179,219,57402.09,36253.26,63.16,19,10.61
PROD00207,Electronics Item 207,Electronics,Terravue,186,233,142509.79,65191.07,45.74,16,8.6
PROD00033,Toys Item 33,Toys & Kids,Nordwell,177,225,23550.75,14582.25,61.92,11,6.21
PROD00154,Toys Item 154,Toys & Kids,Lindmark,170,209,12615.24,5814.38,46.09,7,4.12
PROD00026,Sports Item 26,Sports & Outdoors,Solari,165,222,72780.48,32261.04,44.33,12,7.27
PROD00220,Fashion Item 220,Fashion,Lindmark,187,240,52423.20,30290.40,57.78,10,5.35
PROD00205,Books Item 205,Books & Media,Nordwell,171,221,4347.07,2101.71,48.35,8,4.68
PROD00180,Books Item 180,Books & Media,Terravue,164,208,5707.52,3392.48,59.44,18,10.98
PROD00200,Books Item 200,Books & Media,Nordwell,168,215,2358.55,1442.65,61.17,18,10.71
PROD00103,Sports Item 103,Sports & Outdoors,Lindmark,176,233,11305.16,5724.81,50.64,16,9.09
PROD00208,Fashion Item 208,Fashion,Solari,167,211,20312.97,10218.73,50.31,9,5.39
PROD00219,Electronics Item 219,Electronics,Solari,148,188,62265.60,25857.52,41.53,10,6.76
PROD00031,Sports Item 31,Sports & Outdoors,Nordwell,181,227,25285.53,14841.26,58.69,13,7.18
PROD00191,Fashion Item 191,Fashion,Terravue,185,241,5550.23,3489.68,62.87,8,4.32
PROD00084,Books Item 84,Books & Media,Lindmark,172,220,3047.00,1894.20,62.17,10,5.81
PROD00055,Electronics Item 55,Electronics,Solari,175,230,184940.70,88205.00,47.69,9,5.14
PROD00016,Sports Item 16,Sports & Outdoors,Rovelle,166,219,52316.91,29757.72,56.88,13,7.83
PROD00217,Beauty Item 217,Beauty & Health,Nordwell,173,227,10301.26,3845.38,37.33,8,4.62
PROD00137,Grocery Item 137,Grocery,Kavea,174,213,1491.00,756.15,50.71,10,5.75
PROD00014,Beauty Item 14,Beauty & Health,Solari,177,230,8910.20,5372.80,60.3,10,5.65
PROD00059,Sports Item 59,Sports & Outdoors,Terravue,160,219,70526.76,37238.76,52.8,12,7.5
PROD00186,Electronics Item 186,Electronics,Kavea,172,218,44038.18,23515.66,53.4,10,5.81
PROD00006,Electronics Item 6,Electronics,Kavea,175,226,12506.84,6657.96,53.23,10,5.71
PROD00198,Electronics Item 198,Electronics,Solari,138,171,145815.12,57939.93,39.74,9,6.52
PROD00082,Electronics Item 82,Electronics,Kavea,167,218,110146.68,59038.76,53.6,10,5.99
PROD00188,Sports Item 188,Sports & Outdoors,Nordwell,159,201,37176.96,18775.41,50.5,18,11.32
PROD00105,Electronics Item 105,Electronics,Solari,182,225,22563.00,14280.75,63.29,10,5.49
PROD00170,Books Item 170,Books & Media,Solari,172,235,4631.85,2709.55,58.5,5,2.91
PROD00100,Fashion Item 100,Fashion,Lindmark,182,229,23596.16,10969.10,46.49,8,4.4
PROD00017,Fashion Item 17,Fashion,Lindmark,167,220,5953.20,2096.60,35.22,11,6.59
PROD00058,Grocery Item 58,Grocery,Solari,181,243,5304.69,2906.28,54.79,7,3.87
PROD00199,Fashion Item 199,Fashion,Solari,166,224,16192.96,10149.44,62.68,14,8.43
PROD00139,Sports Item 139,Sports & Outdoors,Rovelle,173,225,33230.25,18229.50,54.86,9,5.2
PROD00166,Electronics Item 166,Electronics,Nordwell,173,236,63788.44,38932.92,61.03,11,6.36
PROD00089,Electronics Item 89,Electronics,Lindmark,171,236,126231.68,51282.80,40.63,11,6.43
PROD00156,Electronics Item 156,Electronics,Lindmark,181,235,62848.40,23112.25,36.77,10,5.52
PROD00120,Sports Item 120,Sports & Outdoors,Nordwell,184,230,57341.30,31572.10,55.06,17,9.24
PROD00194,Toys Item 194,Toys & Kids,Kavea,165,219,25276.98,16061.46,63.54,11,6.67
PROD00151,Toys Item 151,Toys & Kids,Lindmark,183,248,3767.12,1386.32,36.8,12,6.56
PROD00065,Electronics Item 65,Electronics,Nordwell,190,255,72381.75,47024.55,64.97,11,5.79
PROD00149,Fashion Item 149,Fashion,Kavea,167,223,8948.99,5409.98,60.45,6,3.59
PROD00212,Books Item 212,Books & Media,Terravue,151,203,5799.71,2502.99,43.16,7,4.64
PROD00079,Sports Item 79,Sports & Outdoors,Lindmark,165,213,41454.06,16360.53,39.47,14,8.48
PROD00111,Sports Item 111,Sports & Outdoors,Terravue,180,240,27847.20,12974.40,46.59,10,5.56
PROD00057,Grocery Item 57,Grocery,Kavea,172,214,918.06,571.38,62.24,11,6.4
PROD00104,Books Item 104,Books & Media,Terravue,197,262,7338.62,3885.46,52.95,13,6.6
PROD00118,Books Item 118,Books & Media,Solari,169,226,1098.36,610.20,55.56,8,4.73
PROD00010,Fashion Item 10,Fashion,Terravue,168,220,15934.60,9257.60,58.1,8,4.76
PROD00022,Toys Item 22,Toys & Kids,Nordwell,144,197,11686.04,5425.38,46.43,19,13.19
PROD00069,Grocery Item 69,Grocery,Rovelle,181,230,5991.50,3312.00,55.28,11,6.08
PROD00169,Home Item 169,Home & Garden,Kavea,169,217,52728.83,19998.72,37.93,12,7.1
PROD00109,Sports Item 109,Sports & Outdoors,Terravue,171,209,5444.45,2725.36,50.06,11,6.43
PROD00119,Toys Item 119,Toys & Kids,Rovelle,164,211,2633.28,1105.64,41.99,9,5.49
PROD00047,Fashion Item 47,Fashion,Solari,160,223,24639.27,9149.69,37.13,9,5.63
PROD00125,Toys Item 125,Toys & Kids,Lindmark,196,257,18668.48,6705.13,35.92,17,8.67
PROD00029,Electronics Item 29,Electronics,Terravue,170,213,157850.04,100702.14,63.8,9,5.29
PROD00004,Books Item 4,Books & Media,Solari,170,230,4324.00,2281.60,52.77,9,5.29
PROD00209,Home Item 209,Home & Garden,Kavea,155,194,33144.90,16385.24,49.44,13,8.39
PROD00195,Books Item 195,Books & Media,Terravue,184,235,1884.70,1200.85,63.72,11,5.98
PROD00063,Toys Item 63,Toys & Kids,Rovelle,165,227,21862.37,9774.62,44.71,12,7.27
PROD00095,Toys Item 95,Toys & Kids,Terravue,178,239,20326.95,8940.99,43.99,19,10.67
PROD00130,Fashion Item 130,Fashion,Nordwell,189,245,20700.05,10966.20,52.98,14,7.41
PROD00074,Sports Item 74,Sports & Outdoors,Rovelle,177,230,10800.80,5717.80,52.94,10,5.65
PROD00043,Fashion Item 43,Fashion,Terravue,163,206,11521.58,7282.10,63.2,14,8.59
PROD00041,Fashion Item 41,Fashion,Lindmark,147,195,30301.05,17575.35,58.0,6,4.08
PROD00112,Electronics Item 112,Electronics,Solari,182,231,187269.39,76223.07,40.7,16,8.79
PROD00011,Beauty Item 11,Beauty & Health,Rovelle,159,200,7992.00,4618.00,57.78,13,8.18
PROD00071,Books Item 71,Books & Media,Solari,159,211,3808.55,2321.00,60.94,7,4.4
PROD00159,Sports Item 159,Sports & Outdoors,Lindmark,165,202,51724.12,32994.68,63.79,11,6.67
PROD00202,Home Item 202,Home & Garden,Nordwell,185,244,25466.28,13817.72,54.26,17,9.19
PROD00148,Toys Item 148,Toys & Kids,Lindmark,165,217,11106.06,6232.24,56.12,14,8.48
PROD00172,Books Item 172,Books & Media,Terravue,149,200,7528.00,3026.00,40.2,9,6.04
PROD00027,Home Item 27,Home & Garden,Solari,180,245,81026.40,39146.10,48.31,12,6.67
PROD00142,Electronics Item 142,Electronics,Terravue,182,239,49647.47,31397.43,63.24,10,5.49
PROD00062,Electronics Item 62,Electronics,Solari,173,228,144916.80,55057.44,37.99,11,6.36
PROD00153,Toys Item 153,Toys & Kids,Terravue,179,229,23000.76,14397.23,62.59,10,5.59
PROD00185,Books Item 185,Books & Media,Lindmark,154,196,2097.20,1246.56,59.44,5,3.25
PROD00211,Fashion Item 211,Fashion,Nordwell,164,218,6686.06,2426.34,36.29,13,7.93
PROD00215,Books Item 215,Books & Media,Rovelle,177,234,2653.56,1090.44,41.09,7,3.95
PROD00152,Beauty Item 152,Beauty & Health,Lindmark,178,227,15706.13,7445.60,47.41,12,6.74
PROD00032,Fashion Item 32,Fashion,Nordwell,185,230,39267.90,22542.30,57.41,9,4.86
PROD00160,Fashion Item 160,Fashion,Rovelle,182,242,23023.88,11400.62,49.52,10,5.49
PROD00189,Books Item 189,Books & Media,Lindmark,185,241,4745.29,1889.44,39.82,14,7.57
PROD00167,Electronics Item 167,Electronics,Rovelle,163,208,85252.96,38943.84,45.68,7,4.29
PROD00124,Beauty Item 124,Beauty & Health,Nordwell,164,213,5606.16,3442.08,61.4,6,3.66
PROD00129,Electronics Item 129,Electronics,Kavea,182,233,209240.99,107650.66,51.45,9,4.95
PROD00141,Home Item 141,Home & Garden,Lindmark,151,192,13777.92,5919.36,42.96,13,8.61
PROD00099,Books Item 99,Books & Media,Nordwell,176,234,1181.70,666.90,56.44,14,7.95
PROD00066,Toys Item 66,Toys & Kids,Terravue,155,204,7548.00,4412.52,58.46,6,3.87
PROD00192,Books Item 192,Books & Media,Nordwell,179,234,6442.02,3093.48,48.02,11,6.15
PROD00213,Books Item 213,Books & Media,Solari,180,229,3876.97,2063.29,53.22,10,5.56
PROD00086,Toys Item 86,Toys & Kids,Terravue,184,243,6359.31,2250.18,35.38,14,7.61
PROD00080,Beauty Item 80,Beauty & Health,Solari,157,198,17107.20,8217.00,48.03,9,5.73
PROD00093,Sports Item 93,Sports & Outdoors,Lindmark,170,218,12430.36,5722.50,46.04,7,4.12
PROD00088,Fashion Item 88,Fashion,Solari,180,224,43335.04,15225.28,35.13,11,6.11
PROD00056,Grocery Item 56,Grocery,Kavea,173,235,4843.35,2420.50,49.98,14,8.09
PROD00036,Fashion Item 36,Fashion,Lindmark,181,232,18121.52,8101.44,44.71,13,7.18
