month,return_reason,returns_count,total_refund_eur,avg_days_to_return
2024-01-01 00:00:00,changed_mind,3,1233.75,13.7
2024-01-01 00:00:00,damaged,3,293.71,15.0
2024-01-01 00:00:00,late_delivery,3,124.13,10.3
2024-01-01 00:00:00,not_as_described,5,981.88,7.2
2024-01-01 00:00:00,quality_issue,5,1261.46,12.2
2024-01-01 00:00:00,wrong_size,8,2570.79,7.8
2024-02-01 00:00:00,changed_mind,7,1076.78,8.4
2024-02-01 00:00:00,damaged,3,247.55,11.0
2024-02-01 00:00:00,late_delivery,5,2404.45,11.0
2024-02-01 00:00:00,not_as_described,4,2609.37,11.0
2024-02-01 00:00:00,quality_issue,2,139.62,9.5
2024-02-01 00:00:00,unspecified,2,198.11,11.5
2024-02-01 00:00:00,wrong_size,8,1522.22,12.1
2024-03-01 00:00:00,changed_mind,11,1215.57,10.8
2024-03-01 00:00:00,damaged,6,589.00,7.8
2024-03-01 00:00:00,late_delivery,8,3020.64,11.1
2024-03-01 00:00:00,not_as_described,4,1512.14,7.8
2024-03-01 00:00:00,quality_issue,6,797.83,12.3
2024-03-01 00:00:00,unspecified,3,1260.52,10.0
2024-03-01 00:00:00,wrong_size,6,582.46,10.8
2024-04-01 00:00:00,changed_mind,4,582.64,5.3
2024-04-01 00:00:00,damaged,4,2258.76,16.3
2024-04-01 00:00:00,late_delivery,8,1627.78,10.1
2024-04-01 00:00:00,not_as_described,11,1135.23,13.3
2024-04-01 00:00:00,quality_issue,9,2937.37,10.2
2024-04-01 00:00:00,unspecified,1,87.90,5.0
2024-04-01 00:00:00,wrong_size,10,2386.56,12.1
2024-05-01 00:00:00,changed_mind,7,1470.59,13.9
2024-05-01 00:00:00,damaged,10,3308.26,9.8
2024-05-01 00:00:00,late_delivery,7,1335.32,8.6
2024-05-01 00:00:00,not_as_described,9,1883.71,14.7
2024-05-01 00:00:00,quality_issue,9,1412.02,14.2
2024-05-01 00:00:00,unspecified,1,47.98,8.0
2024-05-01 00:00:00,wrong_size,8,1180.48,12.8
2024-06-01 00:00:00,changed_mind,8,1954.35,13.4
2024-06-01 00:00:00,damaged,7,2422.78,14.6
2024-06-01 00:00:00,late_delivery,11,1455.79,9.5
2024-06-01 00:00:00,not_as_described,9,1050.35,10.2
2024-06-01 00:00:00,quality_issue,5,1037.63,9.0
2024-06-01 00:00:00,unspecified,3,447.59,10.7
2024-06-01 00:00:00,wrong_size,9,1371.42,10.6
2024-07-01 00:00:00,changed_mind,9,2025.20,14.0
2024-07-01 00:00:00,damaged,6,1455.24,10.3
2024-07-01 00:00:00,late_delivery,9,1106.29,12.3
2024-07-01 00:00:00,not_as_described,3,460.63,10.7
2024-07-01 00:00:00,quality_issue,6,658.13,13.2
2024-07-01 00:00:00,unspecified,1,60.98,2.0
2024-07-01 00:00:00,wrong_size,7,1164.97,10.9
2024-08-01 00:00:00,changed_mind,4,745.04,12.0
2024-08-01 00:00:00,damaged,8,735.49,13.1
2024-08-01 00:00:00,late_delivery,6,753.37,16.2
2024-08-01 00:00:00,not_as_described,7,2379.27,13.7
2024-08-01 00:00:00,quality_issue,10,1778.01,13.3
2024-08-01 00:00:00,unspecified,1,29.09,9.0
2024-08-01 00:00:00,wrong_size,8,2166.54,12.4
2024-09-01 00:00:00,changed_mind,9,2356.37,10.7
2024-09-01 00:00:00,damaged,8,2465.96,9.6
2024-09-01 00:00:00,late_delivery,11,2269.71,11.3
2024-09-01 00:00:00,not_as_described,7,2463.86,12.6
2024-09-01 00:00:00,quality_issue,10,3430.11,9.7
2024-09-01 00:00:00,unspecified,2,1986.50,4.0
2024-09-01 00:00:00,wrong_size,7,3233.23,12.1
2024-10-01 00:00:00,changed_mind,9,1497.09,11.9
2024-10-01 00:00:00,damaged,11,3831.75,15.0
2024-10-01 00:00:00,late_delivery,4,803.99,13.8
2024-10-01 00:00:00,not_as_described,14,3825.54,10.1
2024-10-01 00:00:00,quality_issue,11,4331.36,14.5
2024-10-01 00:00:00,unspecified,1,247.88,19.0
2024-10-01 00:00:00,wrong_size,9,1521.47,10.1
2024-11-01 00:00:00,changed_mind,7,2332.11,9.6
2024-11-01 00:00:00,damaged,7,626.95,11.6
2024-11-01 00:00:00,late_delivery,16,4111.95,10.5
2024-11-01 00:00:00,not_as_described,12,2072.30,11.1
2024-11-01 00:00:00,quality_issue,6,391.97,7.5
2024-11-01 00:00:00,unspecified,5,648.10,11.6
2024-11-01 00:00:00,wrong_size,9,1774.68,9.8
2024-12-01 00:00:00,changed_mind,18,5118.18,11.2
2024-12-01 00:00:00,damaged,13,2144.80,10.0
2024-12-01 00:00:00,late_delivery,17,2370.59,12.1
2024-12-01 00:00:00,not_as_described,15,3011.28,11.0
2024-12-01 00:00:00,quality_issue,16,3091.36,11.1
2024-12-01 00:00:00,unspecified,8,1285.58,12.0
2024-12-01 00:00:00,wrong_size,25,6968.58,11.8
2025-01-01 00:00:00,changed_mind,9,1312.91,14.8
2025-01-01 00:00:00,damaged,13,4440.80,15.5
2025-01-01 00:00:00,late_delivery,13,2590.89,11.5
2025-01-01 00:00:00,not_as_described,14,2526.59,12.4
2025-01-01 00:00:00,quality_issue,15,3664.02,14.5
2025-01-01 00:00:00,wrong_size,11,2917.54,16.3
2025-02-01 00:00:00,changed_mind,7,1056.32,13.6
2025-02-01 00:00:00,damaged,4,1460.80,11.8
2025-02-01 00:00:00,late_delivery,7,273.71,9.9
2025-02-01 00:00:00,not_as_described,8,856.81,13.0
2025-02-01 00:00:00,quality_issue,4,401.40,10.8
2025-02-01 00:00:00,unspecified,1,148.39,11.0
2025-02-01 00:00:00,wrong_size,8,1363.62,8.9
2025-03-01 00:00:00,changed_mind,14,1963.30,10.2
2025-03-01 00:00:00,damaged,13,2515.68,12.7
2025-03-01 00:00:00,late_delivery,9,1943.13,11.4
2025-03-01 00:00:00,not_as_described,11,4761.94,11.1
2025-03-01 00:00:00,quality_issue,14,2211.91,11.6
2025-03-01 00:00:00,unspecified,1,255.16,10.0
2025-03-01 00:00:00,wrong_size,9,1739.74,13.2
2025-04-01 00:00:00,changed_mind,10,1612.57,13.1
2025-04-01 00:00:00,damaged,9,1163.35,13.3
2025-04-01 00:00:00,late_delivery,11,1365.66,8.6
2025-04-01 00:00:00,not_as_described,9,2371.00,9.0
2025-04-01 00:00:00,quality_issue,6,1592.56,9.0
2025-04-01 00:00:00,unspecified,4,1385.47,15.3
2025-04-01 00:00:00,wrong_size,15,3350.10,9.7
2025-05-01 00:00:00,changed_mind,9,1969.56,14.8
2025-05-01 00:00:00,damaged,8,901.07,11.9
2025-05-01 00:00:00,late_delivery,11,1943.21,12.5
2025-05-01 00:00:00,not_as_described,12,1864.79,9.8
2025-05-01 00:00:00,quality_issue,7,875.55,8.3
2025-05-01 00:00:00,unspecified,2,252.95,10.5
2025-05-01 00:00:00,wrong_size,9,2202.76,9.6
2025-06-01 00:00:00,changed_mind,7,632.66,10.1
2025-06-01 00:00:00,damaged,8,1137.29,8.5
2025-06-01 00:00:00,late_delivery,12,1541.98,12.6
2025-06-01 00:00:00,not_as_described,7,475.32,9.9
2025-06-01 00:00:00,quality_issue,9,1415.72,7.6
2025-06-01 00:00:00,unspecified,1,109.40,18.0
2025-06-01 00:00:00,wrong_size,6,3524.08,11.3
2025-07-01 00:00:00,changed_mind,7,842.41,12.9
2025-07-01 00:00:00,damaged,6,959.34,13.5
2025-07-01 00:00:00,late_delivery,8,2116.79,14.0
2025-07-01 00:00:00,not_as_described,8,1519.80,9.0
2025-07-01 00:00:00,quality_issue,6,1543.68,16.3
2025-07-01 00:00:00,unspecified,3,765.63,9.7
2025-07-01 00:00:00,wrong_size,6,1267.51,9.2
2025-08-01 00:00:00,changed_mind,4,521.82,13.8
2025-08-01 00:00:00,damaged,5,665.91,11.2
2025-08-01 00:00:00,late_delivery,5,582.41,10.8
2025-08-01 00:00:00,not_as_described,18,4499.22,11.6
2025-08-01 00:00:00,quality_issue,11,1595.19,11.6
2025-08-01 00:00:00,unspecified,3,586.23,10.0
2025-08-01 00:00:00,wrong_size,10,703.30,9.0
2025-09-01 00:00:00,changed_mind,9,2209.52,12.3
2025-09-01 00:00:00,damaged,14,4313.87,10.1
2025-09-01 00:00:00,late_delivery,9,832.19,9.6
2025-09-01 00:00:00,not_as_described,10,2256.96,10.3
2025-09-01 00:00:00,quality_issue,6,1590.74,15.2
2025-09-01 00:00:00,wrong_size,13,2914.42,10.3
2025-10-01 00:00:00,changed_mind,11,2462.83,11.0
2025-10-01 00:00:00,damaged,16,2797.82,7.6
2025-10-01 00:00:00,late_delivery,9,1896.47,12.1
2025-10-01 00:00:00,not_as_described,6,689.12,10.0
2025-10-01 00:00:00,quality_issue,8,1306.09,10.6
2025-10-01 00:00:00,wrong_size,9,1814.76,12.0
2025-11-01 00:00:00,changed_mind,8,628.44,11.8
2025-11-01 00:00:00,damaged,14,1761.62,9.8
2025-11-01 00:00:00,late_delivery,12,3970.22,13.5
2025-11-01 00:00:00,not_as_described,11,3089.79,12.5
2025-11-01 00:00:00,quality_issue,9,1016.41,11.1
2025-11-01 00:00:00,unspecified,1,154.66,5.0
2025-11-01 00:00:00,wrong_size,11,2029.94,8.6
2025-12-01 00:00:00,changed_mind,14,2607.83,9.9
2025-12-01 00:00:00,damaged,23,4432.04,10.7
2025-12-01 00:00:00,late_delivery,22,5758.77,11.1
2025-12-01 00:00:00,not_as_described,14,4443.02,9.8
2025-12-01 00:00:00,quality_issue,17,3995.26,12.5
2025-12-01 00:00:00,unspecified,1,473.70,17.0
2025-12-01 00:00:00,wrong_size,18,4237.60,12.2
2026-01-01 00:00:00,changed_mind,3,294.06,12.0
2026-01-01 00:00:00,damaged,8,755.40,14.5
2026-01-01 00:00:00,late_delivery,6,1219.92,13.2
2026-01-01 00:00:00,not_as_described,10,2008.35,14.3
2026-01-01 00:00:00,quality_issue,6,1121.06,16.3
2026-01-01 00:00:00,unspecified,1,218.03,6.0
2026-01-01 00:00:00,wrong_size,6,1332.37,17.2
