date,net_revenue_eur,orders_count,dow,seasonal_baseline,residual,seasonal_zscore,iqr_anomaly,zscore_anomaly,is_anomaly,direction
2024-01-01,6967.61,22,0,,,,False,False,False,spike
2024-01-02,2324.06,11,1,,,,False,False,False,spike
2024-01-03,4276.82,18,2,,,,False,False,False,spike
2024-01-04,4453.2,18,3,,,,False,False,False,spike
2024-01-05,7761.64,25,4,,,,False,False,False,spike
2024-01-06,9242.13,27,5,,,,False,False,False,spike
2024-01-07,6244.77,20,6,,,,False,False,False,spike
2024-01-08,5567.03,16,0,,,,False,False,False,spike
2024-01-09,4849.88,19,1,,,,False,False,False,spike
2024-01-10,8232.53,22,2,,,,False,False,False,spike
2024-01-11,7607.11,21,3,,,,False,False,False,spike
2024-01-12,5347.24,20,4,,,,False,False,False,spike
2024-01-13,15615.69,27,5,,,,False,False,False,spike
2024-01-14,8939.37,24,6,,,,False,False,False,spike
2024-01-15,5484.93,17,0,,,,False,False,False,spike
2024-01-16,6991.41,24,1,,,,False,False,False,spike
2024-01-17,4724.65,9,2,,,,False,False,False,spike
2024-01-18,5281.51,17,3,,,,False,False,False,spike
2024-01-19,4380.85,17,4,,,,False,False,False,spike
2024-01-20,8074.05,24,5,,,,False,False,False,spike
2024-01-21,7189.84,18,6,,,,False,False,False,spike
2024-01-22,4923.2,21,0,,,,False,False,False,spike
2024-01-23,3077.04,14,1,,,,False,False,False,spike
2024-01-24,6237.81,20,2,,,,False,False,False,spike
2024-01-25,4561.19,12,3,,,,False,False,False,spike
2024-01-26,7831.04,22,4,,,,False,False,False,spike
2024-01-27,8744.86,24,5,,,,False,False,False,spike
2024-01-28,11138.83,25,6,,,,False,False,False,spike
2024-01-29,5366.58,18,0,5525.98,-159.39999999999964,-0.1832832314556902,False,False,False,drop
2024-01-30,9147.35,18,1,3963.46,5183.89,2.49548925959758,False,False,False,spike
2024-01-31,7384.31,18,2,5481.23,1903.0800000000008,1.065694831854017,False,False,False,spike
2024-02-01,3611.38,17,3,4921.35,-1309.9700000000003,-0.8925309281345868,False,False,False,drop
2024-02-02,7568.86,22,4,6554.4400000000005,1014.4199999999992,0.5834846730941586,False,False,False,spike
2024-02-03,10146.88,30,5,8993.494999999999,1153.3850000000002,0.3297982717556238,False,False,False,spike
2024-02-04,8693.83,24,6,8064.6050000000005,629.2249999999995,0.29232346849610874,False,False,False,spike
2024-02-05,3649.83,15,0,5484.93,-1835.1000000000004,-2.37999305039212,False,False,False,drop
2024-02-06,5311.81,16,1,4849.88,461.9300000000003,0.16418913823228337,False,False,False,spike
2024-02-07,8508.15,29,2,6237.81,2270.3399999999992,1.3444597483625325,False,False,False,spike
2024-02-08,3495.08,17,3,4561.19,-1066.1099999999997,-0.7013289304339558,False,False,False,drop
2024-02-09,7970.31,25,4,7568.86,401.4500000000007,0.25023325164953314,False,False,False,spike
2024-02-10,8562.3,36,5,9242.13,-679.8299999999999,-0.22428126620986036,False,False,False,drop
2024-02-11,8843.17,15,6,8693.83,149.34000000000015,0.0798843546063441,False,False,False,spike
2024-02-12,6583.95,20,0,5425.755,1158.1949999999997,1.0798650056664245,False,False,False,spike
2024-02-13,7852.92,25,1,5080.845,2772.075,1.101594310698879,False,False,False,spike
2024-02-14,8462.92,27,2,6811.06,1651.8599999999997,0.92465085043657,False,False,False,spike
2024-02-15,2151.08,13,3,4507.195,-2356.115,-1.56055737668455,False,False,False,drop
2024-02-16,7048.54,23,4,7665.25,-616.71,-0.3995730161122296,False,False,False,drop
2024-02-17,6450.47,23,5,8993.494999999999,-2543.0249999999987,-0.9052406617894159,False,False,False,drop
2024-02-18,12252.04,32,6,8768.5,3483.540000000001,2.0733907380296994,False,False,False,spike
2024-02-19,7390.11,16,0,5484.93,1905.1799999999994,1.7505368348277515,False,False,False,spike
2024-02-20,3752.01,17,1,5311.81,-1559.8000000000002,-0.6254206751073392,False,False,False,drop
2024-02-21,6716.79,17,2,7384.31,-667.5200000000004,-0.37453438129912187,False,False,False,drop
2024-02-22,4201.39,20,3,4453.2,-251.8099999999995,-0.14714539170193602,False,False,False,drop
2024-02-23,4059.27,14,4,7568.86,-3509.5899999999997,-2.485848908091817,False,False,False,drop
2024-02-24,9776.29,28,5,8744.86,1031.4300000000003,0.3549875142722327,False,False,False,spike
2024-02-25,9241.4,38,6,8843.17,398.22999999999956,0.190836799758684,False,False,False,spike
2024-02-26,3280.63,16,0,5525.98,-2245.3499999999995,-1.8589458587558907,False,False,False,drop
2024-02-27,5258.67,21,1,5080.845,177.82499999999982,0.07395224659296838,False,False,False,spike
2024-02-28,6926.36,21,2,7050.55,-124.19000000000051,-0.07524091982321594,False,False,False,drop
2024-02-29,2285.54,16,3,4327.295,-2041.755,-1.2866940757094945,False,False,False,drop
2024-03-01,3977.82,22,4,7308.7,-3330.8799999999997,-2.035458727944507,False,False,False,drop
2024-03-02,8098.8,22,5,8993.494999999999,-894.6949999999988,-0.3324500571227724,False,False,False,drop
2024-03-03,8705.44,38,6,8891.27,-185.82999999999993,-0.09612396083951401,False,False,False,drop
2024-03-04,5930.05,15,0,5425.755,504.2950000000001,0.36910194030534926,False,False,False,spike
2024-03-05,5180.96,15,1,5285.24,-104.27999999999975,-0.05047442118965078,False,False,False,drop
2024-03-06,7994.59,26,2,7155.335,839.2550000000001,0.6478520562537483,False,False,False,spike
2024-03-07,9451.0,24,3,3906.385,5544.615,3.156808309367015,False,True,True,spike
2024-03-08,4884.34,11,4,6197.889999999999,-1313.5499999999993,-0.7461366129052103,False,False,False,drop
2024-03-09,5748.38,25,5,8653.58,-2905.2,-1.0597486580459101,False,False,False,drop
2024-03-10,7112.95,21,6,8891.27,-1778.3200000000006,-1.1225887421546183,False,False,False,drop
2024-03-11,4180.01,16,0,5425.755,-1245.745,-0.9007125793873696,False,False,False,drop
2024-03-12,4206.07,20,1,5285.24,-1079.17,-0.5269545456950463,False,False,False,drop
2024-03-13,6033.49,30,2,7155.335,-1121.8450000000003,-0.8836989137753214,False,False,False,drop
2024-03-14,7364.26,25,3,3906.385,3457.875,1.4975471802152107,False,False,False,spike
2024-03-15,4463.96,21,4,5966.4400000000005,-1502.4800000000005,-0.8378971949942161,False,False,False,drop
2024-03-16,6760.12,25,5,8330.55,-1570.4299999999994,-1.0452767340036417,False,False,False,drop
2024-03-17,5666.69,26,6,8774.305,-3107.6150000000007,-1.7498297880565983,False,False,False,drop
2024-03-18,9410.3,22,0,5144.889999999999,4265.41,2.9671537142806357,False,True,True,spike
2024-03-19,15917.34,26,1,5219.8150000000005,10697.525,5.19959265565209,False,True,True,spike
2024-03-20,6300.95,21,2,7155.335,-854.3850000000002,-0.8858667804602396,False,False,False,drop
2024-03-21,8592.23,21,3,3906.385,4685.844999999999,1.8507354496332789,False,False,False,spike
2024-03-22,4743.17,15,4,5966.4400000000005,-1223.2700000000004,-0.6861213662243303,False,False,False,drop
2024-03-23,5828.94,21,5,8330.55,-2501.6099999999997,-1.5757401344777828,False,False,False,drop
2024-03-24,4119.65,18,6,8774.305,-4654.655000000001,-2.245766812788152,False,False,False,drop
2024-03-25,9755.83,25,0,5648.3150000000005,4107.514999999999,1.9864174266154617,False,False,False,spike
2024-03-26,6498.47,27,1,5285.24,1213.2300000000005,0.3028279760375457,False,False,False,spike
2024-03-27,8192.61,23,2,7155.335,1037.2750000000005,1.0862682992299255,False,False,False,spike
2024-03-28,4581.75,20,3,3906.385,675.3649999999998,0.23371003541410892,False,False,False,spike
2024-03-29,5256.13,17,4,4813.755,442.375,0.2675667557031519,False,False,False,spike
2024-03-30,10009.64,33,5,7429.46,2580.1799999999994,1.4914903856056045,False,False,False,spike
2024-03-31,5941.31,23,6,8699.635,-2758.325,-1.1187960033130655,False,False,False,drop
2024-04-01,7964.67,18,0,6257.0,1707.67,0.6838429376422761,False,False,False,spike
2024-04-02,7682.54,22,1,5285.24,2397.3,0.6116447512455566,False,False,False,spike
2024-04-03,5994.03,25,2,7460.475,-1466.4450000000006,-1.4555258245170115,False,False,False,drop
2024-04-04,5404.24,16,3,4391.57,1012.6700000000001,0.35706396725286815,False,False,False,spike
2024-04-05,7810.34,23,4,4813.755,2996.585,2.0707131135142074,False,False,False,spike
2024-04-06,5063.45,26,5,7429.46,-2366.01,-1.3898569189620658,False,False,False,drop
2024-04-07,6110.33,21,6,7909.195,-1798.8649999999998,-0.7032919317924261,False,False,False,drop
2024-04-08,5803.69,20,0,6987.03,-1183.3400000000001,-0.512575565532298,False,False,False,drop
2024-04-09,7259.57,22,1,5878.57,1381.0,0.35548213654218913,False,False,False,spike
2024-04-10,5489.91,19,2,6821.575,-1331.665,-1.3294105594863281,False,False,False,drop
2024-04-11,5140.55,16,3,4992.995,147.5550000000003,0.05375959587308684,False,False,False,spike
2024-04-12,5797.96,17,4,4813.755,984.2049999999999,0.7002672720350052,False,False,False,spike
2024-04-13,7662.7,22,5,6605.295,1057.4049999999997,0.5635528442913406,False,False,False,spike
2024-04-14,8882.59,18,6,6611.639999999999,2270.9500000000007,0.8832457585638509,False,False,False,spike
2024-04-15,6175.67,16,0,6660.08,-484.40999999999985,-0.2073722699958802,False,False,False,drop
2024-04-16,9141.45,21,1,5878.57,3262.880000000001,0.8425005648967535,False,False,False,spike
2024-04-17,12086.05,27,2,6508.87,5577.179999999999,5.778271343599099,False,True,True,spike
2024-04-18,5819.96,22,3,5272.395,547.5649999999996,0.22762294386305162,False,False,False,spike
2024-04-19,4888.54,22,4,4813.755,74.78499999999985,0.060281359854693725,False,False,False,spike
2024-04-20,6915.76,34,5,7211.41,-295.64999999999964,-0.15943233436843418,False,False,False,drop
2024-04-21,9676.17,26,6,6611.639999999999,3064.5300000000007,1.6736272878386182,False,False,False,spike
2024-04-22,7024.05,24,0,6052.860000000001,971.1899999999996,0.4176809222586055,False,False,False,spike
2024-04-23,12186.74,31,1,6879.02,5307.719999999999,1.4352848886998213,False,False,False,spike
2024-04-24,11392.78,31,2,6613.655,4779.125000000001,2.2400846051951206,False,False,False,spike
2024-04-25,11851.47,27,3,5612.1,6239.369999999999,2.7002640357549166,False,True,True,spike
2024-04-26,6030.96,22,4,4886.4400000000005,1144.5199999999995,0.9768506334036,False,False,False,spike
2024-04-27,9616.33,28,5,6837.9400000000005,2778.3899999999994,1.759406186854581,False,False,False,spike
2024-04-28,5928.73,25,6,6611.639999999999,-682.9099999999999,-0.35704641606756965,False,False,False,drop
2024-04-29,7574.75,25,0,6599.860000000001,974.8899999999994,0.5104239326128389,False,False,False,spike
2024-04-30,4425.46,12,1,7471.055,-3045.5950000000003,-0.7875451990148647,False,False,False,drop
2024-05-01,6819.51,23,2,7147.77,-328.2600000000002,-0.12905366262677812,False,False,False,drop
2024-05-02,5596.9,22,3,6592.110000000001,-995.210000000001,-0.39317866223951203,False,False,False,drop
2024-05-03,5291.88,20,4,5072.335,219.54500000000007,0.20328000947530717,False,False,False,spike
2024-05-04,3964.42,15,5,6837.9400000000005,-2873.5200000000004,-1.5931385915644605,False,False,False,drop
2024-05-05,9558.42,31,6,6025.82,3532.6000000000004,1.9474727276260337,False,False,False,spike
2024-05-06,6027.21,19,0,7299.4,-1272.1899999999996,-0.6830508041513125,False,False,False,drop
2024-05-07,6607.31,17,1,7471.055,-863.7449999999999,-0.21767785549939003,False,False,False,drop
2024-05-08,8366.45,28,2,6560.23,1806.2200000000012,0.701867098165766,False,False,False,spike
2024-05-09,10742.9,26,3,5708.43,5034.469999999999,2.078251324211112,False,False,False,spike
2024-05-10,5906.92,21,4,5274.005,632.915,0.5987666828101019,False,False,False,spike
2024-05-11,11407.81,35,5,6837.9400000000005,4569.869999999999,2.1807503438295712,False,False,False,spike
2024-05-12,8588.28,25,6,6025.82,2562.460000000001,1.2299402663674353,False,False,False,spike
2024-05-13,13050.29,28,0,7299.4,5750.890000000001,3.806500672881481,False,True,True,spike
2024-05-14,6241.69,25,1,7471.055,-1229.3650000000007,-0.33362429978100977,False,False,False,drop
2024-05-15,4933.54,21,2,7506.06,-2572.5200000000004,-1.0387723748563051,False,False,False,drop
2024-05-16,7944.17,21,3,5708.43,2235.74,0.7981858009017273,False,False,False,spike
2024-05-17,9919.63,20,4,5544.92,4374.709999999999,4.522119646008855,False,True,True,spike
2024-05-18,7897.96,29,5,7289.23,608.7300000000005,0.23339323619707317,False,False,False,spike
2024-05-19,3445.43,18,6,7349.305,-3903.8750000000005,-1.8811566407240488,False,False,False,drop
2024-05-20,8881.12,25,0,7299.4,1581.7200000000012,0.647912175253433,False,False,False,spike
2024-05-21,9279.42,24,1,6933.4400000000005,2345.9799999999996,1.012407085992423,False,False,False,spike
2024-05-22,12765.05,34,2,7506.06,5258.989999999999,1.9789742934203627,False,False,False,spike
2024-05-23,10306.99,22,3,5708.43,4598.5599999999995,1.6633225316803955,False,False,False,spike
2024-05-24,6433.77,20,4,5852.4400000000005,581.3299999999999,0.3445364720450919,False,False,False,spike
2024-05-25,8874.5,23,5,7780.33,1094.17,0.435403907861538,False,False,False,spike
2024-05-26,5225.76,21,6,7349.305,-2123.545,-0.9510198329793769,False,False,False,drop
2024-05-27,4877.36,15,0,7299.4,-2422.04,-1.0237662105493357,False,False,False,drop
2024-05-28,8792.89,26,1,7471.055,1321.8349999999991,0.5617866573088051,False,False,False,spike
2024-05-29,5478.89,22,2,7592.9800000000005,-2114.09,-0.6670219369775936,False,False,False,drop
2024-05-30,9170.83,29,3,6882.0650000000005,2288.7649999999994,0.8322060491466942,False,False,False,spike
2024-05-31,8521.74,17,4,5968.9400000000005,2552.7999999999993,1.5687897881821888,False,False,False,spike
2024-06-01,7739.3,26,5,7780.33,-41.029999999999745,-0.017088135021110954,False,False,False,drop
2024-06-02,6902.96,21,6,7349.305,-446.34500000000025,-0.19350035527554882,False,False,False,drop
2024-06-03,7592.99,15,0,6599.860000000001,993.1299999999992,0.3849907439228292,False,False,False,spike
2024-06-04,8726.64,23,1,8026.23,700.4099999999999,0.2950245956013577,False,False,False,spike
2024-06-05,5014.19,17,2,7592.9800000000005,-2578.790000000001,-0.7979402373740566,False,False,False,drop
2024-06-06,13140.68,24,3,8557.5,4583.18,1.770082832402727,False,False,False,spike
2024-06-07,7547.57,32,4,5968.9400000000005,1578.6299999999992,0.91517014681175,False,False,False,spike
2024-06-08,6605.19,27,5,7818.63,-1213.4400000000005,-0.561914608472234,False,False,False,drop
2024-06-09,12744.98,41,6,7745.620000000001,4999.359999999999,2.2013174910039592,False,False,False,spike
2024-06-10,320.39,2,0,7299.4,-6979.009999999999,-2.7972315506466705,False,True,True,drop
2024-06-11,835.92,2,1,8759.765,-7923.844999999999,-3.3489349984899315,False,True,True,drop
2024-06-12,1724.64,1,2,7592.9800000000005,-5868.34,-1.779866043754375,False,False,False,drop
2024-06-13,3037.99,19,3,9738.91,-6700.92,-2.457818354964317,False,False,False,drop
2024-06-14,8084.54,23,4,6232.365,1852.1750000000002,1.0769681632685721,False,False,False,spike
2024-06-15,8088.95,24,5,7818.63,270.3199999999997,0.12201846098707064,False,False,False,spike
2024-06-16,3699.44,20,6,7745.620000000001,-4046.1800000000007,-1.3643209870876554,False,False,False,drop
2024-06-17,6711.78,18,0,7299.4,-587.6199999999999,-0.16311708071787803,False,False,False,drop
2024-06-18,6256.01,17,1,7666.975,-1410.9650000000001,-0.40853558540606844,False,False,False,drop
2024-06-19,8244.14,28,2,6149.200000000001,2094.9399999999987,0.575498398001955,False,False,False,spike
2024-06-20,6388.46,33,3,9738.91,-3350.45,-1.0018591755680248,False,False,False,drop
2024-06-21,5227.1,21,4,6990.67,-1763.5699999999997,-1.1214520713376714,False,False,False,drop
2024-06-22,6508.33,29,5,7993.455,-1485.125,-0.6808755065871016,False,False,False,drop
2024-06-23,10057.05,26,6,6415.844999999999,3641.205,1.1522284286456346,False,False,False,spike
2024-06-24,7650.39,26,0,7143.264999999999,507.1250000000009,0.14075748116785108,False,False,False,spike
2024-06-25,6407.09,31,1,6431.66,-24.56999999999971,-0.008815520132463298,False,False,False,drop
2024-06-26,5557.98,20,2,6149.200000000001,-591.2200000000012,-0.18164055891631953,False,False,False,drop
2024-06-27,8523.54,22,3,8557.5,-33.95999999999913,-0.010518868779754928,False,False,False,drop
2024-06-28,6923.9,25,4,6990.67,-66.77000000000044,-0.03971728493120209,False,False,False,drop
2024-06-29,6789.91,25,5,7818.63,-1028.7200000000003,-0.4821987183763943,False,False,False,drop
2024-06-30,8221.42,28,6,7745.620000000001,475.7999999999993,0.1445177613103119,False,False,False,spike
2024-07-01,4596.92,11,0,7152.385,-2555.465,-0.7088645142124351,False,False,False,drop
2024-07-02,7427.47,18,1,6507.200000000001,920.2699999999995,0.344319014377122,False,False,False,spike
2024-07-03,4343.72,11,2,5518.4349999999995,-1174.7149999999992,-0.3584725296407791,False,False,False,drop
2024-07-04,3679.66,17,3,8847.185000000001,-5167.5250000000015,-1.699907622166514,False,False,False,drop
2024-07-05,5036.03,15,4,7235.735,-2199.705,-1.4478420864337502,False,False,False,drop
2024-07-06,4490.97,18,5,7818.63,-3327.66,-2.069527025885045,False,False,False,drop
2024-07-07,6617.97,20,6,7562.1900000000005,-944.2200000000003,-0.29439140904504946,False,False,False,drop
2024-07-08,4948.58,18,0,7152.385,-2203.8050000000003,-0.5975031767024702,False,False,False,drop
2024-07-09,2330.15,12,1,6917.280000000001,-4587.130000000001,-1.7072605076648706,False,False,False,drop
2024-07-10,3838.82,16,2,5246.54,-1407.7199999999998,-0.43179724657780105,False,False,False,drop
2024-07-11,4106.73,19,3,8233.855,-4127.125,-1.2295163747808233,False,False,False,drop
2024-07-12,1573.34,14,4,7235.735,-5662.3949999999995,-3.4115474811445634,False,True,True,drop
2024-07-13,5179.29,16,5,7264.605,-2085.3149999999996,-1.5502678368602627,False,False,False,drop
2024-07-14,8670.12,26,6,6760.465,1909.6550000000007,0.6014442296216049,False,False,False,spike
2024-07-15,3835.91,15,0,5830.18,-1994.2700000000004,-0.7467181576200576,False,False,False,drop
2024-07-16,8619.19,23,1,6917.280000000001,1701.9099999999999,0.546588563327006,False,False,False,spike
2024-07-17,5644.27,21,2,5246.54,397.7300000000005,0.11930179325804345,False,False,False,spike
2024-07-18,2879.57,8,3,7456.0,-4576.43,-1.2731138211591306,False,False,False,drop
2024-07-19,6804.31,18,4,6678.835,125.47500000000036,0.056085291955844975,False,False,False,spike
2024-07-20,5872.33,24,5,6697.549999999999,-825.2199999999993,-0.5651138428573637,False,False,False,drop
2024-07-21,8469.19,26,6,7562.1900000000005,907.0,0.3203398431854774,False,False,False,spike
2024-07-22,2606.04,14,0,4912.969999999999,-2306.9299999999994,-0.9641343629688832,False,False,False,drop
2024-07-23,6827.12,17,1,6917.280000000001,-90.16000000000076,-0.029758152696162207,False,False,False,drop
2024-07-24,5814.96,14,2,5246.54,568.4200000000001,0.30708110887827944,False,False,False,spike
2024-07-25,9379.79,17,3,5247.594999999999,4132.1950000000015,1.1278056411635677,False,False,False,spike
2024-07-26,6711.35,19,4,6864.105,-152.7549999999992,-0.06797246638882781,False,False,False,drop
2024-07-27,7412.73,24,5,6556.76,855.9699999999993,0.7068713367578702,False,False,False,spike
2024-07-28,8619.02,22,6,8345.305,273.71500000000015,0.10363054382922399,False,False,False,spike
2024-07-29,7678.25,21,0,4772.75,2905.5,1.1402421673874783,False,False,False,spike
2024-07-30,5541.98,15,1,6617.105,-1075.125,-0.37563769119780593,False,False,False,drop
2024-07-31,5573.03,17,2,5286.084999999999,286.9450000000006,0.15363561265525705,False,False,False,spike
2024-08-01,2416.61,14,3,5247.594999999999,-2830.984999999999,-0.7677358477038844,False,False,False,drop
2024-08-02,5190.23,19,4,6757.83,-1567.6000000000004,-0.758898199049592,False,False,False,drop
2024-08-03,1999.7,13,5,6556.76,-4557.06,-3.9140143335150945,False,True,True,drop
2024-08-04,7490.77,27,6,8544.105,-1053.3349999999991,-0.40628139641209055,False,False,False,drop
2024-08-05,3015.93,20,0,4772.75,-1756.8200000000002,-0.6857977733163986,False,False,False,drop
2024-08-06,4364.1,16,1,6331.55,-1967.4499999999998,-0.7482525461507211,False,False,False,drop
2024-08-07,3156.87,17,2,5565.504999999999,-2408.6349999999993,-1.2827223351268204,False,False,False,drop
2024-08-08,6842.07,19,3,3893.1949999999997,2948.875,1.0917983525667045,False,False,False,spike
2024-08-09,3390.88,21,4,5969.225,-2578.3450000000003,-1.3036948833724176,False,False,False,drop
2024-08-10,5538.28,25,5,6190.33,-652.0500000000002,-0.3391957141932415,False,False,False,drop
2024-08-11,4133.25,23,6,8345.305,-4212.055,-2.210473181147892,False,False,False,drop
2024-08-12,7018.19,14,0,4772.75,2245.4399999999996,1.1191406278288643,False,False,False,spike
2024-08-13,6471.16,20,1,6331.55,139.60999999999967,0.07221746721802831,False,False,False,spike
2024-08-14,3599.1,16,2,5565.504999999999,-1966.4049999999993,-1.2682188719401986,False,False,False,drop
2024-08-15,3327.49,18,3,5247.594999999999,-1920.1049999999996,-0.7301555482914687,False,False,False,drop
2024-08-16,4288.89,19,4,5208.665,-919.7749999999996,-0.4945339897185084,False,False,False,drop
2024-08-17,9139.35,24,5,5705.305,3434.045,2.039429700272278,False,False,False,spike
2024-08-18,6884.68,20,6,8345.305,-1460.625,-0.8223421903020478,False,False,False,drop
2024-08-19,4609.36,18,0,4772.75,-163.39000000000033,-0.0799568424716623,False,False,False,drop
2024-08-20,6695.45,23,1,6439.125,256.3249999999998,0.13218098498581834,False,False,False,spike
2024-08-21,3994.82,17,2,4950.85,-956.0300000000002,-0.8890620740572343,False,False,False,drop
2024-08-22,9191.32,29,3,3893.1949999999997,5298.125,1.9564710231912972,False,False,False,spike
2024-08-23,7498.17,26,4,5113.129999999999,2385.040000000001,1.2681654780674982,False,False,False,spike
2024-08-24,8181.63,22,5,5705.305,2476.325,1.1701986992016902,False,False,False,spike
2024-08-25,5842.06,17,6,7856.095,-2014.0349999999999,-1.3128925333392072,False,False,False,drop
2024-08-26,2877.27,15,0,4603.139999999999,-1725.8699999999994,-0.9684910571528133,False,False,False,drop
2024-08-27,3495.22,17,1,6583.305,-3088.0850000000005,-1.5832086399866012,False,False,False,drop
2024-08-28,5145.23,19,2,4169.27,975.9599999999991,0.9414791346732625,False,False,False,spike
2024-08-29,6239.83,22,3,3893.1949999999997,2346.635,0.8279175663607636,False,False,False,spike
2024-08-30,7601.3,19,4,5113.129999999999,2488.170000000001,1.2606468087199605,False,False,False,spike
2024-08-31,6891.04,23,5,5705.305,1185.7349999999997,0.5243979726671686,False,False,False,spike
2024-09-01,8456.76,27,6,7187.725,1269.0349999999999,0.8034775749186412,False,False,False,spike
2024-09-02,12886.13,30,0,4222.635,8663.494999999999,4.541251817271561,False,True,True,spike
2024-09-03,7129.61,19,1,6006.57,1123.04,0.5497936113647333,False,False,False,spike
2024-09-04,7204.65,19,2,4570.025,2634.625,2.489388463832008,False,False,False,spike
2024-09-05,10788.48,25,3,5173.28,5615.2,2.0208857638707887,False,False,False,spike
2024-09-06,5275.76,25,4,5950.79,-675.0299999999997,-0.31138837857108675,False,False,False,drop
2024-09-07,6862.8,24,5,6381.6849999999995,481.1150000000007,0.2192806195016894,False,False,False,spike
2024-09-08,6330.84,23,6,7973.765,-1642.9250000000002,-1.00568297523435,False,False,False,drop
2024-09-09,7468.5,23,0,4222.635,3245.865,0.9230587196725631,False,False,False,spike
2024-09-10,6046.38,27,1,6583.305,-536.9250000000002,-0.3300771611577849,False,False,False,drop
2024-09-11,5341.3,23,2,5359.129999999999,-17.829999999999018,-0.0132597350300283,False,False,False,drop
2024-09-12,10243.61,40,3,6540.95,3702.6600000000008,1.1399599692349127,False,False,False,spike
2024-09-13,5163.42,23,4,5993.555,-830.1350000000002,-0.53768784156823,False,False,False,drop
2024-09-14,10324.36,24,5,6876.92,3447.4400000000005,1.6003862678139005,False,False,False,spike
2024-09-15,14460.66,35,6,7187.725,7272.9349999999995,4.645629129103526,False,True,True,spike
2024-09-16,6176.0,25,0,5813.775,362.22500000000036,0.10362327720199062,False,False,False,spike
2024-09-17,8207.36,23,1,6258.77,1948.5900000000001,1.51549553127496,False,False,False,spike
2024-09-18,7463.21,22,2,5243.264999999999,2219.9450000000006,1.6708391512274237,False,False,False,spike
2024-09-19,5529.19,20,3,8016.695,-2487.505,-0.7883157700428646,False,False,False,drop
2024-09-20,8816.7,25,4,5232.995,3583.705000000001,2.378332949857233,False,False,False,spike
2024-09-21,8378.52,28,5,7151.885,1226.6350000000002,0.48732481837958747,False,False,False,spike
2024-09-22,8465.37,21,6,7187.725,1277.6450000000004,0.416617930467017,False,False,False,spike
2024-09-23,6995.33,17,0,6597.094999999999,398.2350000000006,0.12390450937345694,False,False,False,spike
2024-09-24,11187.19,30,1,6258.77,4928.42,3.2582322647795228,False,True,True,spike
2024-09-25,4670.21,22,2,5243.264999999999,-573.0549999999994,-0.3625279011169054,False,False,False,drop
2024-09-26,8594.34,24,3,6540.95,2053.3900000000003,0.6652889299743453,False,False,False,spike
2024-09-27,5740.53,19,4,5232.995,507.53499999999985,0.2724984134902514,False,False,False,spike
2024-09-28,7694.75,27,5,7536.335,158.41499999999996,0.061878499268604406,False,False,False,spike
2024-09-29,7254.81,29,6,7187.725,67.08500000000004,0.02191491019191704,False,False,False,spike
2024-09-30,8422.91,27,0,6585.665,1837.245,0.5766247669711814,False,False,False,spike
2024-10-01,3353.78,24,1,6583.305,-3229.525,-1.3717714352709978,False,False,False,drop
2024-10-02,5294.4,18,2,4907.719999999999,386.6800000000003,0.24453781440115688,False,False,False,spike
2024-10-03,9155.29,23,3,7718.205,1437.085000000001,0.5627876253770882,False,False,False,spike
2024-10-04,13042.57,31,4,5508.145,7534.424999999999,4.089269629635674,False,True,True,spike
2024-10-05,8658.55,28,5,7938.1900000000005,720.3599999999988,0.48517912945115627,False,False,False,spike
2024-10-06,10532.82,33,6,7069.745000000001,3463.074999999999,1.1297909814852143,False,False,False,spike
2024-10-07,13610.39,29,0,7006.76,6603.629999999999,2.2507659173671497,False,False,False,spike
2024-10-08,10421.29,23,1,6583.305,3837.9850000000006,1.5237351118434912,False,False,False,spike
2024-10-09,6837.08,25,2,5219.815,1617.2650000000003,1.1726786319093474,False,False,False,spike
2024-10-10,4470.05,19,3,8874.815,-4404.765,-1.702729345877801,False,False,False,drop
2024-10-11,6425.56,27,4,6619.35,-193.78999999999996,-0.06885373607207028,False,False,False,drop
2024-10-12,3918.46,17,5,8280.075,-4361.615000000001,-3.772031653767849,False,True,True,drop
2024-10-13,10397.96,24,6,7855.785,2542.1749999999993,0.9021187992818376,False,False,False,spike
2024-10-14,2248.13,21,0,7231.915,-4983.785,-1.3335149167469262,False,False,False,drop
2024-10-15,7586.19,25,1,6912.53,673.6599999999999,0.23554607635949865,False,False,False,spike
2024-10-16,6151.49,21,2,5317.85,833.6399999999994,0.6584774909259875,False,False,False,spike
2024-10-17,10195.98,29,3,8874.815,1321.164999999999,0.5702415355241018,False,False,False,spike
2024-10-18,4866.31,21,4,6961.865,-2095.5549999999994,-0.8078860712801754,False,False,False,drop
2024-10-19,9016.42,25,5,7938.1900000000005,1078.2299999999996,0.581169641988362,False,False,False,spike
2024-10-20,10528.27,28,6,8461.065,2067.205,0.7385708627350291,False,False,False,spike
2024-10-21,4626.98,20,0,7231.915,-2604.9350000000004,-0.6341899831436038,False,False,False,drop
2024-10-22,7253.28,25,1,7357.9,-104.61999999999989,-0.036570212339314546,False,False,False,drop
2024-10-23,4718.19,22,2,5746.395,-1028.2050000000008,-0.977496442894211,False,False,False,drop
2024-10-24,4647.02,14,3,8874.815,-4227.795,-1.751225884229217,False,False,False,drop
2024-10-25,6286.28,25,4,6083.045,203.23499999999967,0.0739431704617993,False,False,False,spike
2024-10-26,9173.01,29,5,8036.635,1136.375,0.5936197766759145,False,False,False,spike
2024-10-27,8072.37,30,6,9431.665,-1359.295000000001,-0.5375548331106639,False,False,False,drop
2024-10-28,5341.63,22,0,7231.915,-1890.2849999999999,-0.4896968243966937,False,False,False,drop
2024-10-29,7255.5,14,1,7419.735,-164.23499999999967,-0.06707761035886696,False,False,False,drop
2024-10-30,8039.12,32,2,5746.395,2292.7249999999995,2.062948913613759,False,False,False,spike
2024-10-31,11251.42,21,3,8874.815,2376.6049999999996,0.8972664360110219,False,False,False,spike
2024-11-01,5257.16,30,4,6013.405,-756.2449999999999,-0.27452788158251595,False,False,False,drop
2024-11-02,14006.87,44,5,8518.535,5488.335000000001,2.824285155754796,False,True,True,spike
2024-11-03,12457.95,55,6,9431.665,3026.285,1.1840004392109598,False,False,False,spike
2024-11-04,11441.36,34,0,6585.665,4855.695000000001,1.4599945955112725,False,False,False,spike
2024-11-05,8166.5,28,1,7420.844999999999,745.6550000000007,0.30496812942481183,False,False,False,spike
2024-11-06,9037.95,39,2,5746.395,3291.5550000000003,2.586930818172814,False,True,True,spike
2024-11-07,14383.65,45,3,8874.815,5508.834999999999,2.0226926462286694,False,False,False,spike
2024-11-08,9103.01,40,4,6013.405,3089.6050000000005,1.120910367152715,False,False,False,spike
2024-11-09,20587.01,50,5,8837.485,11749.524999999998,4.1994927060030145,True,True,True,spike
2024-11-10,8913.09,37,6,10463.115,-1550.0249999999996,-0.6510433706584919,False,False,False,drop
2024-11-11,8846.69,39,0,6585.665,2261.0250000000005,0.6103434794840824,False,False,False,spike
2024-11-12,14248.9,42,1,7876.344999999999,6372.555,2.702511194753948,False,True,True,spike
2024-11-13,9169.45,29,2,6494.285,2675.165000000001,1.6708695629856034,False,False,False,spike
2024-11-14,11978.75,39,3,8874.815,3103.9349999999995,0.8886148367883722,False,False,False,spike
2024-11-15,11922.9,36,4,6355.92,5566.98,2.029169174820092,False,False,False,spike
2024-11-16,15424.14,47,5,8837.485,6586.654999999999,1.3126057824666866,False,False,False,spike
2024-11-17,9983.06,46,6,9655.525,327.53499999999985,0.193168045775143,False,False,False,spike
2024-11-18,16382.42,41,0,7709.12,8673.3,2.3421534090054577,False,False,False,spike
2024-11-19,8459.38,27,1,7876.344999999999,583.0349999999999,0.17904875128595174,False,False,False,spike
2024-11-20,7189.1,31,2,6494.285,694.8150000000005,0.37770779898636536,False,False,False,spike
2024-11-21,11774.68,35,3,9675.635,2099.045,0.6091485691427172,False,False,False,spike
2024-11-22,5499.25,23,4,6355.92,-856.6700000000001,-0.27154826163796214,False,False,False,drop
2024-11-23,12257.06,40,5,9094.715,3162.3449999999993,0.6001985507102947,False,False,False,spike
2024-11-24,15340.54,53,6,10190.509999999998,5150.0300000000025,3.145542332859847,False,True,True,spike
2024-11-25,6473.17,34,0,8634.8,-2161.629999999999,-0.45210675570548486,False,False,False,drop
2024-11-26,8870.72,36,1,7876.344999999999,994.375,0.32122280272287485,False,False,False,spike
2024-11-27,16567.71,44,2,7013.09,9554.619999999999,5.828081405429052,False,True,True,spike
2024-11-28,11570.29,42,3,10723.7,846.5900000000001,0.23978098564782302,False,False,False,spike
2024-11-29,11657.01,37,4,6355.92,5301.09,1.6677124264586531,False,False,False,spike
2024-11-30,18931.71,58,5,10715.035,8216.675,1.6121703134475076,True,False,False,spike
2024-12-01,19343.17,58,6,10463.115,8880.054999999998,3.9523461591625506,True,True,True,spike
2024-12-02,12621.38,53,0,7659.93,4961.449999999999,1.0216938155089785,False,False,False,spike
2024-12-03,13804.84,41,1,8312.939999999999,5491.9000000000015,2.3369235022294035,False,False,False,spike
2024-12-04,11386.01,38,2,7614.110000000001,3771.8999999999996,1.0500166584671131,False,False,False,spike
2024-12-05,6948.94,33,3,11410.855,-4461.915,-1.2473025343112618,False,False,False,drop
2024-12-06,14880.19,47,4,6355.92,8524.27,2.9644299945075603,False,True,True,spike
2024-12-07,10161.69,40,5,13131.965,-2970.2749999999996,-0.5383107308003208,False,False,False,drop
2024-12-08,15983.29,46,6,10463.115,5520.175000000001,1.468371538206007,False,False,False,spike
2024-12-09,15480.08,42,0,7659.93,7820.15,1.6562233263906665,False,False,False,spike
2024-12-10,16121.75,46,1,8312.939999999999,7808.810000000001,2.7111010450835757,False,True,True,spike
2024-12-11,11842.76,48,2,8538.535,3304.2250000000004,0.9034375392904416,False,False,False,spike
2024-12-12,15874.89,45,3,11410.855,4464.035,1.4389512760129939,False,False,False,spike
2024-12-13,11729.97,35,4,7694.645,4035.324999999999,1.067074390876334,False,False,False,spike
2024-12-14,16075.8,54,5,13131.965,2943.834999999999,0.6705901833473314,False,False,False,spike
2024-12-15,13810.85,47,6,11493.11,2317.74,0.5855393395937549,False,False,False,spike
2024-12-16,10784.16,42,0,10144.025000000001,640.1349999999984,0.1412002588260046,False,False,False,spike
2024-12-17,10843.14,38,1,8665.05,2178.09,0.6077507197124821,False,False,False,spike
2024-12-18,15596.49,50,2,9103.7,6492.789999999999,1.8190021224301953,False,False,False,spike
2024-12-19,9935.28,35,3,11672.485,-1737.205,-0.47429392966374934,False,False,False,drop
2024-12-20,12120.7,41,4,10380.01,1740.6900000000005,0.48839021904832813,False,False,False,spike
2024-12-21,18581.61,59,5,14715.505000000001,3866.1049999999996,0.9645775029320747,True,False,False,spike
2024-12-22,13585.22,45,6,13134.400000000001,450.8199999999979,0.1160423775657632,False,False,False,spike
2024-12-23,11529.46,41,0,11112.76,416.6999999999989,0.10559478546997363,False,False,False,spike
2024-12-24,15757.69,53,1,9856.93,5900.76,1.7709836150917642,False,False,False,spike
2024-12-25,12511.32,46,2,10277.73,2233.59,0.6471325361939454,False,False,False,spike
2024-12-26,14068.65,37,3,11672.485,2396.164999999999,0.8910722113503585,False,False,False,spike
2024-12-27,14200.08,50,4,11693.49,2506.59,0.7381597264669959,False,False,False,spike
2024-12-28,12196.95,46,5,15749.97,-3553.0199999999986,-1.0008447664741322,False,False,False,drop
2024-12-29,12757.47,45,6,13698.035,-940.5650000000005,-0.28168732749681535,False,False,False,drop
2024-12-30,16201.44,39,0,11485.41,4716.030000000001,1.4558079094359504,False,False,False,spike
2024-12-31,18481.78,52,1,12323.99,6157.789999999999,1.847344149199799,True,False,False,spike
2025-01-01,9457.19,38,2,11614.385,-2157.1949999999997,-0.6658078721919043,False,False,False,drop
2025-01-02,6015.73,28,3,11876.715,-5860.985000000001,-2.091832912903728,False,False,False,drop
2025-01-03,8476.99,22,4,11826.435,-3349.4449999999997,-1.134506778305425,False,False,False,drop
2025-01-04,6266.23,22,5,15749.97,-9483.74,-2.542346889630352,False,True,True,drop
2025-01-05,12502.05,30,6,13698.035,-1195.9850000000006,-0.3596876477253922,False,False,False,drop
2025-01-06,9084.78,22,0,12075.419999999998,-2990.6399999999976,-0.8300402871260003,False,False,False,drop
2025-01-07,6312.44,23,1,14026.869999999999,-7714.429999999999,-2.1385349212807316,False,False,False,drop
2025-01-08,8725.91,18,2,11614.385,-2888.4750000000004,-0.9041966408608564,False,False,False,drop
2025-01-09,4398.73,22,3,11672.485,-7273.755000000001,-2.1867582652605346,False,False,False,drop
2025-01-10,6585.96,22,4,11826.435,-5240.474999999999,-1.7301632127587236,False,False,False,drop
2025-01-11,5034.26,17,5,13840.599999999999,-8806.339999999998,-2.028497545045011,False,False,False,drop
2025-01-12,11443.29,30,6,13698.035,-2254.744999999999,-0.8103150846481572,False,False,False,drop
2025-01-13,6004.32,22,0,12075.419999999998,-6071.0999999999985,-1.6999472193444687,False,False,False,drop
2025-01-14,3793.91,13,1,12323.99,-8530.08,-1.9679439848270888,False,False,False,drop
2025-01-15,6821.58,16,2,11614.385,-4792.805,-1.475432884306844,False,False,False,drop
2025-01-16,5769.11,20,3,10752.785,-4983.675,-1.2392851119142991,False,False,False,drop
2025-01-17,3473.67,21,4,11693.49,-8219.82,-2.3927481887291195,False,False,False,drop
2025-01-18,4448.33,18,5,12227.005000000001,-7778.675000000001,-1.4878855621902323,False,False,False,drop
2025-01-19,7212.34,22,6,13698.035,-6485.695,-2.5911405611725646,False,True,True,drop
2025-01-20,9670.66,25,0,11156.81,-1486.1499999999996,-0.3947906472325954,False,False,False,drop
2025-01-21,7440.23,20,1,12323.99,-4883.76,-0.9456717414028044,False,False,False,drop
2025-01-22,7008.1,21,2,11614.385,-4606.285,-1.3864262506657414,False,False,False,drop
2025-01-23,2682.06,12,3,8442.11,-5760.050000000001,-1.3667640892635438,False,False,False,drop
2025-01-24,3062.63,14,4,11693.49,-8630.86,-2.2071344439633687,False,False,False,drop
2025-01-25,9477.39,34,5,11179.32,-1701.9300000000003,-0.286218043665885,False,False,False,drop
2025-01-26,3650.71,19,6,13171.345,-9520.634999999998,-2.7242630196610094,False,True,True,drop
2025-01-27,3612.33,18,0,11156.81,-7544.48,-2.2450712378470894,False,False,False,drop
2025-01-28,6094.47,17,1,12323.99,-6229.5199999999995,-1.1751264945765727,False,False,False,drop
2025-01-29,8341.64,21,2,10421.6,-2079.960000000001,-0.6960114357566268,False,False,False,drop
2025-01-30,5633.11,27,3,6482.334999999999,-849.2249999999995,-0.18135130248395215,False,False,False,drop
2025-01-31,6990.36,24,4,10103.48,-3113.12,-0.6727293368553029,False,False,False,drop
2025-02-01,9213.16,32,5,9819.54,-606.380000000001,-0.11811968650279892,False,False,False,drop
2025-02-02,6960.94,25,6,12629.759999999998,-5668.819999999999,-1.4157336411594001,False,False,False,drop
2025-02-03,8088.84,23,0,10227.41,-2138.5699999999997,-0.49922245936631554,False,False,False,drop
2025-02-04,8979.44,20,1,9141.685,-162.24499999999898,-0.029325604330949138,False,False,False,drop
2025-02-05,7853.36,24,2,9091.55,-1238.1899999999996,-0.40716627494253527,False,False,False,drop
2025-02-06,7574.31,23,3,5892.42,1681.8900000000003,0.35363636781659186,False,False,False,spike
2025-02-07,6744.86,24,4,7733.674999999999,-988.8149999999996,-0.24230537923250542,False,False,False,drop
2025-02-08,10247.98,36,5,9345.275,902.7049999999999,0.1753618186355377,False,False,False,spike
2025-02-09,9835.19,25,6,11972.67,-2137.4799999999996,-0.56501125363304,False,False,False,drop
2025-02-10,6148.14,20,0,9377.720000000001,-3229.580000000001,-0.8560803289132286,False,False,False,drop
2025-02-11,9131.75,26,1,8209.835,921.9150000000009,0.18175170030314794,False,False,False,spike
2025-02-12,5092.32,22,2,8533.775,-3441.455,-1.13584447846625,False,False,False,drop
2025-02-13,8093.69,26,3,5892.42,2201.2699999999995,0.6184770270570522,False,False,False,spike
2025-02-14,7808.77,32,4,6867.61,941.1600000000008,0.24367926294197317,False,False,False,spike
2025-02-15,13932.35,49,5,9345.275,4587.075000000001,1.0034585217907606,False,False,False,spike
2025-02-16,15808.5,35,6,10639.240000000002,5169.259999999998,1.4780382608373972,False,False,False,spike
2025-02-17,6194.14,25,0,8586.810000000001,-2392.670000000001,-0.6167991728985416,False,False,False,drop
2025-02-18,5034.1,18,1,8209.835,-3175.7349999999988,-0.6283650706816493,False,False,False,drop
2025-02-19,7330.89,27,2,8097.5,-766.6099999999997,-0.3501291620272669,False,False,False,drop
2025-02-20,5813.69,31,3,5892.42,-78.73000000000047,-0.02316360547511429,False,False,False,drop
2025-02-21,4100.75,21,4,6867.61,-2766.8599999999997,-0.8053388054764751,False,False,False,drop
2025-02-22,9822.48,34,5,9345.275,477.2049999999999,0.14105109428310553,False,False,False,spike
2025-02-23,11622.04,33,6,10639.240000000002,982.7999999999993,0.25134035097826385,False,False,False,spike
2025-02-24,6951.37,25,0,7141.49,-190.1199999999999,-0.050041951699372166,False,False,False,drop
2025-02-25,10147.57,27,1,6876.334999999999,3271.2350000000006,0.7182855179354135,False,False,False,spike
2025-02-26,6311.12,26,2,7592.125,-1281.005,-0.9531178228884415,False,False,False,drop
2025-02-27,10579.32,33,3,5791.4,4787.92,2.8221611748415736,False,True,True,spike
2025-02-28,7810.15,26,4,6665.41,1144.7399999999998,0.5545139989900599,False,False,False,spike
2025-03-01,9890.38,36,5,9345.275,545.1049999999996,0.17340674439517073,False,False,False,spike
2025-03-02,9030.89,27,6,10639.240000000002,-1608.3500000000022,-0.4214521612716275,False,False,False,drop
2025-03-03,27139.28,80,0,6572.755,20566.524999999998,10.569912775928694,True,True,True,spike
2025-03-04,27878.79,81,1,6876.334999999999,21002.455,9.545018827610985,True,True,True,spike
2025-03-05,8090.83,32,2,7169.495000000001,921.3349999999991,0.7914299068336449,False,False,False,spike
2025-03-06,6882.88,24,3,5791.4,1091.4800000000005,0.4519973267806176,False,False,False,spike
2025-03-07,9393.33,28,4,6665.41,2727.92,1.39437422771466,False,False,False,spike
2025-03-08,6351.12,32,5,9649.935,-3298.8149999999996,-1.0903642704227536,False,False,False,drop
2025-03-09,6410.59,25,6,9433.04,-3022.4500000000007,-0.8235674187759999,False,False,False,drop
2025-03-10,4651.56,20,0,6572.755,-1921.1949999999997,-0.25801443167912375,False,False,False,drop
2025-03-11,7503.83,26,1,8209.835,-706.0049999999992,-0.09268377167055665,False,False,False,drop
2025-03-12,8494.12,31,2,7169.495000000001,1324.625,1.2482314839234991,False,False,False,spike
2025-03-13,9030.14,31,3,6348.285,2681.8549999999996,1.1715309574631203,False,False,False,spike
2025-03-14,8973.75,27,4,6867.61,2106.1400000000003,0.9042281452370009,False,False,False,spike
2025-03-15,10668.34,32,5,9649.935,1018.4050000000007,0.36291273285961234,False,False,False,spike
2025-03-16,10465.28,37,6,8121.615,2343.665000000001,0.6317670022020496,False,False,False,spike
2025-03-17,9171.12,30,0,6572.755,2598.3650000000007,0.34440958478775263,False,False,False,spike
2025-03-18,7286.08,24,1,8241.635,-955.5550000000003,-0.13080605030015044,False,False,False,drop
2025-03-19,10665.18,28,2,7592.125,3073.0550000000003,2.654916409199846,False,True,True,spike
2025-03-20,5468.54,17,3,7228.595,-1760.0550000000003,-0.732787815491584,False,False,False,drop
2025-03-21,8635.41,25,4,7399.5650000000005,1235.8449999999993,0.5546522329150912,False,False,False,spike
2025-03-22,8616.75,36,5,9856.43,-1239.6800000000003,-0.596816802938437,False,False,False,drop
2025-03-23,6855.8,20,6,9433.04,-2577.2400000000007,-0.6990134057298523,False,False,False,drop
2025-03-24,8194.19,24,0,6572.755,1621.4350000000004,0.21502543861007367,False,False,False,spike
2025-03-25,6335.89,31,1,8241.635,-1905.745,-0.26056567659655605,False,False,False,drop
2025-03-26,5662.77,22,2,7972.094999999999,-2309.324999999999,-1.4078654921875313,False,False,False,drop
2025-03-27,8181.69,26,3,7228.595,953.0949999999993,0.5268174493921414,False,False,False,spike
2025-03-28,7084.19,21,4,7809.46,-725.2700000000004,-0.4334754556937113,False,False,False,drop
2025-03-29,8775.99,24,5,9856.43,-1080.4400000000005,-0.5080015300793319,False,False,False,drop
2025-03-30,11687.41,35,6,9433.04,2254.369999999999,0.7210515375404835,False,False,False,spike
2025-03-31,5796.4,24,0,7520.105,-1723.705,-0.2380302168223152,False,False,False,drop
2025-04-01,8057.42,30,1,8241.635,-184.21500000000015,-0.025253195572767756,False,False,False,drop
2025-04-02,7947.61,29,2,7592.125,355.4849999999997,0.2002305638704074,False,False,False,spike
2025-04-03,6696.32,25,3,7834.0,-1137.6800000000003,-0.6787216044273237,False,False,False,drop
2025-04-04,9781.03,36,4,7809.46,1971.5700000000006,1.1813350222404269,False,False,False,spike
2025-04-05,6933.85,28,5,9856.43,-2922.58,-1.3588247368520423,False,False,False,drop
2025-04-06,10421.57,36,6,10150.235,271.3349999999991,0.09058763323632946,False,False,False,spike
2025-04-07,8082.15,31,0,6572.755,1509.3949999999995,0.2052787965738407,False,False,False,spike
2025-04-08,7325.14,30,1,7780.625,-455.4849999999997,-0.06217756575748083,False,False,False,drop
2025-04-09,5210.83,22,2,7639.25,-2428.42,-1.3651698468097313,False,False,False,drop
2025-04-10,9312.16,31,3,7488.285,1823.875,1.0640078899609469,False,False,False,spike
2025-04-11,10048.92,24,4,8222.779999999999,1826.1400000000012,1.0172267648321998,False,False,False,spike
2025-04-12,3856.12,25,5,9299.235,-5443.115000000001,-2.3076588761676384,False,False,False,drop
2025-04-13,10719.75,25,6,10443.425,276.3250000000007,0.09235948895903656,False,False,False,spike
2025-04-14,7264.45,26,0,7516.76,-252.3100000000004,-0.03472245781559078,False,False,False,drop
2025-04-15,7551.24,26,1,7414.485000000001,136.7549999999992,0.018506004440329234,False,False,False,spike
2025-04-16,5030.45,21,2,7639.25,-2608.8,-1.4850027049570016,False,False,False,drop
2025-04-17,3919.74,24,3,7532.285,-3612.545,-1.9892068631417212,False,False,False,drop
2025-04-18,5239.79,24,4,8804.58,-3564.79,-1.8382302689972383,False,False,False,drop
2025-04-19,14969.63,31,5,8696.369999999999,6273.26,2.7693220744918117,False,True,True,spike
2025-04-20,8370.91,30,6,10443.425,-2072.5149999999994,-1.0159778946325229,False,False,False,drop
2025-04-21,11624.43,35,0,7673.299999999999,3951.130000000001,0.5483077397890712,False,False,False,spike
2025-04-22,7518.27,22,1,7527.535,-9.264999999999418,-0.0012864584410566208,False,False,False,drop
2025-04-23,4686.61,20,2,7129.365,-2442.755,-1.247322797461821,False,False,False,drop
2025-04-24,8026.2,26,3,7532.285,493.91499999999996,0.22563054732770282,False,False,False,spike
2025-04-25,3572.04,12,4,8804.58,-5232.54,-3.257917865022017,False,True,True,drop
2025-04-26,6354.54,32,5,8696.369999999999,-2341.829999999999,-0.7075355191506516,False,False,False,drop
2025-04-27,5881.96,32,6,9726.23,-3844.2699999999995,-2.011565457870923,False,False,False,drop
2025-04-28,7627.74,23,0,8138.17,-510.4300000000003,-0.07144282342360472,False,False,False,drop
2025-04-29,6912.41,25,1,7511.05,-598.6400000000003,-0.08237174085273344,False,False,False,drop
2025-04-30,4531.21,17,2,6805.1900000000005,-2273.9800000000005,-1.064081765110882,False,False,False,drop
2025-05-01,5374.89,22,3,7454.54,-2079.6499999999996,-1.1333759488268547,False,False,False,drop
2025-05-02,14712.13,25,4,8804.58,5907.549999999999,2.518149423363725,False,True,True,spike
2025-05-03,12047.86,36,5,7775.3,4272.56,1.2668901714940943,False,False,False,spike
2025-05-04,8374.6,33,6,9396.24,-1021.6399999999994,-0.4530747244173972,False,False,False,drop
2025-05-05,4460.59,20,0,7854.945,-3394.3549999999996,-1.6133627733923936,False,False,False,drop
2025-05-06,7619.03,18,1,7414.485000000001,204.54499999999916,0.402749301523587,False,False,False,spike
2025-05-07,12516.74,27,2,5436.8,7079.94,3.1616742772908486,False,True,True,spike
2025-05-08,4359.3,26,3,7361.26,-3001.96,-1.5433536831620949,False,False,False,drop
2025-05-09,9412.75,27,4,8804.58,608.1700000000001,0.18013397653864718,False,False,False,spike
2025-05-10,6981.08,25,5,8696.369999999999,-1715.289999999999,-0.4904345300818721,False,False,False,drop
2025-05-11,10093.22,35,6,9398.085,695.1350000000002,0.33931382430993423,False,False,False,spike
2025-05-12,10383.2,30,0,7854.945,2528.255000000001,1.1784429549576851,False,False,False,spike
2025-05-13,11400.0,26,1,7421.705,3978.295,7.714596930864456,False,True,True,spike
2025-05-14,8740.24,18,2,5436.8,3303.4399999999996,1.0834639638694799,False,False,False,spike
2025-05-15,12030.72,32,3,6082.43,5948.289999999999,3.0502829739545088,False,True,True,spike
2025-05-16,7524.63,31,4,9024.08,-1499.4499999999998,-0.44251861062595205,False,False,False,drop
2025-05-17,16789.37,34,5,7798.915,8990.454999999998,2.5735695551019506,False,True,True,spike
2025-05-18,9313.69,40,6,9233.91,79.78000000000065,0.03955115277443937,False,False,False,spike
2025-05-19,9335.66,22,0,7854.945,1480.7150000000001,0.6450680266084647,False,False,False,spike
2025-05-20,6216.57,29,1,7534.755,-1318.1850000000004,-0.8626613252104036,False,False,False,drop
2025-05-21,9878.25,26,2,5436.8,4441.45,1.5943015485674894,False,False,False,spike
2025-05-22,5765.91,30,3,7361.26,-1595.3500000000004,-0.5861994254388772,False,False,False,drop
2025-05-23,8286.1,28,4,8468.69,-182.59000000000015,-0.053582320333926674,False,False,False,drop
2025-05-24,12248.29,38,5,7878.535,4369.755000000001,0.9611663578908791,False,False,False,spike
2025-05-25,9554.9,30,6,9703.455,-148.5550000000003,-0.08199278062772708,False,False,False,drop
2025-05-26,6935.54,25,0,7854.945,-919.4049999999997,-0.391383076042609,False,False,False,drop
2025-05-27,6524.7,18,1,7534.755,-1010.0550000000003,-0.6536272643596925,False,False,False,drop
2025-05-28,6007.59,30,2,6579.219999999999,-571.6299999999992,-0.19465857330232259,False,False,False,drop
2025-05-29,8106.81,25,3,6231.115,1875.6950000000006,0.6856146848018194,False,False,False,spike
2025-05-30,8934.22,29,4,8849.425,84.79500000000007,0.025187913380993365,False,False,False,spike
2025-05-31,6461.9,29,5,9514.470000000001,-3052.5700000000015,-0.6603357323067749,False,False,False,drop
2025-06-01,9675.77,31,6,9434.295,241.47500000000036,0.15485086555799207,False,False,False,spike
2025-06-02,4112.83,22,0,7854.945,-3742.115,-1.6836605633401989,False,False,False,drop
2025-06-03,7599.44,27,1,7421.705,177.73499999999967,0.11065616088729437,False,False,False,spike
2025-06-04,7392.96,23,2,5609.21,1783.75,0.6031962241758949,False,False,False,spike
2025-06-05,5755.84,20,3,6896.055,-1140.2150000000001,-0.41260284751141635,False,False,False,drop
2025-06-06,8640.06,31,4,8610.16,29.899999999999636,0.00896220361083471,False,False,False,spike
2025-06-07,11786.43,33,5,9514.470000000001,2271.959999999999,0.48644200638429974,False,False,False,spike
2025-06-08,9654.97,34,6,9434.295,220.67499999999927,0.14818044805998756,False,False,False,spike
2025-06-09,4512.39,21,0,7446.094999999999,-2933.704999999999,-1.1041772379114876,False,False,False,drop
2025-06-10,7033.45,22,1,7534.755,-501.3050000000003,-0.31300422538577916,False,False,False,drop
2025-06-11,4472.78,21,2,6700.275,-2227.495,-0.7789380660636986,False,False,False,drop
2025-06-12,7035.18,23,3,5760.875,1274.3050000000003,0.4822594638075247,False,False,False,spike
2025-06-13,4422.55,19,4,8463.08,-4040.5299999999997,-1.232836639856581,False,False,False,drop
2025-06-14,11611.78,28,5,11917.145,-305.3649999999998,-0.07673291429043005,False,False,False,drop
2025-06-15,9327.31,32,6,9434.295,-106.98500000000058,-0.07896131240974151,False,False,False,drop
2025-06-16,12072.0,32,0,7281.639999999999,4790.360000000001,1.6565233548712845,False,False,False,spike
2025-06-17,8089.32,33,1,7275.860000000001,813.4599999999991,0.5029567382048834,False,False,False,spike
2025-06-18,10676.33,35,2,6700.275,3976.0550000000003,1.3569463094552143,False,False,False,spike
2025-06-19,8511.82,20,3,6400.545,2111.2749999999996,0.8804972528195316,False,False,False,spike
2025-06-20,6456.27,17,4,8463.08,-2006.8099999999995,-0.5908194433164108,False,False,False,drop
2025-06-21,6921.61,31,5,11699.105,-4777.495,-1.3053660328118757,False,False,False,drop
2025-06-22,13697.42,32,6,9441.105,4256.3150000000005,3.15925652448984,False,True,True,spike
2025-06-23,6404.05,22,0,7281.639999999999,-877.5899999999992,-0.29365516108913675,False,False,False,drop
2025-06-24,7400.39,25,1,7316.445,83.94500000000062,0.05163739134711792,False,False,False,spike
2025-06-25,6062.99,33,2,8066.6,-2003.6100000000006,-0.6818358801412757,False,False,False,drop
2025-06-26,5763.71,22,3,6400.545,-636.835,-0.26188093804941825,False,False,False,drop
2025-06-27,11093.54,31,4,8463.08,2630.460000000001,0.8880806488243523,False,False,False,spike
2025-06-28,6624.26,27,5,11699.105,-5074.844999999999,-1.4208151803371247,False,False,False,drop
2025-06-29,10967.99,33,6,9604.935,1363.0550000000003,0.8582674225530502,False,False,False,spike
2025-06-30,5304.53,18,0,6669.795,-1365.2650000000003,-0.4538494068654848,False,False,False,drop
2025-07-01,5136.09,15,1,7499.915,-2363.825,-1.475572633337799,False,False,False,drop
2025-07-02,6840.93,26,2,8066.6,-1225.67,-0.45061284340931523,False,False,False,drop
2025-07-03,8735.4,20,3,6400.545,2334.8549999999996,0.9746496570526397,False,False,False,spike
2025-07-04,5243.74,22,4,8463.08,-3219.34,-1.6021563062158168,False,False,False,drop
2025-07-05,10118.69,23,5,9296.43,822.2600000000002,0.21820263790931838,False,False,False,spike
2025-07-06,6753.28,22,6,9665.369999999999,-2912.0899999999992,-1.9691173922978487,False,False,False,drop
2025-07-07,4766.52,18,0,6669.795,-1903.2749999999996,-0.6543935977964399,False,False,False,drop
2025-07-08,3218.6,19,1,7216.92,-3998.32,-2.1622134397871693,False,False,False,drop
2025-07-09,7833.1,23,2,7116.945,716.1550000000007,0.3393001802415935,False,False,False,spike
2025-07-10,3213.54,10,3,7570.995000000001,-4357.455000000001,-2.0265819209226557,False,False,False,drop
2025-07-11,6771.99,18,4,7905.365,-1133.375,-0.5260393215005282,False,False,False,drop
2025-07-12,3875.42,19,5,10865.235,-6989.8150000000005,-1.954550831417416,False,False,False,drop
2025-07-13,4748.69,20,6,9604.935,-4856.245,-2.5027115074003055,False,True,True,drop
2025-07-14,10700.33,26,0,5854.29,4846.04,1.759334570387666,False,False,False,spike
2025-07-15,3501.6,12,1,6779.075,-3277.475,-2.075086116974139,False,False,False,drop
2025-07-16,6741.52,26,2,7116.945,-375.4249999999993,-0.18234980800586256,False,False,False,drop
2025-07-17,5850.27,30,3,6400.545,-550.2749999999996,-0.29564858675947514,False,False,False,drop
2025-07-18,7185.84,18,4,7529.045,-343.2049999999999,-0.1579105111648254,False,False,False,drop
2025-07-19,7489.05,25,5,8520.15,-1031.0999999999995,-0.32994012713152465,False,False,False,drop
2025-07-20,8748.62,25,6,9604.935,-856.3149999999987,-0.32152272546610244,False,False,False,drop
2025-07-21,8687.62,21,0,5854.29,2833.330000000001,0.9521338419314084,False,False,False,spike
2025-07-22,6900.48,22,1,6779.075,121.40499999999975,0.06434359674299192,False,False,False,spike
2025-07-23,7444.93,24,2,6791.225,653.7049999999999,0.3629646745232805,False,False,False,spike
2025-07-24,8688.36,22,3,6442.725,2245.635,1.209928491073499,False,False,False,spike
2025-07-25,4178.71,21,4,6978.915,-2800.205,-1.3024942669250708,False,False,False,drop
2025-07-26,8230.41,27,5,7205.33,1025.08,0.36748671743762623,False,False,False,spike
2025-07-27,10928.02,32,6,9491.14,1436.880000000001,0.5386751686696452,False,False,False,spike
2025-07-28,6128.16,22,0,5854.29,273.8699999999999,0.08989627349911537,False,False,False,spike
2025-07-29,8150.13,24,1,6966.965,1183.165,0.6212290939826769,False,False,False,spike
2025-07-30,6235.61,20,2,7116.945,-881.335,-0.5011387869270042,False,False,False,drop
2025-07-31,3231.28,14,3,6442.725,-3211.445,-1.6619728688866338,False,False,False,drop
2025-08-01,6575.16,20,4,6614.13,-38.970000000000255,-0.016947425597329466,False,False,False,drop
2025-08-02,4119.53,20,5,7859.73,-3740.2,-1.380669114134058,False,False,False,drop
2025-08-03,7450.2,24,6,9491.14,-2040.9399999999996,-0.7461119038518199,False,False,False,drop
2025-08-04,9545.66,28,0,6266.105,3279.5550000000003,1.1533052126064063,False,False,False,spike
2025-08-05,4615.61,18,1,6966.965,-2351.3550000000005,-1.1907162254969126,False,False,False,drop
2025-08-06,3747.26,17,2,6791.225,-3043.965,-1.7040343835182143,False,False,False,drop
2025-08-07,10598.07,26,3,6442.725,4155.344999999999,1.8209472991775846,False,False,False,spike
2025-08-08,6870.45,17,4,6515.715,354.7349999999997,0.16354195114315725,False,False,False,spike
2025-08-09,9385.46,29,5,7205.33,2180.129999999999,0.817061370279588,False,False,False,spike
2025-08-10,7360.38,24,6,9037.965,-1677.585,-0.5968509196010909,False,False,False,drop
2025-08-11,2937.47,11,0,7545.835000000001,-4608.365000000002,-1.7159469653502792,False,False,False,drop
2025-08-12,10111.22,24,1,6018.285,4092.9349999999995,2.03633379196845,False,False,False,spike
2025-08-13,6392.73,22,2,6791.225,-398.4950000000008,-0.20473032142106767,False,False,False,drop
2025-08-14,4447.67,18,3,7181.045,-2733.375,-1.0005963333197883,False,False,False,drop
2025-08-15,5756.25,21,4,6673.575,-917.3249999999998,-0.4582466500014711,False,False,False,drop
2025-08-16,8875.47,24,5,7205.33,1670.1399999999994,0.7436853679275514,False,False,False,spike
2025-08-17,7363.9,31,6,8099.41,-735.5100000000002,-0.2561725367872259,False,False,False,drop
2025-08-18,3719.68,20,0,6266.105,-2546.4249999999997,-0.9702877555313522,False,False,False,drop
2025-08-19,4860.32,21,1,6018.285,-1157.9650000000001,-0.47961221926750797,False,False,False,drop
2025-08-20,5830.45,25,2,6567.125,-736.6750000000002,-0.5977143454118103,False,False,False,drop
2025-08-21,11429.92,34,3,5806.99,5622.93,2.044054136646036,False,False,False,spike
2025-08-22,6875.05,25,4,6673.575,201.47500000000036,0.09905956212728517,False,False,False,spike
2025-08-23,8071.24,30,5,7859.73,211.51000000000022,0.09082168911539618,False,False,False,spike
2025-08-24,13141.94,37,6,7407.049999999999,5734.890000000001,2.7176758850978717,False,True,True,spike
2025-08-25,3780.21,21,0,5716.344999999999,-1936.1349999999993,-0.6803295931499186,False,False,False,drop
2025-08-26,8063.06,19,1,4998.205,3064.8550000000005,1.282241006175447,False,False,False,spike
2025-08-27,7977.87,20,2,6567.125,1410.745,1.1335045938041644,False,False,False,spike
2025-08-28,12663.76,24,3,7269.3150000000005,5394.445,1.6501818740338603,False,False,False,spike
2025-08-29,5985.35,21,4,6673.575,-688.2249999999995,-0.66314870916569,False,False,False,drop
2025-08-30,10057.51,27,5,8150.825,1906.6850000000004,0.8213099091104554,False,False,False,spike
2025-08-31,9109.41,29,6,7407.049999999999,1702.3600000000006,0.6498525823659141,False,False,False,spike
2025-09-01,9392.9,29,0,5447.34,3945.5599999999995,1.322652626361249,False,False,False,spike
2025-09-02,5359.31,20,1,5880.4,-521.0899999999992,-0.20895376704387136,False,False,False,drop
2025-09-03,11725.91,38,2,6567.125,5158.785,3.783390999666886,False,True,True,spike
2025-09-04,5187.24,22,3,7269.3150000000005,-2082.0750000000007,-0.5461046625320011,False,False,False,drop
2025-09-05,14752.3,33,4,6673.575,8078.724999999999,8.301855835737943,False,True,True,spike
2025-09-06,9965.74,36,5,8150.825,1814.915,0.7850601161098959,False,False,False,spike
2025-09-07,13746.81,42,6,8099.41,5647.4,2.213891385253117,False,False,False,spike
2025-09-08,11107.16,29,0,7407.89,3699.2699999999995,1.195846911126225,False,False,False,spike
2025-09-09,9986.71,28,1,6129.895,3856.8149999999987,1.7279227319702926,False,False,False,spike
2025-09-10,6088.99,24,2,6567.125,-478.1350000000002,-0.20951696293644503,False,False,False,drop
2025-09-11,7391.29,19,3,7269.3150000000005,121.97499999999945,0.03436672667055835,False,False,False,spike
2025-09-12,8053.83,29,4,6722.805,1331.0249999999996,0.4200435081215853,False,False,False,spike
2025-09-13,12200.08,36,5,8552.939999999999,3647.1400000000012,1.9086724013302339,False,False,False,spike
2025-09-14,12579.32,33,6,8929.015,3650.3050000000003,1.4091757179410518,False,False,False,spike
2025-09-15,7509.72,20,0,7407.89,101.82999999999993,0.03214331630584322,False,False,False,spike
2025-09-16,8786.07,26,1,7481.77,1304.2999999999993,0.5962643506811058,False,False,False,spike
2025-09-17,9354.67,27,2,6314.17,3040.5,1.3192709446274964,False,False,False,spike
2025-09-18,11856.64,29,3,8039.825000000001,3816.8149999999987,1.0994381903402006,False,False,False,spike
2025-09-19,10458.05,32,4,6722.805,3735.244999999999,1.1745198872852707,False,False,False,spike
2025-09-20,6892.18,23,5,9130.465,-2238.285,-0.9660239653156338,False,False,False,drop
2025-09-21,14381.89,32,6,10018.715,4363.174999999999,1.5965100181036678,False,False,False,spike
2025-09-22,8560.0,32,0,6818.9400000000005,1741.0599999999995,0.5615680407608532,False,False,False,spike
2025-09-23,7471.03,22,1,8106.595,-635.5650000000005,-0.2831614385754891,False,False,False,drop
2025-09-24,7571.48,31,2,6314.17,1257.3099999999995,0.5112470339934785,False,False,False,spike
2025-09-25,6603.07,27,3,8994.68,-2391.6100000000006,-0.6398495971165267,False,False,False,drop
2025-09-26,9000.09,23,4,6872.75,2127.34,0.6976716205590586,False,False,False,spike
2025-09-27,14918.67,33,5,9130.465,5788.205,2.3963413240496023,False,False,False,spike
2025-09-28,9693.74,35,6,10844.365,-1150.625,-0.37004087670085156,False,False,False,drop
2025-09-29,5858.49,25,0,8034.860000000001,-2176.370000000001,-0.691386425881548,False,False,False,drop
2025-09-30,3867.35,18,1,7767.045,-3899.695,-1.749641354646598,False,False,False,drop
2025-10-01,15764.89,33,2,6982.105,8782.785,3.611257653548003,False,True,True,spike
2025-10-02,12176.76,32,3,8994.68,3182.08,0.9838815471012561,False,False,False,spike
2025-10-03,10966.76,38,4,7464.4400000000005,3502.3199999999997,1.1719676104656536,False,False,False,spike
2025-10-04,12887.14,35,5,9675.599999999999,3211.540000000001,1.2803466345074317,False,False,False,spike
2025-10-05,7374.26,30,6,11136.529999999999,-3762.2699999999986,-1.3096892968523568,False,False,False,drop
2025-10-06,6328.99,26,0,6684.105,-355.1149999999998,-0.11837649974956634,False,False,False,drop
2025-10-07,6422.24,20,1,7767.045,-1344.8050000000003,-0.5665427524941477,False,False,False,drop
2025-10-08,7585.0,27,2,7774.674999999999,-189.67499999999927,-0.05558298450696482,False,False,False,drop
2025-10-09,7949.92,23,3,9410.605,-1460.6849999999995,-0.4289603981349284,False,False,False,drop
2025-10-10,9293.68,25,4,8526.96,766.7200000000012,0.2533693781557964,False,False,False,spike
2025-10-11,7290.41,32,5,10011.625,-2721.215,-1.016694554026451,False,False,False,drop
2025-10-12,4918.97,19,6,11136.529999999999,-6217.559999999999,-2.1662554964442573,False,False,False,drop
2025-10-13,5664.08,23,0,6919.355,-1255.2749999999996,-0.47856548598401444,False,False,False,drop
2025-10-14,9446.69,34,1,6946.635,2500.0550000000003,1.1937038057825713,False,False,False,spike
2025-10-15,6921.46,36,2,7781.4349999999995,-859.9749999999995,-0.25941603531785523,False,False,False,drop
2025-10-16,8497.76,26,3,9689.92,-1192.1599999999999,-0.4064368994328698,False,False,False,drop
2025-10-17,9277.45,27,4,9146.885,130.5650000000005,0.047796080634274526,False,False,False,spike
2025-10-18,14834.95,42,5,10011.625,4823.325000000001,1.6837509794853234,False,False,False,spike
2025-10-19,7842.58,30,6,11136.529999999999,-3293.949999999999,-0.9725159384848476,False,False,False,drop
2025-10-20,6927.2,29,0,6919.355,7.845000000000255,0.0033413320227419076,False,False,False,spike
2025-10-21,6373.72,25,1,7767.045,-1393.3249999999998,-0.6638019539177672,False,False,False,drop
2025-10-22,15844.74,35,2,7781.4349999999995,8063.305,2.530404610125851,False,True,True,spike
2025-10-23,8216.22,28,3,8223.84,-7.6200000000008,-0.0026967921810345684,False,False,False,drop
2025-10-24,10950.67,30,4,9285.565,1665.1049999999996,0.65641505758536,False,False,False,spike
2025-10-25,9883.01,32,5,11128.795,-1245.7849999999999,-0.4011197183531459,False,False,False,drop
2025-10-26,10931.41,36,6,9401.575,1529.8349999999991,0.45791586997966316,False,False,False,spike
2025-10-27,9890.16,28,0,7218.46,2671.7,1.4065595556161439,False,False,False,spike
2025-10-28,6381.41,29,1,6946.635,-565.2250000000004,-0.2677997188880432,False,False,False,drop
2025-10-29,10769.88,24,2,8469.835,2300.045,0.5877391067994446,False,False,False,spike
2025-10-30,6166.36,23,3,8083.07,-1916.71,-0.7922797512088494,False,False,False,drop
2025-10-31,10980.39,32,4,9875.865,1104.5249999999996,0.5380965076467837,False,False,False,spike
2025-11-01,14159.55,48,5,11082.91,3076.6399999999994,0.987690869998349,False,False,False,spike
2025-11-02,7797.46,39,6,10312.575,-2515.1150000000007,-0.7537012021460753,False,False,False,drop
2025-11-03,13007.29,45,0,7218.46,5788.830000000001,2.937383657301755,False,True,True,spike
2025-11-04,10810.8,45,1,6946.635,3864.164999999999,1.921622743538728,False,False,False,spike
2025-11-05,10142.81,34,2,8469.835,1672.9750000000004,0.43215330124161044,False,False,False,spike
2025-11-06,11706.24,41,3,8083.07,3623.17,1.6122860123222889,False,False,False,spike
2025-11-07,14195.64,41,4,9875.865,4319.775,3.8775035777552658,False,True,True,spike
2025-11-08,11536.05,45,5,12543.61,-1007.5600000000013,-0.3104713723208581,False,False,False,drop
2025-11-09,18978.72,43,6,8768.16,10210.560000000001,3.3121709504905947,True,True,True,spike
2025-11-10,10266.23,32,0,7218.46,3047.7699999999995,1.2271660818012395,False,False,False,spike
2025-11-11,11520.65,44,1,6946.635,4574.014999999999,2.09841801318801,False,False,False,spike
2025-11-12,12878.74,41,2,9748.74,3130.0,0.8844053350290555,False,False,False,spike
2025-11-13,7936.5,35,3,8356.99,-420.4899999999998,-0.1734325170060442,False,False,False,drop
2025-11-14,9127.77,42,4,10704.36,-1576.5900000000001,-0.9481798791318132,False,False,False,drop
2025-11-15,14475.17,54,5,12211.595,2263.5750000000007,0.6992446130429831,False,False,False,spike
2025-11-16,21262.5,57,6,8768.16,12494.34,2.768850329861108,True,True,True,spike
2025-11-17,10241.13,40,0,7743.6,2497.529999999999,0.9608114087989106,False,False,False,spike
2025-11-18,14998.79,56,1,6946.635,8052.155000000001,3.1029824643704247,False,True,True,spike
2025-11-19,12546.81,41,2,10456.345,2090.465,0.5813560240222372,False,False,False,spike
2025-11-20,12335.07,46,3,8083.07,4252.0,1.9481055368160975,False,False,False,spike
2025-11-21,13987.22,48,4,10122.175,3865.045,2.2112188995143756,False,False,False,spike
2025-11-22,24424.58,58,5,13523.345,10901.235000000002,3.960818183440641,True,True,True,spike
2025-11-23,15052.74,55,6,8768.16,6284.58,1.071155187832157,False,False,False,spike
2025-11-24,9872.46,33,0,8408.68,1463.7799999999988,0.544428135836345,False,False,False,spike
2025-11-25,15618.65,49,1,7934.465,7684.1849999999995,2.119965742280734,False,False,False,spike
2025-11-26,17135.72,57,2,11658.345,5477.375000000002,1.6335327314572132,True,False,False,spike
2025-11-27,14596.78,39,3,8356.99,6239.790000000001,2.6587793156561634,False,True,True,spike
2025-11-28,12898.27,44,4,10958.715,1939.5550000000003,0.9621195295401039,False,False,False,spike
2025-11-29,17596.14,57,5,13523.345,4072.795,0.8074138796191002,True,False,False,spike
2025-11-30,19780.69,58,6,9386.994999999999,10393.695,1.7356687757850502,True,False,False,spike
2025-12-01,12037.32,40,0,9881.31,2156.01,0.8667739951230373,False,False,False,spike
2025-12-02,16678.7,60,1,10128.744999999999,6549.955000000002,1.7454958232503446,False,False,False,spike
2025-12-03,13870.18,39,2,11658.345,2211.835000000001,0.6104954483267414,False,False,False,spike
2025-12-04,12644.29,53,3,8356.99,4287.300000000001,1.4991686037434768,False,False,False,spike
2025-12-05,18359.38,53,4,10965.529999999999,7393.850000000002,3.5018160297572063,True,True,True,spike
2025-12-06,12988.34,38,5,14317.36,-1329.0200000000004,-0.25510490859228485,False,False,False,drop
2025-12-07,21836.2,72,6,12992.075,8844.125,1.406869490202944,True,False,False,spike
2025-12-08,22119.43,68,0,10065.645,12053.785,4.977798484638216,True,True,True,spike
2025-12-09,12681.89,39,1,11165.724999999999,1516.1650000000009,0.3770429649429938,False,False,False,spike
2025-12-10,17746.45,56,2,12712.775,5033.675000000001,1.5443288903365644,True,False,False,spike
2025-12-11,10922.28,40,3,10102.0,820.2800000000007,0.27941383942034637,False,False,False,spike
2025-12-12,19958.11,52,4,11939.33,8018.780000000001,2.6107175297365095,True,True,True,spike
2025-12-13,16539.12,59,5,14317.36,2221.7599999999984,0.4989441066427369,False,False,False,spike
2025-12-14,21746.69,68,6,17015.73,4730.959999999999,0.8033204199875326,True,False,False,spike
2025-12-15,19346.98,50,0,10253.68,9093.3,2.005623055051242,True,False,False,spike
2025-12-16,15843.78,49,1,12101.27,3742.51,0.9475435008292549,False,False,False,spike
2025-12-17,18177.12,58,2,13374.46,4802.66,1.7006190500503933,True,False,False,spike
2025-12-18,18312.17,66,3,11314.26,6997.909999999998,2.4541505513901742,True,False,False,spike
2025-12-19,18908.17,57,4,13442.744999999999,5465.424999999999,1.46358772348102,True,False,False,spike
2025-12-20,13221.01,48,5,14317.36,-1096.3500000000004,-0.24443488345887898,False,False,False,drop
2025-12-21,20616.14,47,6,19379.705,1236.4349999999977,0.23085314839813284,True,False,False,spike
2025-12-22,14597.19,45,0,11151.775,3445.415000000001,0.7253317137139346,False,False,False,spike
2025-12-23,12171.37,41,1,13840.34,-1668.9699999999993,-0.48373859390523916,False,False,False,drop
2025-12-24,21293.2,52,2,13374.46,7918.740000000002,2.507467971002621,True,True,True,spike
2025-12-25,13233.18,50,3,12020.654999999999,1212.5250000000015,0.3229634996395895,False,False,False,spike
2025-12-26,14342.15,44,4,14091.43,250.71999999999935,0.06396109524727707,False,False,False,spike
2025-12-27,14480.82,58,5,14317.36,163.45999999999913,0.040315578995972115,False,False,False,spike
2025-12-28,20922.81,75,6,20198.415,724.3950000000004,0.15059376421648663,True,False,False,spike
2025-12-29,11490.4,42,0,12522.305,-1031.9050000000007,-0.22689721433773183,False,False,False,drop
2025-12-30,14092.86,53,1,13840.34,252.52000000000044,0.11254327613952853,False,False,False,spike
2025-12-31,15571.49,46,2,15502.95,68.53999999999905,0.01856671309199883,False,False,False,spike
