country_code,month,channel,spend_eur,net_revenue_eur,blended_roas,z_roas
SE,2025-08-01,paid_search,1174.52,6585.32,5.61,-2.4432058653149262
SE,2025-08-01,affiliate,467.63,6585.32,14.08,-2.4325569230990953
NL,2024-02-01,social_media,1835.51,13247.44,7.22,-2.3623246823495467
SE,2025-08-01,social_media,889.25,6585.32,7.41,-2.2653489710173225
SE,2025-08-01,email,195.65,6585.32,33.66,-2.2582986001929086
GB,2025-01-01,paid_search,5519.03,33729.97,6.11,-2.1413847663157735
NL,2024-02-01,affiliate,862.86,13247.44,15.35,-2.1161007077470537
NL,2024-02-01,email,372.44,13247.44,35.57,-2.0395305678929
IT,2025-04-01,email,388.4,14234.28,36.65,-1.9158292721421102
SE,2025-12-01,affiliate,1084.92,17712.65,16.33,-1.8719061478691008
SE,2025-12-01,email,470.27,17712.65,37.66,-1.8001456529677606
NL,2025-05-01,social_media,2258.64,18947.14,8.39,-1.765158459935324
NL,2024-02-01,paid_search,1963.71,13247.44,6.75,-1.755053759596858
GB,2024-08-01,affiliate,1597.1,26858.86,16.82,-1.7498088679301236
NL,2025-05-01,email,493.15,18947.14,38.42,-1.713096592994982
IT,2025-04-01,affiliate,838.54,14234.28,16.98,-1.7099403683582128
FR,2024-06-01,email,866.8,33392.54,38.52,-1.7016427693143532
SE,2025-12-01,social_media,2072.31,17712.65,8.55,-1.6834947030239773
IT,2025-04-01,paid_search,2070.82,14234.28,6.87,-1.6826166958370614
GB,2024-08-01,social_media,3137.35,26858.86,8.56,-1.6783907182170184
GB,2024-08-01,email,693.04,26858.86,38.76,-1.6741535924808448
FR,2024-06-01,affiliate,1935.08,33392.54,17.26,-1.6401704941073687
SE,2024-10-01,email,224.39,8768.68,39.08,-1.637501356702833
SE,2024-10-01,paid_search,1257.18,8768.68,6.97,-1.622252476037231
IT,2024-11-01,social_media,2512.35,21807.15,8.68,-1.6171429005335087
NL,2025-04-01,email,483.95,19082.19,39.43,-1.5974129738206324
IT,2024-11-01,email,552.4,21807.15,39.48,-1.5916860619803184
SE,2024-10-01,social_media,1004.44,8768.68,8.73,-1.5916229764987126
NL,2025-05-01,affiliate,1082.96,18947.14,17.5,-1.580367744749503
SE,2025-01-01,paid_search,1330.89,9366.07,7.04,-1.5799975221773495
IT,2025-01-01,paid_search,2230.13,15698.38,7.04,-1.5799975221773495
IT,2024-11-01,paid_search,3078.33,21807.15,7.08,-1.5558518342574172
GB,2024-08-01,paid_search,3767.32,26858.86,7.13,-1.5256697243575021
NL,2025-04-01,paid_search,2674.99,19082.19,7.13,-1.5256697243575021
IT,2024-10-01,social_media,1654.57,14713.1,8.89,-1.509959219587366
