date,currency_code,rate_to_eur
2024-01-01,GBP,0.86645
2024-01-02,GBP,0.86645
2024-01-03,GBP,0.8647
2024-01-04,GBP,0.86278
2024-01-05,GBP,0.8621
2024-01-06,GBP,0.8621
2024-01-07,GBP,0.8621
2024-01-08,GBP,0.8615
2024-01-09,GBP,0.85938
2024-01-10,GBP,0.86023
2024-01-11,GBP,0.86145
2024-01-12,GBP,0.8595
2024-01-13,GBP,0.8595
2024-01-14,GBP,0.8595
2024-01-15,GBP,0.86075
2024-01-16,GBP,0.86078
2024-01-17,GBP,0.85818
2024-01-18,GBP,0.85773
2024-01-19,GBP,0.85825
2024-01-20,GBP,0.85825
2024-01-21,GBP,0.85825
2024-01-22,GBP,0.85575
2024-01-23,GBP,0.85493
2024-01-24,GBP,0.85543
2024-01-25,GBP,0.85538
2024-01-26,GBP,0.85368
2024-01-27,GBP,0.85368
2024-01-28,GBP,0.85368
2024-01-29,GBP,0.8525
2024-01-30,GBP,0.85628
2024-01-31,GBP,0.85435
2024-02-01,GBP,0.85353
2024-02-02,GBP,0.85263
2024-02-03,GBP,0.85263
2024-02-04,GBP,0.85263
2024-02-05,GBP,0.85595
2024-02-06,GBP,0.8546
2024-02-07,GBP,0.85305
2024-02-08,GBP,0.85378
2024-02-09,GBP,0.8544
2024-02-10,GBP,0.8544
2024-02-11,GBP,0.8544
2024-02-12,GBP,0.85391
2024-02-13,GBP,0.85098
2024-02-14,GBP,0.85258
2024-02-15,GBP,0.85635
2024-02-16,GBP,0.85605
2024-02-17,GBP,0.85605
2024-02-18,GBP,0.85605
2024-02-19,GBP,0.85448
2024-02-20,GBP,0.8566
2024-02-21,GBP,0.85619
2024-02-22,GBP,0.85625
2024-02-23,GBP,0.8534
2024-02-24,GBP,0.8534
2024-02-25,GBP,0.8534
2024-02-26,GBP,0.85495
2024-02-27,GBP,0.8562
2024-02-28,GBP,0.85548
2024-02-29,GBP,0.85655
2024-03-01,GBP,0.85588
2024-03-02,GBP,0.85588
2024-03-03,GBP,0.85588
2024-03-04,GBP,0.85583
2024-03-05,GBP,0.85543
2024-03-06,GBP,0.85498
2024-03-07,GBP,0.85445
2024-03-08,GBP,0.85168
2024-03-09,GBP,0.85168
2024-03-10,GBP,0.85168
2024-03-11,GBP,0.85208
2024-03-12,GBP,0.85458
2024-03-13,GBP,0.85451
2024-03-14,GBP,0.8542
2024-03-15,GBP,0.8541
2024-03-16,GBP,0.8541
2024-03-17,GBP,0.8541
2024-03-18,GBP,0.85525
2024-03-19,GBP,0.85445
2024-03-20,GBP,0.85438
2024-03-21,GBP,0.85678
2024-03-22,GBP,0.85795
2024-03-23,GBP,0.85795
2024-03-24,GBP,0.85795
2024-03-25,GBP,0.85698
2024-03-26,GBP,0.85846
2024-03-27,GBP,0.85768
2024-03-28,GBP,0.8551
2024-03-29,GBP,0.8551
2024-03-30,GBP,0.8551
2024-03-31,GBP,0.8551
2024-04-01,GBP,0.8551
2024-04-02,GBP,0.8551
2024-04-03,GBP,0.85713
2024-04-04,GBP,0.85788
2024-04-05,GBP,0.85773
2024-04-06,GBP,0.85773
2024-04-07,GBP,0.85773
2024-04-08,GBP,0.85795
2024-04-09,GBP,0.85663
2024-04-10,GBP,0.85515
2024-04-11,GBP,0.85525
2024-04-12,GBP,0.85424
2024-04-13,GBP,0.85424
2024-04-14,GBP,0.85424
2024-04-15,GBP,0.85405
2024-04-16,GBP,0.8544
2024-04-17,GBP,0.854
2024-04-18,GBP,0.85628
2024-04-19,GBP,0.8562
2024-04-20,GBP,0.8562
2024-04-21,GBP,0.8562
2024-04-22,GBP,0.86328
2024-04-23,GBP,0.8605
2024-04-24,GBP,0.85945
2024-04-25,GBP,0.85675
2024-04-26,GBP,0.85643
2024-04-27,GBP,0.85643
2024-04-28,GBP,0.85643
2024-04-29,GBP,0.85493
2024-04-30,GBP,0.85478
2024-05-01,GBP,0.85478
2024-05-02,GBP,0.85538
2024-05-03,GBP,0.85573
2024-05-04,GBP,0.85573
2024-05-05,GBP,0.85573
2024-05-06,GBP,0.8566
2024-05-07,GBP,0.85805
2024-05-08,GBP,0.86083
2024-05-09,GBP,0.85995
2024-05-10,GBP,0.86055
2024-05-11,GBP,0.86055
2024-05-12,GBP,0.86055
2024-05-13,GBP,0.86023
2024-05-14,GBP,0.85983
2024-05-15,GBP,0.8584
2024-05-16,GBP,0.8585
2024-05-17,GBP,0.85685
2024-05-18,GBP,0.85685
2024-05-19,GBP,0.85685
2024-05-20,GBP,0.85548
2024-05-21,GBP,0.8544
2024-05-22,GBP,0.85165
2024-05-23,GBP,0.85175
2024-05-24,GBP,0.85241
2024-05-25,GBP,0.85241
2024-05-26,GBP,0.85241
2024-05-27,GBP,0.8507
2024-05-28,GBP,0.8508
2024-05-29,GBP,0.8513
2024-05-30,GBP,0.85105
2024-05-31,GBP,0.85365
2024-06-01,GBP,0.85365
2024-06-02,GBP,0.85365
2024-06-03,GBP,0.85175
2024-06-04,GBP,0.85143
2024-06-05,GBP,0.85048
2024-06-06,GBP,0.85088
2024-06-07,GBP,0.8512
2024-06-08,GBP,0.8512
2024-06-09,GBP,0.8512
2024-06-10,GBP,0.84565
2024-06-11,GBP,0.84198
2024-06-12,GBP,0.84365
2024-06-13,GBP,0.84468
2024-06-14,GBP,0.84205
2024-06-15,GBP,0.84205
2024-06-16,GBP,0.84205
2024-06-17,GBP,0.84573
2024-06-18,GBP,0.8454
2024-06-19,GBP,0.84455
2024-06-20,GBP,0.84513
2024-06-21,GBP,0.84531
2024-06-22,GBP,0.84531
2024-06-23,GBP,0.84531
2024-06-24,GBP,0.8473
2024-06-25,GBP,0.84465
2024-06-26,GBP,0.84453
2024-06-27,GBP,0.8459
2024-06-28,GBP,0.84638
2024-06-29,GBP,0.84638
2024-06-30,GBP,0.84638
2024-07-01,GBP,0.8479
2024-07-02,GBP,0.84755
2024-07-03,GBP,0.8468
2024-07-04,GBP,0.84663
2024-07-05,GBP,0.84613
2024-07-06,GBP,0.84613
2024-07-07,GBP,0.84613
2024-07-08,GBP,0.8441
2024-07-09,GBP,0.84491
2024-07-10,GBP,0.84518
2024-07-11,GBP,0.84305
2024-07-12,GBP,0.84029
2024-07-13,GBP,0.84029
2024-07-14,GBP,0.84029
2024-07-15,GBP,0.84045
2024-07-16,GBP,0.84058
2024-07-17,GBP,0.83915
2024-07-18,GBP,0.84175
2024-07-19,GBP,0.8428
2024-07-20,GBP,0.8428
2024-07-21,GBP,0.8428
2024-07-22,GBP,0.84215
2024-07-23,GBP,0.84073
2024-07-24,GBP,0.83973
2024-07-25,GBP,0.8428
2024-07-26,GBP,0.84378
2024-07-27,GBP,0.84378
2024-07-28,GBP,0.84378
2024-07-29,GBP,0.84345
2024-07-30,GBP,0.8426
2024-07-31,GBP,0.8438
2024-08-01,GBP,0.84328
2024-08-02,GBP,0.85
2024-08-03,GBP,0.85
2024-08-04,GBP,0.85
2024-08-05,GBP,0.85878
2024-08-06,GBP,0.85998
2024-08-07,GBP,0.85808
2024-08-08,GBP,0.86093
2024-08-09,GBP,0.85708
2024-08-10,GBP,0.85708
2024-08-11,GBP,0.85708
2024-08-12,GBP,0.85554
2024-08-13,GBP,0.85458
2024-08-14,GBP,0.85783
2024-08-15,GBP,0.85615
2024-08-16,GBP,0.85128
2024-08-17,GBP,0.85128
2024-08-18,GBP,0.85128
2024-08-19,GBP,0.85243
2024-08-20,GBP,0.85194
2024-08-21,GBP,0.85303
2024-08-22,GBP,0.84943
2024-08-23,GBP,0.84733
2024-08-24,GBP,0.84733
2024-08-25,GBP,0.84733
2024-08-26,GBP,0.84645
2024-08-27,GBP,0.84438
2024-08-28,GBP,0.84163
2024-08-29,GBP,0.84175
2024-08-30,GBP,0.8412
2024-08-31,GBP,0.8412
2024-09-01,GBP,0.8412
2024-09-02,GBP,0.84218
2024-09-03,GBP,0.84085
2024-09-04,GBP,0.84248
2024-09-05,GBP,0.84318
2024-09-06,GBP,0.84293
2024-09-07,GBP,0.84293
2024-09-08,GBP,0.84293
2024-09-09,GBP,0.84365
2024-09-10,GBP,0.84265
2024-09-11,GBP,0.84375
2024-09-12,GBP,0.8446
2024-09-13,GBP,0.84475
2024-09-14,GBP,0.84475
2024-09-15,GBP,0.84475
2024-09-16,GBP,0.84278
2024-09-17,GBP,0.84278
2024-09-18,GBP,0.84225
2024-09-19,GBP,0.83953
2024-09-20,GBP,0.8391
2024-09-21,GBP,0.8391
2024-09-22,GBP,0.8391
2024-09-23,GBP,0.83518
2024-09-24,GBP,0.8322
2024-09-25,GBP,0.83653
2024-09-26,GBP,0.83428
2024-09-27,GBP,0.83338
2024-09-28,GBP,0.83338
2024-09-29,GBP,0.83338
2024-09-30,GBP,0.83543
2024-10-01,GBP,0.83193
2024-10-02,GBP,0.83288
2024-10-03,GBP,0.84258
2024-10-04,GBP,0.83735
2024-10-05,GBP,0.83735
2024-10-06,GBP,0.83735
2024-10-07,GBP,0.83918
2024-10-08,GBP,0.83778
2024-10-09,GBP,0.8374
2024-10-10,GBP,0.83686
2024-10-11,GBP,0.83705
2024-10-12,GBP,0.83705
2024-10-13,GBP,0.83705
2024-10-14,GBP,0.83665
2024-10-15,GBP,0.83355
2024-10-16,GBP,0.83605
2024-10-17,GBP,0.83455
2024-10-18,GBP,0.83165
2024-10-19,GBP,0.83165
2024-10-20,GBP,0.83165
2024-10-21,GBP,0.83315
2024-10-22,GBP,0.8334
2024-10-23,GBP,0.83148
2024-10-24,GBP,0.8321
2024-10-25,GBP,0.83358
2024-10-26,GBP,0.83358
2024-10-27,GBP,0.83358
2024-10-28,GBP,0.8329
2024-10-29,GBP,0.8302
2024-10-30,GBP,0.83425
2024-10-31,GBP,0.83753
2024-11-01,GBP,0.83998
2024-11-02,GBP,0.83998
2024-11-03,GBP,0.83998
2024-11-04,GBP,0.84063
2024-11-05,GBP,0.8392
2024-11-06,GBP,0.83223
2024-11-07,GBP,0.83185
2024-11-08,GBP,0.83188
2024-11-09,GBP,0.83188
2024-11-10,GBP,0.83188
2024-11-11,GBP,0.8268
2024-11-12,GBP,0.82835
2024-11-13,GBP,0.83413
2024-11-14,GBP,0.83158
2024-11-15,GBP,0.83455
2024-11-16,GBP,0.83455
2024-11-17,GBP,0.83455
2024-11-18,GBP,0.8356
2024-11-19,GBP,0.83638
2024-11-20,GBP,0.8338
2024-11-21,GBP,0.83273
2024-11-22,GBP,0.83205
2024-11-23,GBP,0.83205
2024-11-24,GBP,0.83205
2024-11-25,GBP,0.83465
2024-11-26,GBP,0.8348
2024-11-27,GBP,0.834
2024-11-28,GBP,0.8323
2024-11-29,GBP,0.83205
2024-11-30,GBP,0.83205
2024-12-01,GBP,0.83205
2024-12-02,GBP,0.82898
2024-12-03,GBP,0.83123
2024-12-04,GBP,0.8283
2024-12-05,GBP,0.828
2024-12-06,GBP,0.82855
2024-12-07,GBP,0.82855
2024-12-08,GBP,0.82855
2024-12-09,GBP,0.82805
2024-12-10,GBP,0.82555
2024-12-11,GBP,0.82458
2024-12-12,GBP,0.82428
2024-12-13,GBP,0.83043
2024-12-14,GBP,0.83043
2024-12-15,GBP,0.83043
2024-12-16,GBP,0.82945
2024-12-17,GBP,0.82648
2024-12-18,GBP,0.8252
2024-12-19,GBP,0.82445
2024-12-20,GBP,0.82965
2024-12-21,GBP,0.82965
2024-12-22,GBP,0.82965
2024-12-23,GBP,0.82995
2024-12-24,GBP,0.82805
2024-12-25,GBP,0.82805
2024-12-26,GBP,0.82805
2024-12-27,GBP,0.83098
2024-12-28,GBP,0.83098
2024-12-29,GBP,0.83098
2024-12-30,GBP,0.8295
2024-12-31,GBP,0.82918
2025-01-01,GBP,0.82918
2025-01-02,GBP,0.83118
2025-01-03,GBP,0.82993
2025-01-04,GBP,0.82993
2025-01-05,GBP,0.82993
2025-01-06,GBP,0.83098
2025-01-07,GBP,0.82915
2025-01-08,GBP,0.83403
2025-01-09,GBP,0.83808
2025-01-10,GBP,0.83693
2025-01-11,GBP,0.83693
2025-01-12,GBP,0.83693
2025-01-13,GBP,0.8416
2025-01-14,GBP,0.84288
2025-01-15,GBP,0.84313
2025-01-16,GBP,0.84258
2025-01-17,GBP,0.84453
2025-01-18,GBP,0.84453
2025-01-19,GBP,0.84453
2025-01-20,GBP,0.84588
2025-01-21,GBP,0.84553
2025-01-22,GBP,0.84466
2025-01-23,GBP,0.84468
2025-01-24,GBP,0.84413
2025-01-25,GBP,0.84413
2025-01-26,GBP,0.84413
2025-01-27,GBP,0.84106
2025-01-28,GBP,0.83868
2025-01-29,GBP,0.83723
2025-01-30,GBP,0.83685
2025-01-31,GBP,0.83608
2025-02-01,GBP,0.83608
2025-02-02,GBP,0.83608
2025-02-03,GBP,0.83136
2025-02-04,GBP,0.83188
2025-02-05,GBP,0.83085
2025-02-06,GBP,0.83688
2025-02-07,GBP,0.83353
2025-02-08,GBP,0.83353
2025-02-09,GBP,0.83353
2025-02-10,GBP,0.83283
2025-02-11,GBP,0.83355
2025-02-12,GBP,0.83338
2025-02-13,GBP,0.83313
2025-02-14,GBP,0.83215
2025-02-15,GBP,0.83215
2025-02-16,GBP,0.83215
2025-02-17,GBP,0.83133
2025-02-18,GBP,0.83025
2025-02-19,GBP,0.82838
2025-02-20,GBP,0.82823
2025-02-21,GBP,0.8276
2025-02-22,GBP,0.8276
2025-02-23,GBP,0.8276
2025-02-24,GBP,0.8283
2025-02-25,GBP,0.82908
2025-02-26,GBP,0.82868
2025-02-27,GBP,0.82673
2025-02-28,GBP,0.82608
2025-03-01,GBP,0.82608
2025-03-02,GBP,0.82608
2025-03-03,GBP,0.8253
2025-03-04,GBP,0.82788
2025-03-05,GBP,0.835
2025-03-06,GBP,0.8379
2025-03-07,GBP,0.84088
2025-03-08,GBP,0.84088
2025-03-09,GBP,0.84088
2025-03-10,GBP,0.83849
2025-03-11,GBP,0.84374
2025-03-12,GBP,0.84078
2025-03-13,GBP,0.83778
2025-03-14,GBP,0.84183
2025-03-15,GBP,0.84183
2025-03-16,GBP,0.84183
2025-03-17,GBP,0.84026
2025-03-18,GBP,0.84173
2025-03-19,GBP,0.84078
2025-03-20,GBP,0.8369
2025-03-21,GBP,0.83765
2025-03-22,GBP,0.83765
2025-03-23,GBP,0.83765
2025-03-24,GBP,0.83663
2025-03-25,GBP,0.83565
2025-03-26,GBP,0.83623
2025-03-27,GBP,0.83318
2025-03-28,GBP,0.83358
2025-03-29,GBP,0.83358
2025-03-30,GBP,0.83358
2025-03-31,GBP,0.83536
2025-04-01,GBP,0.83665
2025-04-02,GBP,0.83455
2025-04-03,GBP,0.84163
2025-04-04,GBP,0.84985
2025-04-05,GBP,0.84985
2025-04-06,GBP,0.84985
2025-04-07,GBP,0.85588
2025-04-08,GBP,0.85644
2025-04-09,GBP,0.86435
2025-04-10,GBP,0.85755
2025-04-11,GBP,0.86678
2025-04-12,GBP,0.86678
2025-04-13,GBP,0.86678
2025-04-14,GBP,0.86383
2025-04-15,GBP,0.8557
2025-04-16,GBP,0.85618
2025-04-17,GBP,0.85873
2025-04-18,GBP,0.85873
2025-04-19,GBP,0.85873
2025-04-20,GBP,0.85873
2025-04-21,GBP,0.85873
2025-04-22,GBP,0.85858
2025-04-23,GBP,0.85793
2025-04-24,GBP,0.855
2025-04-25,GBP,0.8531
2025-04-26,GBP,0.8531
2025-04-27,GBP,0.8531
2025-04-28,GBP,0.8514
2025-04-29,GBP,0.8498
2025-04-30,GBP,0.8518
2025-05-01,GBP,0.8518
2025-05-02,GBP,0.8533
2025-05-03,GBP,0.8533
2025-05-04,GBP,0.8533
2025-05-05,GBP,0.8515
2025-05-06,GBP,0.8469
2025-05-07,GBP,0.8511
2025-05-08,GBP,0.8476
2025-05-09,GBP,0.8477
2025-05-10,GBP,0.8477
2025-05-11,GBP,0.8477
2025-05-12,GBP,0.8429
2025-05-13,GBP,0.8406
2025-05-14,GBP,0.8415
2025-05-15,GBP,0.8424
2025-05-16,GBP,0.8427
2025-05-17,GBP,0.8427
2025-05-18,GBP,0.8427
2025-05-19,GBP,0.8419
2025-05-20,GBP,0.8418
2025-05-21,GBP,0.8446
2025-05-22,GBP,0.8427
2025-05-23,GBP,0.8382
2025-05-24,GBP,0.8382
2025-05-25,GBP,0.8382
2025-05-26,GBP,0.8392
2025-05-27,GBP,0.8381
2025-05-28,GBP,0.8398
2025-05-29,GBP,0.8377
2025-05-30,GBP,0.8412
2025-05-31,GBP,0.8412
2025-06-01,GBP,0.8412
2025-06-02,GBP,0.8434
2025-06-03,GBP,0.8436
2025-06-04,GBP,0.8421
2025-06-05,GBP,0.8419
2025-06-06,GBP,0.8426
2025-06-07,GBP,0.8426
2025-06-08,GBP,0.8426
2025-06-09,GBP,0.8424
2025-06-10,GBP,0.8464
2025-06-11,GBP,0.8476
2025-06-12,GBP,0.8538
2025-06-13,GBP,0.8505
2025-06-14,GBP,0.8505
2025-06-15,GBP,0.8505
2025-06-16,GBP,0.8523
2025-06-17,GBP,0.8525
2025-06-18,GBP,0.8552
2025-06-19,GBP,0.8541
2025-06-20,GBP,0.8537
2025-06-21,GBP,0.8537
2025-06-22,GBP,0.8537
2025-06-23,GBP,0.8567
2025-06-24,GBP,0.8527
2025-06-25,GBP,0.8526
2025-06-26,GBP,0.8535
2025-06-27,GBP,0.8529
2025-06-28,GBP,0.8529
2025-06-29,GBP,0.8529
2025-06-30,GBP,0.8555
2025-07-01,GBP,0.8588
2025-07-02,GBP,0.8605
2025-07-03,GBP,0.8629
2025-07-04,GBP,0.8625
2025-07-05,GBP,0.8625
2025-07-06,GBP,0.8625
2025-07-07,GBP,0.8611
2025-07-08,GBP,0.8632
2025-07-09,GBP,0.8613
2025-07-10,GBP,0.8627
2025-07-11,GBP,0.8657
2025-07-12,GBP,0.8657
2025-07-13,GBP,0.8657
2025-07-14,GBP,0.8667
2025-07-15,GBP,0.8679
2025-07-16,GBP,0.8659
2025-07-17,GBP,0.8644
2025-07-18,GBP,0.8656
2025-07-19,GBP,0.8656
2025-07-20,GBP,0.8656
2025-07-21,GBP,0.8656
2025-07-22,GBP,0.8675
2025-07-23,GBP,0.8665
2025-07-24,GBP,0.8675
2025-07-25,GBP,0.8715
2025-07-26,GBP,0.8715
2025-07-27,GBP,0.8715
2025-07-28,GBP,0.8679
2025-07-29,GBP,0.865
2025-07-30,GBP,0.8622
2025-07-31,GBP,0.8649
2025-08-01,GBP,0.8665
2025-08-02,GBP,0.8665
2025-08-03,GBP,0.8665
2025-08-04,GBP,0.8704
2025-08-05,GBP,0.8693
2025-08-06,GBP,0.8717
2025-08-07,GBP,0.8673
2025-08-08,GBP,0.8671
2025-08-09,GBP,0.8671
2025-08-10,GBP,0.8671
2025-08-11,GBP,0.8656
2025-08-12,GBP,0.8621
2025-08-13,GBP,0.8631
2025-08-14,GBP,0.861
2025-08-15,GBP,0.8622
2025-08-16,GBP,0.8622
2025-08-17,GBP,0.8622
2025-08-18,GBP,0.8621
2025-08-19,GBP,0.864
2025-08-20,GBP,0.8645
2025-08-21,GBP,0.8654
2025-08-22,GBP,0.8653
2025-08-23,GBP,0.8653
2025-08-24,GBP,0.8653
2025-08-25,GBP,0.8659
2025-08-26,GBP,0.8642
2025-08-27,GBP,0.8626
2025-08-28,GBP,0.8637
2025-08-29,GBP,0.8668
2025-08-30,GBP,0.8668
2025-08-31,GBP,0.8668
2025-09-01,GBP,0.8662
2025-09-02,GBP,0.8702
2025-09-03,GBP,0.8687
2025-09-04,GBP,0.8663
2025-09-05,GBP,0.8678
2025-09-06,GBP,0.8678
2025-09-07,GBP,0.8678
2025-09-08,GBP,0.8669
2025-09-09,GBP,0.8663
2025-09-10,GBP,0.865
2025-09-11,GBP,0.8647
2025-09-12,GBP,0.8653
2025-09-13,GBP,0.8653
2025-09-14,GBP,0.8653
2025-09-15,GBP,0.8641
2025-09-16,GBP,0.8656
2025-09-17,GBP,0.8675
2025-09-18,GBP,0.868
2025-09-19,GBP,0.8708
2025-09-20,GBP,0.8708
2025-09-21,GBP,0.8708
2025-09-22,GBP,0.8729
2025-09-23,GBP,0.8729
2025-09-24,GBP,0.8731
2025-09-25,GBP,0.8748
2025-09-26,GBP,0.874
2025-09-27,GBP,0.874
2025-09-28,GBP,0.874
2025-09-29,GBP,0.8723
2025-09-30,GBP,0.8734
2025-10-01,GBP,0.8704
2025-10-02,GBP,0.8721
2025-10-03,GBP,0.8726
2025-10-04,GBP,0.8726
2025-10-05,GBP,0.8726
2025-10-06,GBP,0.8695
2025-10-07,GBP,0.8703
2025-10-08,GBP,0.8671
2025-10-09,GBP,0.8683
2025-10-10,GBP,0.8709
2025-10-11,GBP,0.8709
2025-10-12,GBP,0.8709
2025-10-13,GBP,0.8677
2025-10-14,GBP,0.8712
2025-10-15,GBP,0.8705
2025-10-16,GBP,0.8676
2025-10-17,GBP,0.8695
2025-10-18,GBP,0.8695
2025-10-19,GBP,0.8695
2025-10-20,GBP,0.8691
2025-10-21,GBP,0.8678
2025-10-22,GBP,0.8689
2025-10-23,GBP,0.8691
2025-10-24,GBP,0.8726
2025-10-25,GBP,0.8726
2025-10-26,GBP,0.8726
2025-10-27,GBP,0.8721
2025-10-28,GBP,0.876
2025-10-29,GBP,0.8807
2025-10-30,GBP,0.8801
2025-10-31,GBP,0.8816
2025-11-01,GBP,0.8816
2025-11-02,GBP,0.8816
2025-11-03,GBP,0.8765
2025-11-04,GBP,0.8795
2025-11-05,GBP,0.881
2025-11-06,GBP,0.8807
2025-11-07,GBP,0.8811
2025-11-08,GBP,0.8811
2025-11-09,GBP,0.8811
2025-11-10,GBP,0.8778
2025-11-11,GBP,0.8804
2025-11-12,GBP,0.8823
2025-11-13,GBP,0.8819
2025-11-14,GBP,0.8846
2025-11-15,GBP,0.8846
2025-11-16,GBP,0.8846
2025-11-17,GBP,0.8795
2025-11-18,GBP,0.8821
2025-11-19,GBP,0.8827
2025-11-20,GBP,0.8815
2025-11-21,GBP,0.8803
2025-11-22,GBP,0.8803
2025-11-23,GBP,0.8803
2025-11-24,GBP,0.8804
2025-11-25,GBP,0.8788
2025-11-26,GBP,0.8776
2025-11-27,GBP,0.8754
2025-11-28,GBP,0.8752
2025-11-29,GBP,0.8752
2025-11-30,GBP,0.8752
2025-12-01,GBP,0.8778
2025-12-02,GBP,0.8796
2025-12-03,GBP,0.8766
2025-12-04,GBP,0.8745
2025-12-05,GBP,0.8727
2025-12-06,GBP,0.8727
2025-12-07,GBP,0.8727
2025-12-08,GBP,0.8746
2025-12-09,GBP,0.8735
2025-12-10,GBP,0.8741
2025-12-11,GBP,0.8751
2025-12-12,GBP,0.8767
2025-12-13,GBP,0.8767
2025-12-14,GBP,0.8767
2025-12-15,GBP,0.8779
2025-12-16,GBP,0.8764
2025-12-17,GBP,0.8785
2025-12-18,GBP,0.8746
2025-12-19,GBP,0.876
2025-12-20,GBP,0.876
2025-12-21,GBP,0.876
2025-12-22,GBP,0.8742
2025-12-23,GBP,0.8729
2025-12-24,GBP,0.8729
2025-12-25,GBP,0.8729
2025-12-26,GBP,0.8729
2025-12-27,GBP,0.8729
2025-12-28,GBP,0.8729
2025-12-29,GBP,0.8726
2025-12-30,GBP,0.8712
2025-12-31,GBP,0.8726
2024-01-01,SEK,11.1545
2024-01-02,SEK,11.1545
2024-01-03,SEK,11.1915
2024-01-04,SEK,11.1905
2024-01-05,SEK,11.235
2024-01-06,SEK,11.235
2024-01-07,SEK,11.235
2024-01-08,SEK,11.2095
2024-01-09,SEK,11.2115
2024-01-10,SEK,11.197
2024-01-11,SEK,11.197
2024-01-12,SEK,11.26
2024-01-13,SEK,11.26
2024-01-14,SEK,11.26
2024-01-15,SEK,11.278
2024-01-16,SEK,11.3215
2024-01-17,SEK,11.3925
2024-01-18,SEK,11.364
2024-01-19,SEK,11.38
2024-01-20,SEK,11.38
2024-01-21,SEK,11.38
2024-01-22,SEK,11.3545
2024-01-23,SEK,11.347
2024-01-24,SEK,11.3585
2024-01-25,SEK,11.35
2024-01-26,SEK,11.3203
2024-01-27,SEK,11.3203
2024-01-28,SEK,11.3203
2024-01-29,SEK,11.3562
2024-01-30,SEK,11.2971
2024-01-31,SEK,11.2682
2024-02-01,SEK,11.3354
2024-02-02,SEK,11.268
2024-02-03,SEK,11.268
2024-02-04,SEK,11.268
2024-02-05,SEK,11.374
2024-02-06,SEK,11.3825
2024-02-07,SEK,11.2725
2024-02-08,SEK,11.2705
2024-02-09,SEK,11.2815
2024-02-10,SEK,11.2815
2024-02-11,SEK,11.2815
2024-02-12,SEK,11.232
2024-02-13,SEK,11.251
2024-02-14,SEK,11.3127
2024-02-15,SEK,11.2575
2024-02-16,SEK,11.2655
2024-02-17,SEK,11.2655
2024-02-18,SEK,11.2655
2024-02-19,SEK,11.237
2024-02-20,SEK,11.2185
2024-02-21,SEK,11.2075
2024-02-22,SEK,11.174
2024-02-23,SEK,11.1545
2024-02-24,SEK,11.1545
2024-02-25,SEK,11.1545
2024-02-26,SEK,11.1675
2024-02-27,SEK,11.1805
2024-02-28,SEK,11.192
2024-02-29,SEK,11.215
2024-03-01,SEK,11.1948
2024-03-02,SEK,11.1948
2024-03-03,SEK,11.1948
2024-03-04,SEK,11.2424
2024-03-05,SEK,11.2803
2024-03-06,SEK,11.2555
2024-03-07,SEK,11.1944
2024-03-08,SEK,11.164
2024-03-09,SEK,11.164
2024-03-10,SEK,11.164
2024-03-11,SEK,11.1865
2024-03-12,SEK,11.173
2024-03-13,SEK,11.193
2024-03-14,SEK,11.2245
2024-03-15,SEK,11.2674
2024-03-16,SEK,11.2674
2024-03-17,SEK,11.2674
2024-03-18,SEK,11.3178
2024-03-19,SEK,11.3465
2024-03-20,SEK,11.3595
2024-03-21,SEK,11.3645
2024-03-22,SEK,11.4025
2024-03-23,SEK,11.4025
2024-03-24,SEK,11.4025
2024-03-25,SEK,11.457
2024-03-26,SEK,11.453
2024-03-27,SEK,11.506
2024-03-28,SEK,11.525
2024-03-29,SEK,11.525
2024-03-30,SEK,11.525
2024-03-31,SEK,11.525
2024-04-01,SEK,11.525
2024-04-02,SEK,11.5575
2024-04-03,SEK,11.575
2024-04-04,SEK,11.5105
2024-04-05,SEK,11.526
2024-04-06,SEK,11.526
2024-04-07,SEK,11.526
2024-04-08,SEK,11.4675
2024-04-09,SEK,11.4555
2024-04-10,SEK,11.4345
2024-04-11,SEK,11.531
2024-04-12,SEK,11.5699
2024-04-13,SEK,11.5699
2024-04-14,SEK,11.5699
2024-04-15,SEK,11.5583
2024-04-16,SEK,11.635
2024-04-17,SEK,11.6793
2024-04-18,SEK,11.637
2024-04-19,SEK,11.664
2024-04-20,SEK,11.664
2024-04-21,SEK,11.664
2024-04-22,SEK,11.6015
2024-04-23,SEK,11.603
2024-04-24,SEK,11.6225
2024-04-25,SEK,11.639
2024-04-26,SEK,11.7052
2024-04-27,SEK,11.7052
2024-04-28,SEK,11.7052
2024-04-29,SEK,11.685
2024-04-30,SEK,11.753
2024-05-01,SEK,11.753
2024-05-02,SEK,11.682
2024-05-03,SEK,11.6398
2024-05-04,SEK,11.6398
2024-05-05,SEK,11.6398
2024-05-06,SEK,11.625
2024-05-07,SEK,11.681
2024-05-08,SEK,11.733
2024-05-09,SEK,11.7205
2024-05-10,SEK,11.6865
2024-05-11,SEK,11.6865
2024-05-12,SEK,11.6865
2024-05-13,SEK,11.7
2024-05-14,SEK,11.7285
2024-05-15,SEK,11.6751
2024-05-16,SEK,11.6172
2024-05-17,SEK,11.655
2024-05-18,SEK,11.655
2024-05-19,SEK,11.655
2024-05-20,SEK,11.6127
2024-05-21,SEK,11.581
2024-05-22,SEK,11.6325
2024-05-23,SEK,11.5925
2024-05-24,SEK,11.599
2024-05-25,SEK,11.599
2024-05-26,SEK,11.599
2024-05-27,SEK,11.54
2024-05-28,SEK,11.466
2024-05-29,SEK,11.5215
2024-05-30,SEK,11.4995
2024-05-31,SEK,11.421
2024-06-01,SEK,11.421
2024-06-02,SEK,11.421
2024-06-03,SEK,11.4035
2024-06-04,SEK,11.3755
2024-06-05,SEK,11.3275
2024-06-06,SEK,11.293
2024-06-07,SEK,11.3075
2024-06-08,SEK,11.3075
2024-06-09,SEK,11.3075
2024-06-10,SEK,11.333
2024-06-11,SEK,11.2467
2024-06-12,SEK,11.2345
2024-06-13,SEK,11.221
2024-06-14,SEK,11.2731
2024-06-15,SEK,11.2731
2024-06-16,SEK,11.2731
2024-06-17,SEK,11.2933
2024-06-18,SEK,11.255
2024-06-19,SEK,11.214
2024-06-20,SEK,11.198
2024-06-21,SEK,11.2445
2024-06-22,SEK,11.2445
2024-06-23,SEK,11.2445
2024-06-24,SEK,11.2555
2024-06-25,SEK,11.2255
2024-06-26,SEK,11.3038
2024-06-27,SEK,11.338
2024-06-28,SEK,11.3595
2024-06-29,SEK,11.3595
2024-06-30,SEK,11.3595
2024-07-01,SEK,11.3675
2024-07-02,SEK,11.417
2024-07-03,SEK,11.371
2024-07-04,SEK,11.3375
2024-07-05,SEK,11.3605
2024-07-06,SEK,11.3605
2024-07-07,SEK,11.3605
2024-07-08,SEK,11.3805
2024-07-09,SEK,11.422
2024-07-10,SEK,11.4075
2024-07-11,SEK,11.419
2024-07-12,SEK,11.4965
2024-07-13,SEK,11.4965
2024-07-14,SEK,11.4965
2024-07-15,SEK,11.5375
2024-07-16,SEK,11.5545
2024-07-17,SEK,11.5085
2024-07-18,SEK,11.5338
2024-07-19,SEK,11.61
2024-07-20,SEK,11.61
2024-07-21,SEK,11.61
2024-07-22,SEK,11.6295
2024-07-23,SEK,11.6735
2024-07-24,SEK,11.6875
2024-07-25,SEK,11.774
2024-07-26,SEK,11.7325
2024-07-27,SEK,11.7325
2024-07-28,SEK,11.7325
2024-07-29,SEK,11.7265
2024-07-30,SEK,11.686
2024-07-31,SEK,11.6125
2024-08-01,SEK,11.522
2024-08-02,SEK,11.5843
2024-08-03,SEK,11.5843
2024-08-04,SEK,11.5843
2024-08-05,SEK,11.534
2024-08-06,SEK,11.559
2024-08-07,SEK,11.4235
2024-08-08,SEK,11.4955
2024-08-09,SEK,11.4955
2024-08-10,SEK,11.4955
2024-08-11,SEK,11.4955
2024-08-12,SEK,11.4935
2024-08-13,SEK,11.506
2024-08-14,SEK,11.4843
2024-08-15,SEK,11.5135
2024-08-16,SEK,11.5435
2024-08-17,SEK,11.5435
2024-08-18,SEK,11.5435
2024-08-19,SEK,11.4871
2024-08-20,SEK,11.3825
2024-08-21,SEK,11.378
2024-08-22,SEK,11.392
2024-08-23,SEK,11.4355
2024-08-24,SEK,11.4355
2024-08-25,SEK,11.4355
2024-08-26,SEK,11.403
2024-08-27,SEK,11.3758
2024-08-28,SEK,11.335
2024-08-29,SEK,11.3455
2024-08-30,SEK,11.3355
2024-08-31,SEK,11.3355
2024-09-01,SEK,11.3355
2024-09-02,SEK,11.351
2024-09-03,SEK,11.372
2024-09-04,SEK,11.411
2024-09-05,SEK,11.3995
2024-09-06,SEK,11.3698
2024-09-07,SEK,11.3698
2024-09-08,SEK,11.3698
2024-09-09,SEK,11.455
2024-09-10,SEK,11.4355
2024-09-11,SEK,11.435
2024-09-12,SEK,11.414
2024-09-13,SEK,11.3635
2024-09-14,SEK,11.3635
2024-09-15,SEK,11.3635
2024-09-16,SEK,11.3195
2024-09-17,SEK,11.3245
2024-09-18,SEK,11.324
2024-09-19,SEK,11.3175
2024-09-20,SEK,11.381
2024-09-21,SEK,11.381
2024-09-22,SEK,11.381
2024-09-23,SEK,11.362
2024-09-24,SEK,11.2935
2024-09-25,SEK,11.311
2024-09-26,SEK,11.3
2024-09-27,SEK,11.273
2024-09-28,SEK,11.273
2024-09-29,SEK,11.273
2024-09-30,SEK,11.3
2024-10-01,SEK,11.3145
2024-10-02,SEK,11.3495
2024-10-03,SEK,11.361
2024-10-04,SEK,11.3375
2024-10-05,SEK,11.3375
2024-10-06,SEK,11.3375
2024-10-07,SEK,11.366
2024-10-08,SEK,11.349
2024-10-09,SEK,11.362
2024-10-10,SEK,11.3655
2024-10-11,SEK,11.354
2024-10-12,SEK,11.354
2024-10-13,SEK,11.354
2024-10-14,SEK,11.3735
2024-10-15,SEK,11.301
2024-10-16,SEK,11.346
2024-10-17,SEK,11.418
2024-10-18,SEK,11.4205
2024-10-19,SEK,11.4205
2024-10-20,SEK,11.4205
2024-10-21,SEK,11.4275
2024-10-22,SEK,11.4005
2024-10-23,SEK,11.412
2024-10-24,SEK,11.419
2024-10-25,SEK,11.4475
2024-10-26,SEK,11.4475
2024-10-27,SEK,11.4475
2024-10-28,SEK,11.471
2024-10-29,SEK,11.517
2024-10-30,SEK,11.566
2024-10-31,SEK,11.6308
2024-11-01,SEK,11.6115
2024-11-02,SEK,11.6115
2024-11-03,SEK,11.6115
2024-11-04,SEK,11.6445
2024-11-05,SEK,11.6665
2024-11-06,SEK,11.6515
2024-11-07,SEK,11.599
2024-11-08,SEK,11.59
2024-11-09,SEK,11.59
2024-11-10,SEK,11.59
2024-11-11,SEK,11.592
2024-11-12,SEK,11.542
2024-11-13,SEK,11.5895
2024-11-14,SEK,11.603
2024-11-15,SEK,11.5905
2024-11-16,SEK,11.5905
2024-11-17,SEK,11.5905
2024-11-18,SEK,11.6
2024-11-19,SEK,11.584
2024-11-20,SEK,11.605
2024-11-21,SEK,11.607
2024-11-22,SEK,11.553
2024-11-23,SEK,11.553
2024-11-24,SEK,11.553
2024-11-25,SEK,11.503
2024-11-26,SEK,11.523
2024-11-27,SEK,11.529
2024-11-28,SEK,11.5375
2024-11-29,SEK,11.518
2024-11-30,SEK,11.518
2024-12-01,SEK,11.518
2024-12-02,SEK,11.527
2024-12-03,SEK,11.5755
2024-12-04,SEK,11.548
2024-12-05,SEK,11.5095
2024-12-06,SEK,11.523
2024-12-07,SEK,11.523
2024-12-08,SEK,11.523
2024-12-09,SEK,11.536
2024-12-10,SEK,11.5335
2024-12-11,SEK,11.5165
2024-12-12,SEK,11.5
2024-12-13,SEK,11.515
2024-12-14,SEK,11.515
2024-12-15,SEK,11.515
2024-12-16,SEK,11.4541
2024-12-17,SEK,11.472
2024-12-18,SEK,11.4895
2024-12-19,SEK,11.4625
2024-12-20,SEK,11.476
2024-12-21,SEK,11.476
2024-12-22,SEK,11.476
2024-12-23,SEK,11.484
2024-12-24,SEK,11.5335
2024-12-25,SEK,11.5335
2024-12-26,SEK,11.5335
2024-12-27,SEK,11.4795
2024-12-28,SEK,11.4795
2024-12-29,SEK,11.4795
2024-12-30,SEK,11.4865
2024-12-31,SEK,11.459
2025-01-01,SEK,11.459
2025-01-02,SEK,11.4223
2025-01-03,SEK,11.4395
2025-01-04,SEK,11.4395
2025-01-05,SEK,11.4395
2025-01-06,SEK,11.4645
2025-01-07,SEK,11.475
2025-01-08,SEK,11.5125
2025-01-09,SEK,11.4945
2025-01-10,SEK,11.497
2025-01-11,SEK,11.497
2025-01-12,SEK,11.497
2025-01-13,SEK,11.5055
2025-01-14,SEK,11.512
2025-01-15,SEK,11.5015
2025-01-16,SEK,11.485
2025-01-17,SEK,11.506
2025-01-18,SEK,11.506
2025-01-19,SEK,11.506
2025-01-20,SEK,11.4945
2025-01-21,SEK,11.475
2025-01-22,SEK,11.467
2025-01-23,SEK,11.4685
2025-01-24,SEK,11.459
2025-01-25,SEK,11.459
2025-01-26,SEK,11.459
2025-01-27,SEK,11.496
2025-01-28,SEK,11.478
2025-01-29,SEK,11.4555
2025-01-30,SEK,11.47
2025-01-31,SEK,11.474
2025-02-01,SEK,11.474
2025-02-02,SEK,11.474
2025-02-03,SEK,11.481
2025-02-04,SEK,11.418
2025-02-05,SEK,11.3583
2025-02-06,SEK,11.321
2025-02-07,SEK,11.2865
2025-02-08,SEK,11.2865
2025-02-09,SEK,11.2865
2025-02-10,SEK,11.2765
2025-02-11,SEK,11.2525
2025-02-12,SEK,11.2895
2025-02-13,SEK,11.2815
2025-02-14,SEK,11.2445
2025-02-15,SEK,11.2445
2025-02-16,SEK,11.2445
2025-02-17,SEK,11.216
2025-02-18,SEK,11.2115
2025-02-19,SEK,11.214
2025-02-20,SEK,11.166
2025-02-21,SEK,11.1425
2025-02-22,SEK,11.1425
2025-02-23,SEK,11.1425
2025-02-24,SEK,11.153
2025-02-25,SEK,11.1455
2025-02-26,SEK,11.143
2025-02-27,SEK,11.159
2025-02-28,SEK,11.188
2025-03-01,SEK,11.188
2025-03-02,SEK,11.188
2025-03-03,SEK,11.15
2025-03-04,SEK,11.0995
2025-03-05,SEK,11.0125
2025-03-06,SEK,10.962
2025-03-07,SEK,10.9715
2025-03-08,SEK,10.9715
2025-03-09,SEK,10.9715
2025-03-10,SEK,10.9695
2025-03-11,SEK,10.9815
2025-03-12,SEK,10.9765
2025-03-13,SEK,11.07
2025-03-14,SEK,11.0538
2025-03-15,SEK,11.0538
2025-03-16,SEK,11.0538
2025-03-17,SEK,11.0225
2025-03-18,SEK,10.997
2025-03-19,SEK,11.0025
2025-03-20,SEK,11.0295
2025-03-21,SEK,10.933
2025-03-22,SEK,10.933
2025-03-23,SEK,10.933
2025-03-24,SEK,10.957
2025-03-25,SEK,10.7975
2025-03-26,SEK,10.8395
2025-03-27,SEK,10.8235
2025-03-28,SEK,10.82
2025-03-29,SEK,10.82
2025-03-30,SEK,10.82
2025-03-31,SEK,10.849
2025-04-01,SEK,10.816
2025-04-02,SEK,10.764
2025-04-03,SEK,10.7205
2025-04-04,SEK,10.974
2025-04-05,SEK,10.974
2025-04-06,SEK,10.974
2025-04-07,SEK,11.078
2025-04-08,SEK,10.9775
2025-04-09,SEK,11.0715
2025-04-10,SEK,11.019
2025-04-11,SEK,11.1198
2025-04-12,SEK,11.1198
2025-04-13,SEK,11.1198
2025-04-14,SEK,11.0065
2025-04-15,SEK,11.0611
2025-04-16,SEK,11.155
2025-04-17,SEK,11.0278
2025-04-18,SEK,11.0278
2025-04-19,SEK,11.0278
2025-04-20,SEK,11.0278
2025-04-21,SEK,11.0278
2025-04-22,SEK,10.9153
2025-04-23,SEK,10.9395
2025-04-24,SEK,10.911
2025-04-25,SEK,11.0015
2025-04-26,SEK,11.0015
2025-04-27,SEK,11.0015
2025-04-28,SEK,10.997
2025-04-29,SEK,10.962
2025-04-30,SEK,10.9715
2025-05-01,SEK,10.9715
2025-05-02,SEK,10.9375
2025-05-03,SEK,10.9375
2025-05-04,SEK,10.9375
2025-05-05,SEK,10.9355
2025-05-06,SEK,10.88
2025-05-07,SEK,10.903
2025-05-08,SEK,10.903
2025-05-09,SEK,10.92
2025-05-10,SEK,10.92
2025-05-11,SEK,10.92
2025-05-12,SEK,10.8845
2025-05-13,SEK,10.8255
2025-05-14,SEK,10.854
2025-05-15,SEK,10.8875
2025-05-16,SEK,10.9327
2025-05-17,SEK,10.9327
2025-05-18,SEK,10.9327
2025-05-19,SEK,10.9015
2025-05-20,SEK,10.8835
2025-05-21,SEK,10.8445
2025-05-22,SEK,10.8485
2025-05-23,SEK,10.8348
2025-05-24,SEK,10.8348
2025-05-25,SEK,10.8348
2025-05-26,SEK,10.8335
2025-05-27,SEK,10.8785
2025-05-28,SEK,10.8735
2025-05-29,SEK,10.8695
2025-05-30,SEK,10.8735
2025-05-31,SEK,10.8735
2025-06-01,SEK,10.8735
2025-06-02,SEK,10.8535
2025-06-03,SEK,10.9245
2025-06-04,SEK,10.9475
2025-06-05,SEK,10.943
2025-06-06,SEK,10.959
2025-06-07,SEK,10.959
2025-06-08,SEK,10.959
2025-06-09,SEK,10.97
2025-06-10,SEK,10.946
2025-06-11,SEK,10.9845
2025-06-12,SEK,10.9355
2025-06-13,SEK,10.9635
2025-06-14,SEK,10.9635
2025-06-15,SEK,10.9635
2025-06-16,SEK,10.9615
2025-06-17,SEK,10.948
2025-06-18,SEK,11.027
2025-06-19,SEK,11.067
2025-06-20,SEK,11.125
2025-06-21,SEK,11.125
2025-06-22,SEK,11.125
2025-06-23,SEK,11.1635
2025-06-24,SEK,11.063
2025-06-25,SEK,11.06
2025-06-26,SEK,11.091
2025-06-27,SEK,11.1183
2025-06-28,SEK,11.1183
2025-06-29,SEK,11.1183
2025-06-30,SEK,11.1465
2025-07-01,SEK,11.159
2025-07-02,SEK,11.2005
2025-07-03,SEK,11.2515
2025-07-04,SEK,11.2505
2025-07-05,SEK,11.2505
2025-07-06,SEK,11.2505
2025-07-07,SEK,11.1645
2025-07-08,SEK,11.1695
2025-07-09,SEK,11.1645
2025-07-10,SEK,11.152
2025-07-11,SEK,11.148
2025-07-12,SEK,11.148
2025-07-13,SEK,11.148
2025-07-14,SEK,11.205
2025-07-15,SEK,11.27
2025-07-16,SEK,11.3195
2025-07-17,SEK,11.311
2025-07-18,SEK,11.2505
2025-07-19,SEK,11.2505
2025-07-20,SEK,11.2505
2025-07-21,SEK,11.212
2025-07-22,SEK,11.211
2025-07-23,SEK,11.164
2025-07-24,SEK,11.185
2025-07-25,SEK,11.1665
2025-07-26,SEK,11.1665
2025-07-27,SEK,11.1665
2025-07-28,SEK,11.1545
2025-07-29,SEK,11.156
2025-07-30,SEK,11.1435
2025-07-31,SEK,11.1575
2025-08-01,SEK,11.1965
2025-08-02,SEK,11.1965
2025-08-03,SEK,11.1965
2025-08-04,SEK,11.1825
2025-08-05,SEK,11.173
2025-08-06,SEK,11.1955
2025-08-07,SEK,11.1945
2025-08-08,SEK,11.178
2025-08-09,SEK,11.178
2025-08-10,SEK,11.178
2025-08-11,SEK,11.182
2025-08-12,SEK,11.192
2025-08-13,SEK,11.1575
2025-08-14,SEK,11.182
2025-08-15,SEK,11.1775
2025-08-16,SEK,11.1775
2025-08-17,SEK,11.1775
2025-08-18,SEK,11.157
2025-08-19,SEK,11.158
2025-08-20,SEK,11.177
2025-08-21,SEK,11.164
2025-08-22,SEK,11.1775
2025-08-23,SEK,11.1775
2025-08-24,SEK,11.1775
2025-08-25,SEK,11.1345
2025-08-26,SEK,11.1565
2025-08-27,SEK,11.116
2025-08-28,SEK,11.0735
2025-08-29,SEK,11.055
2025-08-30,SEK,11.055
2025-08-31,SEK,11.055
2025-09-01,SEK,11.012
2025-09-02,SEK,11.003
2025-09-03,SEK,11.0015
2025-09-04,SEK,11.0185
2025-09-05,SEK,11.001
2025-09-06,SEK,11.001
2025-09-07,SEK,11.001
2025-09-08,SEK,11.0005
2025-09-09,SEK,11.0018
2025-09-10,SEK,10.951
2025-09-11,SEK,10.9515
2025-09-12,SEK,10.9485
2025-09-13,SEK,10.9485
2025-09-14,SEK,10.9485
2025-09-15,SEK,10.9115
2025-09-16,SEK,10.9305
2025-09-17,SEK,10.9635
2025-09-18,SEK,10.998
2025-09-19,SEK,11.0705
2025-09-20,SEK,11.0705
2025-09-21,SEK,11.0705
2025-09-22,SEK,11.0495
2025-09-23,SEK,10.9887
2025-09-24,SEK,11.035
2025-09-25,SEK,11.0485
2025-09-26,SEK,11.037
2025-09-27,SEK,11.037
2025-09-28,SEK,11.037
2025-09-29,SEK,11.03
2025-09-30,SEK,11.0565
2025-10-01,SEK,11.0355
2025-10-02,SEK,11.0025
2025-10-03,SEK,11.003
2025-10-04,SEK,11.003
2025-10-05,SEK,11.003
2025-10-06,SEK,10.988
2025-10-07,SEK,10.9495
2025-10-08,SEK,10.9635
2025-10-09,SEK,10.987
2025-10-10,SEK,11.008
2025-10-11,SEK,11.008
2025-10-12,SEK,11.008
2025-10-13,SEK,11.013
2025-10-14,SEK,11.038
2025-10-15,SEK,11.0195
2025-10-16,SEK,11.013
2025-10-17,SEK,11.03
2025-10-18,SEK,11.03
2025-10-19,SEK,11.03
2025-10-20,SEK,10.99
2025-10-21,SEK,10.9345
2025-10-22,SEK,10.916
2025-10-23,SEK,10.9193
2025-10-24,SEK,10.904
2025-10-25,SEK,10.904
2025-10-26,SEK,10.904
2025-10-27,SEK,10.912
2025-10-28,SEK,10.921
2025-10-29,SEK,10.896
2025-10-30,SEK,10.94
2025-10-31,SEK,10.925
2025-11-01,SEK,10.925
2025-11-02,SEK,10.925
2025-11-03,SEK,10.935
2025-11-04,SEK,10.9865
2025-11-05,SEK,11.0175
2025-11-06,SEK,10.99
2025-11-07,SEK,11.046
2025-11-08,SEK,11.046
2025-11-09,SEK,11.046
2025-11-10,SEK,10.987
2025-11-11,SEK,10.973
2025-11-12,SEK,10.9395
2025-11-13,SEK,10.9405
2025-11-14,SEK,10.9835
2025-11-15,SEK,10.9835
2025-11-16,SEK,10.9835
2025-11-17,SEK,10.9635
2025-11-18,SEK,10.997
2025-11-19,SEK,10.992
2025-11-20,SEK,10.9995
2025-11-21,SEK,11.026
2025-11-22,SEK,11.026
2025-11-23,SEK,11.026
2025-11-24,SEK,11.006
2025-11-25,SEK,11.048
2025-11-26,SEK,11.0345
2025-11-27,SEK,10.9945
2025-11-28,SEK,10.9695
2025-11-29,SEK,10.9695
2025-11-30,SEK,10.9695
2025-12-01,SEK,10.963
2025-12-02,SEK,10.9865
2025-12-03,SEK,10.955
2025-12-04,SEK,10.967
2025-12-05,SEK,10.959
2025-12-06,SEK,10.959
2025-12-07,SEK,10.959
2025-12-08,SEK,10.9495
2025-12-09,SEK,10.9015
2025-12-10,SEK,10.858
2025-12-11,SEK,10.845
2025-12-12,SEK,10.8865
2025-12-13,SEK,10.8865
2025-12-14,SEK,10.8865
2025-12-15,SEK,10.9155
2025-12-16,SEK,10.942
2025-12-17,SEK,10.936
2025-12-18,SEK,10.9015
2025-12-19,SEK,10.904
2025-12-20,SEK,10.904
2025-12-21,SEK,10.904
2025-12-22,SEK,10.856
2025-12-23,SEK,10.82
2025-12-24,SEK,10.8055
2025-12-25,SEK,10.8055
2025-12-26,SEK,10.8055
2025-12-27,SEK,10.8055
2025-12-28,SEK,10.8055
2025-12-29,SEK,10.816
2025-12-30,SEK,10.818
2025-12-31,SEK,10.8215
