product_id,product_name,category,brand,unit_cost_eur,unit_price_eur,launch_date
PROD00001,Beauty Item 1, BEAUTY & HEALTH ,Solari,31.72,53.62,2023-05-26
PROD00002,Grocery Item 2,Grocery,Kavea,10.73,27.09,2023-01-13
PROD00003,Sports Item 3,Sports & Outdoors,Terravue,26.88,62.45,2022-06-03
PROD00004,Books Item 4,books & media,Solari,8.88,18.8,2023-10-07
PROD00005,Toys Item 5, TOYS & KIDS ,Nordwell,30.64,83.49,2022-11-12
PROD00006,Electronics Item 6,Electronics  ,Kavea,25.88,55.34,2023-03-28
PROD00007,Beauty Item 7,Beauty & Health,Nordwell,26.22,64.26,2021-11-12
PROD00008,Toys Item 8,toys & kids,Rovelle,33.86,79.13,2023-01-27
PROD00009,Home Item 9, HOME & GARDEN ,Kavea,219.86,355.35,2023-02-17
PROD00010,Fashion Item 10, FASHION ,Terravue,30.35,72.43,2023-06-15
PROD00011,Beauty Item 11,Beauty & Health,Rovelle,16.87,39.96,2021-07-27
PROD00012,Toys Item 12,Toys & Kids,Lindmark,49.41,82.65,2022-01-03
PROD00013,Books Item 13,Books & Media,Rovelle,18.87,31.6,2023-08-27
PROD00014,Beauty Item 14, BEAUTY & HEALTH ,Solari,15.38,38.74,2023-09-15
PROD00015,Beauty Item 15, BEAUTY & HEALTH ,Kavea,31.03,67.73,2023-05-16
PROD00016,Sports Item 16,Sports & Outdoors,Rovelle,103.01,238.89,2022-06-03
PROD00017,Fashion Item 17,Fashion  ,Lindmark,17.53,27.06,2021-09-29
PROD00018,Toys Item 18,Toys & Kids,Terravue,15.39,23.81,2022-05-18
PROD00019,Toys Item 19,Toys & Kids  ,Lindmark,69.05,117.41,2023-10-04
PROD00020,Sports Item 20,Sports & Outdoors,Terravue,122.92,234.88,2023-09-16
PROD00021,Home Item 21,Home & Garden,Lindmark,151.8,347.51,2022-12-29
PROD00022,Toys Item 22,Toys & Kids,Nordwell,31.78,59.32,2022-12-14
PROD00023,Home Item 23,home & garden,Solari,80.91,169.19,2023-08-25
PROD00024,Beauty Item 24,Beauty & Health  ,Lindmark,17.17,33.07,2021-11-29
PROD00025,Electronics Item 25,Electronics,Solari,315.75,769.25,2023-09-27
PROD00026,Sports Item 26,Sports & Outdoors,Solari,182.52,327.84,2021-12-12
PROD00027,Home Item 27,Home & Garden  ,Solari,170.94,330.72,2022-03-20
PROD00028,Toys Item 28,Toys & Kids,Terravue,33.66,94.86,2021-10-12
PROD00029,Electronics Item 29,Electronics,Terravue,268.3,741.08,2023-06-08
PROD00030,Fashion Item 30,Fashion,Solari,127.5,196.88,2023-05-19
PROD00031,Sports Item 31, SPORTS & OUTDOORS ,Nordwell,46.01,111.39,2022-10-17
PROD00032,Fashion Item 32,fashion,Nordwell,72.72,170.73,2022-02-14
PROD00033,Toys Item 33,Toys & Kids,Nordwell,39.86,104.67,2023-01-08
PROD00034,Beauty Item 34, BEAUTY & HEALTH ,Nordwell,10.11,15.71,2023-02-02
PROD00035,Electronics Item 35,Electronics,Lindmark,371.27,614.61,2021-12-03
PROD00036,Fashion Item 36,Fashion,Lindmark,43.19,78.11,2021-11-04
PROD00037,Books Item 37,Books & Media,Lindmark,15.06,28.36,2021-10-07
PROD00038,Toys Item 38,Toys & Kids  ,Rovelle,43.8,83.81,2021-12-08
PROD00039,Books Item 39,books & media,Kavea,9.34,21.59,2023-01-26
PROD00040,Fashion Item 40,Fashion,Terravue,71.62,171.4,2022-03-31
PROD00041,Fashion Item 41, FASHION ,Lindmark,65.26,155.39,2022-03-30
PROD00042,Sports Item 42,Sports & Outdoors  ,Nordwell,128.24,223.36,2022-01-01
PROD00043,Fashion Item 43,Fashion,Terravue,20.58,55.93,2023-11-09
PROD00044,Books Item 44,Books & Media,Terravue,4.98,9.37,2022-02-14
PROD00045,Books Item 45,Books & Media,Nordwell,,38.83,2021-10-22
PROD00046,Home Item 46,home & garden,Kavea,133.81,295.79,2021-11-05
PROD00047,Fashion Item 47,Fashion,Solari,69.46,110.49,2022-07-05
PROD00048,Home Item 48,home & garden,Nordwell,67.63,138.13,2022-07-09
PROD00049,Toys Item 49,Toys & Kids,Rovelle,2.83,7.56,2021-09-23
PROD00050,Books Item 50,Books & Media,Lindmark,5.23,14.6,2023-07-06
PROD00051,Electronics Item 51,Electronics,Terravue,275.97,577.45,2022-04-25
PROD00052,Fashion Item 52,Fashion,Nordwell,50.34,125.11,2023-04-11
PROD00053,Home Item 53,Home & Garden,Terravue,68.1,124.01,2022-02-22
PROD00054,Toys Item 54,Toys & Kids,Solari,42.37,116.04,2022-08-23
PROD00055,Electronics Item 55,Electronics,Solari,420.59,804.09,2023-10-16
PROD00056,Grocery Item 56,Grocery,Kavea,10.31,20.61,2022-03-12
PROD00057,Grocery Item 57,Grocery,Kavea,1.62,4.29,2022-05-12
PROD00058,Grocery Item 58,Grocery,Solari,9.87,21.83,2023-09-03
PROD00059,Sports Item 59,Sports & Outdoors  ,Terravue,152.0,322.04,2022-12-28
PROD00060,Electronics Item 60,Electronics,Solari,84.87,150.37,2022-06-22
PROD00061,Books Item 61, BOOKS & MEDIA ,Rovelle,8.14,16.03,2022-05-16
PROD00062,Electronics Item 62,electronics,Solari,394.12,635.6,2022-09-30
PROD00063,Toys Item 63,Toys & Kids,Rovelle,53.25,96.31,2021-08-31
PROD00064,Books Item 64,Books & Media,Lindmark,20.19,31.86,2023-10-21
PROD00065,Electronics Item 65,electronics,Nordwell,99.44,283.85,2021-11-16
PROD00066,Toys Item 66,Toys & Kids,Terravue,15.37,37.0,2023-10-27
PROD00067,Fashion Item 67,Fashion,Kavea,80.47,148.99,2022-12-05
PROD00068,Books Item 68,Books & Media,Solari,10.05,28.33,2022-07-17
PROD00069,Grocery Item 69,Grocery,Rovelle,11.65,26.05,2021-12-19
PROD00070,Beauty Item 70, BEAUTY & HEALTH ,Rovelle,31.81,61.53,2023-10-10
PROD00071,Books Item 71,Books & Media,Solari,7.05,18.05,2023-11-09
PROD00072,Fashion Item 72,Fashion,Terravue,17.88,29.83,2022-05-12
PROD00073,Books Item 73, BOOKS & MEDIA ,Kavea,22.7,41.65,2022-04-08
PROD00074,Sports Item 74,Sports & Outdoors,Rovelle,22.1,46.96,2023-09-12
PROD00075,Electronics Item 75,electronics,Nordwell,387.05,662.82,2023-07-31
PROD00076,Sports Item 76,Sports & Outdoors,Lindmark,18.19,51.96,2021-10-10
PROD00077,Toys Item 77,Toys & Kids,Lindmark,39.84,87.18,2021-11-27
PROD00078,Sports Item 78,Sports & Outdoors  ,Lindmark,34.68,98.01,2023-07-31
PROD00079,Sports Item 79,Sports & Outdoors,Lindmark,117.81,194.62,2022-11-27
PROD00080,Beauty Item 80,Beauty & Health  ,Solari,44.9,86.4,2022-04-09
PROD00081,Toys Item 81,Toys & Kids,Terravue,24.28,64.65,2023-04-26
PROD00082,Electronics Item 82,Electronics,Kavea,234.44,505.26,2023-07-26
PROD00083,Books Item 83,Books & Media,Lindmark,13.48,28.89,2022-06-28
PROD00084,Books Item 84,Books & Media,Lindmark,5.24,13.85,2022-10-05
PROD00085,Toys Item 85,Toys & Kids,Terravue,15.88,41.9,2023-06-15
PROD00086,Toys Item 86,Toys & Kids,Terravue,16.91,26.17,2023-05-26
PROD00087,Home Item 87,Home & Garden,Solari,92.79,182.09,2023-12-01
PROD00088,Fashion Item 88,Fashion,Solari,125.49,193.46,2023-05-02
PROD00089,Electronics Item 89,Electronics,Lindmark,317.58,534.88,2022-09-21
PROD00090,Sports Item 90,Sports & Outdoors,Rovelle,54.12,122.51,2022-10-09
PROD00091,Grocery Item 91,Grocery,Lindmark,8.44,15.29,2023-02-20
PROD00092,Toys Item 92,Toys & Kids,Solari,37.24,83.77,2023-03-02
PROD00093,Sports Item 93,Sports & Outdoors,Lindmark,30.77,57.02,2023-07-05
PROD00094,Fashion Item 94,fashion,Terravue,19.35,36.95,2022-07-31
PROD00095,Toys Item 95,Toys & Kids,Terravue,47.64,85.05,2022-12-30
PROD00096,Home Item 96,Home & Garden,Terravue,185.61,303.36,2023-02-24
PROD00097,Grocery Item 97,Grocery,Nordwell,10.53,18.5,2023-09-28
PROD00098,Sports Item 98,Sports & Outdoors,Rovelle,89.84,221.28,2023-06-25
PROD00099,Books Item 99,Books & Media,Nordwell,2.2,5.05,2022-02-03
PROD00100,Fashion Item 100,Fashion,Lindmark,55.14,103.04,2023-03-14
PROD00101,Toys Item 101,toys & kids,Lindmark,42.07,102.9,2021-09-17
PROD00102,Toys Item 102, TOYS & KIDS ,Kavea,12.98,20.31,2022-09-12
PROD00103,Sports Item 103,Sports & Outdoors,Lindmark,23.95,48.52,2022-06-08
PROD00104,Books Item 104,books & media,Terravue,,28.01,2021-08-26
PROD00105,Electronics Item 105,Electronics,Solari,36.81,100.28,2022-07-04
PROD00106,Home Item 106, HOME & GARDEN ,Nordwell,25.94,49.35,2023-05-20
PROD00107,Electronics Item 107, ELECTRONICS ,Terravue,210.61,501.3,2022-08-03
PROD00108,Home Item 108,home & garden,Kavea,153.78,258.01,2022-06-14
PROD00109,Sports Item 109,Sports & Outdoors,Terravue,13.01,26.05,2021-10-03
PROD00110,Home Item 110,Home & Garden,Rovelle,118.43,278.21,2022-04-30
PROD00111,Sports Item 111,Sports & Outdoors,Terravue,61.97,116.03,2023-09-09
PROD00112,Electronics Item 112,electronics,Solari,480.72,810.69,2023-01-29
PROD00113,Electronics Item 113, ELECTRONICS ,Kavea,304.59,535.24,2022-09-09
PROD00114,Beauty Item 114,Beauty & Health,Lindmark,19.53,36.01,2021-10-29
PROD00115,Grocery Item 115, GROCERY ,Kavea,7.07,17.38,2023-02-26
PROD00116,Books Item 116,Books & Media,Kavea,16.94,32.77,2023-06-28
PROD00117,Books Item 117, BOOKS & MEDIA ,Rovelle,11.66,18.7,2023-03-04
PROD00118,Books Item 118,Books & Media,Solari,2.16,4.86,2023-10-14
PROD00119,Toys Item 119,Toys & Kids,Rovelle,7.24,12.48,2021-09-11
PROD00120,Sports Item 120,Sports & Outdoors,Nordwell,112.04,249.31,2021-12-25
PROD00121,Home Item 121,Home & Garden,Kavea,127.91,272.86,2021-11-06
PROD00122,Home Item 122,Home & Garden,Kavea,148.04,304.45,2023-06-11
PROD00123,Fashion Item 123,Fashion,Kavea,60.89,96.58,2021-11-23
PROD00124,Beauty Item 124,Beauty & Health,Nordwell,10.16,26.32,2022-08-25
PROD00125,Toys Item 125,Toys & Kids,Lindmark,46.55,72.64,2023-06-23
PROD00126,Books Item 126,books & media,Kavea,7.18,19.49,2022-03-21
PROD00127,Toys Item 127,Toys & Kids,Terravue,22.42,44.68,2023-02-10
PROD00128,Books Item 128, BOOKS & MEDIA ,Lindmark,5.82,10.64,2021-08-02
PROD00129,Electronics Item 129,Electronics,Kavea,436.01,898.03,2021-09-23
PROD00130,Fashion Item 130,Fashion,Nordwell,39.73,84.49,2022-11-14
PROD00131,Toys Item 131, TOYS & KIDS ,Lindmark,11.76,19.13,2023-02-22
PROD00132,Sports Item 132, SPORTS & OUTDOORS ,Kavea,70.96,152.21,2023-06-16
PROD00133,Toys Item 133,toys & kids,Nordwell,39.19,81.2,2023-02-23
PROD00134,Home Item 134,Home & Garden,Terravue,96.57,262.11,2022-06-21
PROD00135,Toys Item 135,Toys & Kids,Rovelle,62.43,98.76,2022-09-03
PROD00136,Books Item 136,Books & Media,Kavea,19.47,30.6,2023-10-26
PROD00137,Grocery Item 137, GROCERY ,Kavea,3.45,7.0,2022-03-15
PROD00138,Sports Item 138,Sports & Outdoors,Terravue,112.99,215.41,2021-07-30
PROD00139,Sports Item 139,sports & outdoors,Rovelle,66.67,147.69,2022-01-28
PROD00140,Grocery Item 140, GROCERY ,Rovelle,2.89,6.19,2023-06-07
PROD00141,Home Item 141,Home & Garden,Lindmark,40.93,71.76,2022-03-15
PROD00142,Electronics Item 142,Electronics,Terravue,76.36,207.73,2023-08-09
PROD00143,Toys Item 143,toys & kids,Lindmark,36.46,68.97,2023-07-28
PROD00144,Electronics Item 144,Electronics,Nordwell,412.16,787.92,2022-12-26
PROD00145,Sports Item 145,Sports & Outdoors,Solari,76.09,128.77,2022-03-13
PROD00146,Sports Item 146,sports & outdoors,Nordwell,72.74,194.61,2022-01-26
PROD00147,Sports Item 147,Sports & Outdoors,Rovelle,126.51,203.26,2022-12-07
PROD00148,Toys Item 148,Toys & Kids,Lindmark,22.46,51.18,2023-03-17
PROD00149,Fashion Item 149,fashion,Kavea,15.87,40.13,2021-11-14
PROD00150,Grocery Item 150,Grocery  ,Rovelle,8.61,16.28,2022-02-06
PROD00151,Toys Item 151,Toys & Kids,Lindmark,9.6,15.19,2023-06-30
PROD00152,Beauty Item 152,Beauty & Health,Lindmark,36.39,69.19,2022-11-16
PROD00153,Toys Item 153,Toys & Kids,Terravue,37.57,100.44,2021-09-19
PROD00154,Toys Item 154,Toys & Kids,Lindmark,32.54,60.36,2022-07-21
PROD00155,Toys Item 155,Toys & Kids,Nordwell,58.78,100.47,2022-10-16
PROD00156,Electronics Item 156,electronics,Lindmark,169.09,267.44,2023-03-09
PROD00157,Fashion Item 157,Fashion,Rovelle,22.12,36.11,2023-04-28
PROD00158,Sports Item 158,Sports & Outdoors,Kavea,,340.18,2023-08-20
PROD00159,Sports Item 159,Sports & Outdoors,Lindmark,92.72,256.06,2022-09-03
PROD00160,Fashion Item 160,fashion,Rovelle,48.03,95.14,2022-07-20
PROD00161,Beauty Item 161,Beauty & Health,Nordwell,34.28,54.35,2021-12-02
PROD00162,Toys Item 162,Toys & Kids,Nordwell,40.86,82.64,2023-04-25
PROD00163,Grocery Item 163,Grocery,Kavea,18.24,28.72,2022-10-16
PROD00164,Electronics Item 164, ELECTRONICS ,Nordwell,28.57,44.31,2021-08-10
PROD00165,Books Item 165, BOOKS & MEDIA ,Nordwell,4.48,7.53,2022-03-12
PROD00166,Electronics Item 166,Electronics,Nordwell,105.32,270.29,2022-09-10
PROD00167,Electronics Item 167,Electronics,Rovelle,222.64,409.87,2022-02-09
PROD00168,Sports Item 168,Sports & Outdoors,Rovelle,51.57,140.76,2021-12-15
PROD00169,Home Item 169,Home & Garden,Kavea,150.83,242.99,2023-08-24
PROD00170,Books Item 170,Books & Media,Solari,8.18,19.71,2021-09-06
PROD00171,Toys Item 171,Toys & Kids,Solari,20.58,56.45,2021-10-04
PROD00172,Books Item 172,Books & Media,Terravue,22.51,37.64,2023-05-14
PROD00173,Books Item 173,Books & Media,Solari,12.82,28.11,2022-01-12
PROD00174,Toys Item 174,Toys & Kids,Lindmark,50.18,97.18,2022-07-20
PROD00175,Electronics Item 175,Electronics,Solari,403.33,747.69,2023-04-27
PROD00176,Sports Item 176,Sports & Outdoors,Solari,146.76,277.13,2022-12-14
PROD00177,Fashion Item 177,Fashion,Lindmark,,96.97,2023-02-27
PROD00178,Beauty Item 178, BEAUTY & HEALTH ,Rovelle,27.1,50.99,2023-01-19
PROD00179,Home Item 179,Home & Garden,Kavea,50.77,94.43,2023-04-14
PROD00180,Books Item 180,Books & Media,Terravue,11.13,27.44,2023-01-15
PROD00181,Grocery Item 181,Grocery,Terravue,2.11,3.97,2022-09-06
PROD00182,Fashion Item 182,Fashion,Kavea,86.39,170.38,2023-11-10
PROD00183,Beauty Item 183,Beauty & Health,Terravue,,24.28,2023-10-11
PROD00184,Grocery Item 184,Grocery,Solari,2.24,4.64,2021-10-01
PROD00185,Books Item 185,Books & Media,Lindmark,4.34,10.7,2022-10-29
PROD00186,Electronics Item 186,Electronics,Kavea,94.14,202.01,2022-01-16
PROD00187,Books Item 187,books & media,Terravue,2.86,6.1,2022-04-06
PROD00188,Sports Item 188,Sports & Outdoors,Nordwell,91.55,184.96,2022-07-02
PROD00189,Books Item 189,Books & Media,Lindmark,11.85,19.69,2021-08-25
PROD00190,Home Item 190,Home & Garden,Solari,32.6,64.97,2023-06-15
PROD00191,Fashion Item 191,fashion,Terravue,8.55,23.03,2023-06-23
PROD00192,Books Item 192, BOOKS & MEDIA ,Nordwell,14.31,27.53,2021-09-15
PROD00193,Home Item 193,Home & Garden,Lindmark,182.21,352.19,2022-10-25
PROD00194,Toys Item 194,Toys & Kids,Kavea,42.08,115.42,2023-02-26
PROD00195,Books Item 195,Books & Media,Terravue,2.91,8.02,2022-11-14
PROD00196,Toys Item 196,toys & kids,Nordwell,13.9,27.12,2023-08-25
PROD00197,Toys Item 197, TOYS & KIDS ,Rovelle,28.95,79.6,2023-05-24
PROD00198,Electronics Item 198,Electronics,Solari,513.89,852.72,2022-05-16
PROD00199,Fashion Item 199,Fashion,Solari,26.98,72.29,2021-11-23
PROD00200,Books Item 200,Books & Media,Nordwell,4.26,10.97,2023-02-19
PROD00201,Grocery Item 201,Grocery,Kavea,3.07,6.07,2023-07-18
PROD00202,Home Item 202, HOME & GARDEN ,Nordwell,47.74,104.37,2022-06-16
PROD00203,Beauty Item 203,beauty & health,Kavea,49.48,89.11,2023-10-02
PROD00204,Fashion Item 204, FASHION ,Rovelle,82.2,209.29,2023-05-04
PROD00205,Books Item 205, BOOKS & MEDIA ,Nordwell,10.16,19.67,2021-09-27
PROD00206,Books Item 206,Books & Media,Rovelle,2.51,7.15,2023-10-16
PROD00207,Electronics Item 207,Electronics,Terravue,331.84,611.63,2022-09-13
PROD00208,Fashion Item 208,Fashion,Solari,47.84,96.27,2022-11-11
PROD00209,Home Item 209,Home & Garden,Kavea,,170.85,2022-09-27
PROD00210,Grocery Item 210,Grocery,Nordwell,5.27,13.07,2023-05-27
PROD00211,Fashion Item 211,Fashion,Nordwell,19.54,30.67,2022-06-14
PROD00212,Books Item 212,Books & Media,Terravue,16.24,28.57,2022-07-07
PROD00213,Books Item 213,Books & Media,Solari,7.92,16.93,2021-08-08
PROD00214,Home Item 214,Home & Garden,Kavea,38.24,100.87,2021-09-09
PROD00215,Books Item 215,books & media,Rovelle,6.68,11.34,2023-08-13
PROD00216,Fashion Item 216,Fashion,Kavea,78.28,152.28,2021-12-31
PROD00217,Beauty Item 217,Beauty & Health,Nordwell,28.44,45.38,2023-03-21
PROD00218,Electronics Item 218,Electronics,Terravue,38.49,88.64,2022-07-22
PROD00219,Electronics Item 219,electronics,Solari,193.66,331.2,2022-01-24
PROD00220,Fashion Item 220,Fashion,Lindmark,92.22,218.43,2023-10-09
